2026-08-17 15:44:48,525 [INFO] Logging to: /home/user/mujoco+evo/ckpt/evo1_mujoco_pickplace_stage1/train_log_20260817_154448.log
2026-08-17 15:44:49,552 [INFO] Loaded 13292 samples from None (lerobot)
2026-08-17 15:44:49,552 [INFO] Initialized dataloader with batch size 16
2026-08-17 15:44:50,753 [INFO] vision_select_layer: -1
2026-08-17 15:44:50,754 [INFO] ps_version: v2
2026-08-17 15:44:50,754 [INFO] min_dynamic_patch: 1
2026-08-17 15:44:50,755 [INFO] max_dynamic_patch: 12
2026-08-17 15:44:51,331 [INFO] num_image_token: 256
2026-08-17 15:44:51,331 [INFO] ps_version: v2
2026-08-17 15:44:53,069 [INFO] Optimizer=AdamW, lr=1e-05, weight_decay=0.001
2026-08-17 15:44:53,245 [INFO] Initialized with Accelerate
2026-08-17 15:44:53,246 [INFO] Starting fresh training
2026-08-17 15:44:53,246 [INFO] 
 Parameter Inspection by Module:
2026-08-17 15:44:53,246 [INFO] ======================================================================
2026-08-17 15:44:53,247 [INFO] 
 Module: vision_model
2026-08-17 15:44:53,247 [INFO] ----------------------------------------------------------------------
2026-08-17 15:44:53,247 [INFO] Frozen embeddings.class_embedding                              | shape: (1, 1, 1024)         |   0.00M
2026-08-17 15:44:53,247 [INFO] Frozen embeddings.position_embedding                           | shape: (1, 1025, 1024)      |   1.05M
2026-08-17 15:44:53,248 [INFO] Frozen embeddings.patch_embedding.weight                       | shape: (1024, 3, 14, 14)    |   0.60M
2026-08-17 15:44:53,248 [INFO] Frozen embeddings.patch_embedding.bias                         | shape: (1024,)              |   0.00M
2026-08-17 15:44:53,248 [INFO] Frozen encoder.layers.0.ls1                                    | shape: (1024,)              |   0.00M
2026-08-17 15:44:53,248 [INFO] Frozen encoder.layers.0.ls2                                    | shape: (1024,)              |   0.00M
2026-08-17 15:44:53,248 [INFO] Frozen encoder.layers.0.attn.qkv.weight                        | shape: (3072, 1024)         |   3.15M
2026-08-17 15:44:53,249 [INFO] Frozen encoder.layers.0.attn.qkv.bias                          | shape: (3072,)              |   0.00M
2026-08-17 15:44:53,249 [INFO] Frozen encoder.layers.0.attn.proj.weight                       | shape: (1024, 1024)         |   1.05M
2026-08-17 15:44:53,249 [INFO] Frozen encoder.layers.0.attn.proj.bias                         | shape: (1024,)              |   0.00M
2026-08-17 15:44:53,249 [INFO] Frozen encoder.layers.0.mlp.fc1.weight                         | shape: (4096, 1024)         |   4.19M
2026-08-17 15:44:53,249 [INFO] Frozen encoder.layers.0.mlp.fc1.bias                           | shape: (4096,)              |   0.00M
2026-08-17 15:44:53,250 [INFO] Frozen encoder.layers.0.mlp.fc2.weight                         | shape: (1024, 4096)         |   4.19M
2026-08-17 15:44:53,250 [INFO] Frozen encoder.layers.0.mlp.fc2.bias                           | shape: (1024,)              |   0.00M
2026-08-17 15:44:53,250 [INFO] Frozen encoder.layers.0.norm1.weight                           | shape: (1024,)              |   0.00M
2026-08-17 15:44:53,250 [INFO] Frozen encoder.layers.0.norm1.bias                             | shape: (1024,)              |   0.00M
2026-08-17 15:44:53,251 [INFO] Frozen encoder.layers.0.norm2.weight                           | shape: (1024,)              |   0.00M
2026-08-17 15:44:53,251 [INFO] Frozen encoder.layers.0.norm2.bias                             | shape: (1024,)              |   0.00M
2026-08-17 15:44:53,251 [INFO] Frozen encoder.layers.1.ls1                                    | shape: (1024,)              |   0.00M
2026-08-17 15:44:53,251 [INFO] Frozen encoder.layers.1.ls2                                    | shape: (1024,)              |   0.00M
2026-08-17 15:44:53,252 [INFO] Frozen encoder.layers.1.attn.qkv.weight                        | shape: (3072, 1024)         |   3.15M
2026-08-17 15:44:53,252 [INFO] Frozen encoder.layers.1.attn.qkv.bias                          | shape: (3072,)              |   0.00M
2026-08-17 15:44:53,252 [INFO] Frozen encoder.layers.1.attn.proj.weight                       | shape: (1024, 1024)         |   1.05M
2026-08-17 15:44:53,252 [INFO] Frozen encoder.layers.1.attn.proj.bias                         | shape: (1024,)              |   0.00M
2026-08-17 15:44:53,253 [INFO] Frozen encoder.layers.1.mlp.fc1.weight                         | shape: (4096, 1024)         |   4.19M
2026-08-17 15:44:53,253 [INFO] Frozen encoder.layers.1.mlp.fc1.bias                           | shape: (4096,)              |   0.00M
2026-08-17 15:44:53,253 [INFO] Frozen encoder.layers.1.mlp.fc2.weight                         | shape: (1024, 4096)         |   4.19M
2026-08-17 15:44:53,253 [INFO] Frozen encoder.layers.1.mlp.fc2.bias                           | shape: (1024,)              |   0.00M
2026-08-17 15:44:53,254 [INFO] Frozen encoder.layers.1.norm1.weight                           | shape: (1024,)              |   0.00M
2026-08-17 15:44:53,254 [INFO] Frozen encoder.layers.1.norm1.bias                             | shape: (1024,)              |   0.00M
2026-08-17 15:44:53,254 [INFO] Frozen encoder.layers.1.norm2.weight                           | shape: (1024,)              |   0.00M
2026-08-17 15:44:53,255 [INFO] Frozen encoder.layers.1.norm2.bias                             | shape: (1024,)              |   0.00M
2026-08-17 15:44:53,255 [INFO] Frozen encoder.layers.2.ls1                                    | shape: (1024,)              |   0.00M
2026-08-17 15:44:53,255 [INFO] Frozen encoder.layers.2.ls2                                    | shape: (1024,)              |   0.00M
2026-08-17 15:44:53,255 [INFO] Frozen encoder.layers.2.attn.qkv.weight                        | shape: (3072, 1024)         |   3.15M
2026-08-17 15:44:53,255 [INFO] Frozen encoder.layers.2.attn.qkv.bias                          | shape: (3072,)              |   0.00M
2026-08-17 15:44:53,256 [INFO] Frozen encoder.layers.2.attn.proj.weight                       | shape: (1024, 1024)         |   1.05M
2026-08-17 15:44:53,256 [INFO] Frozen encoder.layers.2.attn.proj.bias                         | shape: (1024,)              |   0.00M
2026-08-17 15:44:53,256 [INFO] Frozen encoder.layers.2.mlp.fc1.weight                         | shape: (4096, 1024)         |   4.19M
2026-08-17 15:44:53,256 [INFO] Frozen encoder.layers.2.mlp.fc1.bias                           | shape: (4096,)              |   0.00M
2026-08-17 15:44:53,257 [INFO] Frozen encoder.layers.2.mlp.fc2.weight                         | shape: (1024, 4096)         |   4.19M
2026-08-17 15:44:53,257 [INFO] Frozen encoder.layers.2.mlp.fc2.bias                           | shape: (1024,)              |   0.00M
2026-08-17 15:44:53,257 [INFO] Frozen encoder.layers.2.norm1.weight                           | shape: (1024,)              |   0.00M
2026-08-17 15:44:53,258 [INFO] Frozen encoder.layers.2.norm1.bias                             | shape: (1024,)              |   0.00M
2026-08-17 15:44:53,258 [INFO] Frozen encoder.layers.2.norm2.weight                           | shape: (1024,)              |   0.00M
2026-08-17 15:44:53,259 [INFO] Frozen encoder.layers.2.norm2.bias                             | shape: (1024,)              |   0.00M
2026-08-17 15:44:53,259 [INFO] Frozen encoder.layers.3.ls1                                    | shape: (1024,)              |   0.00M
2026-08-17 15:44:53,259 [INFO] Frozen encoder.layers.3.ls2                                    | shape: (1024,)              |   0.00M
2026-08-17 15:44:53,259 [INFO] Frozen encoder.layers.3.attn.qkv.weight                        | shape: (3072, 1024)         |   3.15M
2026-08-17 15:44:53,260 [INFO] Frozen encoder.layers.3.attn.qkv.bias                          | shape: (3072,)              |   0.00M
2026-08-17 15:44:53,260 [INFO] Frozen encoder.layers.3.attn.proj.weight                       | shape: (1024, 1024)         |   1.05M
2026-08-17 15:44:53,260 [INFO] Frozen encoder.layers.3.attn.proj.bias                         | shape: (1024,)              |   0.00M
2026-08-17 15:44:53,261 [INFO] Frozen encoder.layers.3.mlp.fc1.weight                         | shape: (4096, 1024)         |   4.19M
2026-08-17 15:44:53,261 [INFO] Frozen encoder.layers.3.mlp.fc1.bias                           | shape: (4096,)              |   0.00M
2026-08-17 15:44:53,261 [INFO] Frozen encoder.layers.3.mlp.fc2.weight                         | shape: (1024, 4096)         |   4.19M
2026-08-17 15:44:53,262 [INFO] Frozen encoder.layers.3.mlp.fc2.bias                           | shape: (1024,)              |   0.00M
2026-08-17 15:44:53,262 [INFO] Frozen encoder.layers.3.norm1.weight                           | shape: (1024,)              |   0.00M
2026-08-17 15:44:53,263 [INFO] Frozen encoder.layers.3.norm1.bias                             | shape: (1024,)              |   0.00M
2026-08-17 15:44:53,263 [INFO] Frozen encoder.layers.3.norm2.weight                           | shape: (1024,)              |   0.00M
2026-08-17 15:44:53,263 [INFO] Frozen encoder.layers.3.norm2.bias                             | shape: (1024,)              |   0.00M
2026-08-17 15:44:53,263 [INFO] Frozen encoder.layers.4.ls1                                    | shape: (1024,)              |   0.00M
2026-08-17 15:44:53,264 [INFO] Frozen encoder.layers.4.ls2                                    | shape: (1024,)              |   0.00M
2026-08-17 15:44:53,264 [INFO] Frozen encoder.layers.4.attn.qkv.weight                        | shape: (3072, 1024)         |   3.15M
2026-08-17 15:44:53,264 [INFO] Frozen encoder.layers.4.attn.qkv.bias                          | shape: (3072,)              |   0.00M
2026-08-17 15:44:53,264 [INFO] Frozen encoder.layers.4.attn.proj.weight                       | shape: (1024, 1024)         |   1.05M
2026-08-17 15:44:53,264 [INFO] Frozen encoder.layers.4.attn.proj.bias                         | shape: (1024,)              |   0.00M
2026-08-17 15:44:53,265 [INFO] Frozen encoder.layers.4.mlp.fc1.weight                         | shape: (4096, 1024)         |   4.19M
2026-08-17 15:44:53,265 [INFO] Frozen encoder.layers.4.mlp.fc1.bias                           | shape: (4096,)              |   0.00M
2026-08-17 15:44:53,265 [INFO] Frozen encoder.layers.4.mlp.fc2.weight                         | shape: (1024, 4096)         |   4.19M
2026-08-17 15:44:53,265 [INFO] Frozen encoder.layers.4.mlp.fc2.bias                           | shape: (1024,)              |   0.00M
2026-08-17 15:44:53,266 [INFO] Frozen encoder.layers.4.norm1.weight                           | shape: (1024,)              |   0.00M
2026-08-17 15:44:53,266 [INFO] Frozen encoder.layers.4.norm1.bias                             | shape: (1024,)              |   0.00M
2026-08-17 15:44:53,266 [INFO] Frozen encoder.layers.4.norm2.weight                           | shape: (1024,)              |   0.00M
2026-08-17 15:44:53,266 [INFO] Frozen encoder.layers.4.norm2.bias                             | shape: (1024,)              |   0.00M
2026-08-17 15:44:53,267 [INFO] Frozen encoder.layers.5.ls1                                    | shape: (1024,)              |   0.00M
2026-08-17 15:44:53,267 [INFO] Frozen encoder.layers.5.ls2                                    | shape: (1024,)              |   0.00M
2026-08-17 15:44:53,267 [INFO] Frozen encoder.layers.5.attn.qkv.weight                        | shape: (3072, 1024)         |   3.15M
2026-08-17 15:44:53,267 [INFO] Frozen encoder.layers.5.attn.qkv.bias                          | shape: (3072,)              |   0.00M
2026-08-17 15:44:53,267 [INFO] Frozen encoder.layers.5.attn.proj.weight                       | shape: (1024, 1024)         |   1.05M
2026-08-17 15:44:53,267 [INFO] Frozen encoder.layers.5.attn.proj.bias                         | shape: (1024,)              |   0.00M
2026-08-17 15:44:53,268 [INFO] Frozen encoder.layers.5.mlp.fc1.weight                         | shape: (4096, 1024)         |   4.19M
2026-08-17 15:44:53,268 [INFO] Frozen encoder.layers.5.mlp.fc1.bias                           | shape: (4096,)              |   0.00M
2026-08-17 15:44:53,268 [INFO] Frozen encoder.layers.5.mlp.fc2.weight                         | shape: (1024, 4096)         |   4.19M
2026-08-17 15:44:53,268 [INFO] Frozen encoder.layers.5.mlp.fc2.bias                           | shape: (1024,)              |   0.00M
2026-08-17 15:44:53,269 [INFO] Frozen encoder.layers.5.norm1.weight                           | shape: (1024,)              |   0.00M
2026-08-17 15:44:53,269 [INFO] Frozen encoder.layers.5.norm1.bias                             | shape: (1024,)              |   0.00M
2026-08-17 15:44:53,269 [INFO] Frozen encoder.layers.5.norm2.weight                           | shape: (1024,)              |   0.00M
2026-08-17 15:44:53,270 [INFO] Frozen encoder.layers.5.norm2.bias                             | shape: (1024,)              |   0.00M
2026-08-17 15:44:53,270 [INFO] Frozen encoder.layers.6.ls1                                    | shape: (1024,)              |   0.00M
2026-08-17 15:44:53,270 [INFO] Frozen encoder.layers.6.ls2                                    | shape: (1024,)              |   0.00M
2026-08-17 15:44:53,270 [INFO] Frozen encoder.layers.6.attn.qkv.weight                        | shape: (3072, 1024)         |   3.15M
2026-08-17 15:44:53,271 [INFO] Frozen encoder.layers.6.attn.qkv.bias                          | shape: (3072,)              |   0.00M
2026-08-17 15:44:53,271 [INFO] Frozen encoder.layers.6.attn.proj.weight                       | shape: (1024, 1024)         |   1.05M
2026-08-17 15:44:53,271 [INFO] Frozen encoder.layers.6.attn.proj.bias                         | shape: (1024,)              |   0.00M
2026-08-17 15:44:53,271 [INFO] Frozen encoder.layers.6.mlp.fc1.weight                         | shape: (4096, 1024)         |   4.19M
2026-08-17 15:44:53,272 [INFO] Frozen encoder.layers.6.mlp.fc1.bias                           | shape: (4096,)              |   0.00M
2026-08-17 15:44:53,272 [INFO] Frozen encoder.layers.6.mlp.fc2.weight                         | shape: (1024, 4096)         |   4.19M
2026-08-17 15:44:53,272 [INFO] Frozen encoder.layers.6.mlp.fc2.bias                           | shape: (1024,)              |   0.00M
2026-08-17 15:44:53,272 [INFO] Frozen encoder.layers.6.norm1.weight                           | shape: (1024,)              |   0.00M
2026-08-17 15:44:53,273 [INFO] Frozen encoder.layers.6.norm1.bias                             | shape: (1024,)              |   0.00M
2026-08-17 15:44:53,273 [INFO] Frozen encoder.layers.6.norm2.weight                           | shape: (1024,)              |   0.00M
2026-08-17 15:44:53,273 [INFO] Frozen encoder.layers.6.norm2.bias                             | shape: (1024,)              |   0.00M
2026-08-17 15:44:53,273 [INFO] Frozen encoder.layers.7.ls1                                    | shape: (1024,)              |   0.00M
2026-08-17 15:44:53,273 [INFO] Frozen encoder.layers.7.ls2                                    | shape: (1024,)              |   0.00M
2026-08-17 15:44:53,274 [INFO] Frozen encoder.layers.7.attn.qkv.weight                        | shape: (3072, 1024)         |   3.15M
2026-08-17 15:44:53,274 [INFO] Frozen encoder.layers.7.attn.qkv.bias                          | shape: (3072,)              |   0.00M
2026-08-17 15:44:53,275 [INFO] Frozen encoder.layers.7.attn.proj.weight                       | shape: (1024, 1024)         |   1.05M
2026-08-17 15:44:53,275 [INFO] Frozen encoder.layers.7.attn.proj.bias                         | shape: (1024,)              |   0.00M
2026-08-17 15:44:53,275 [INFO] Frozen encoder.layers.7.mlp.fc1.weight                         | shape: (4096, 1024)         |   4.19M
2026-08-17 15:44:53,276 [INFO] Frozen encoder.layers.7.mlp.fc1.bias                           | shape: (4096,)              |   0.00M
2026-08-17 15:44:53,276 [INFO] Frozen encoder.layers.7.mlp.fc2.weight                         | shape: (1024, 4096)         |   4.19M
2026-08-17 15:44:53,276 [INFO] Frozen encoder.layers.7.mlp.fc2.bias                           | shape: (1024,)              |   0.00M
2026-08-17 15:44:53,276 [INFO] Frozen encoder.layers.7.norm1.weight                           | shape: (1024,)              |   0.00M
2026-08-17 15:44:53,277 [INFO] Frozen encoder.layers.7.norm1.bias                             | shape: (1024,)              |   0.00M
2026-08-17 15:44:53,277 [INFO] Frozen encoder.layers.7.norm2.weight                           | shape: (1024,)              |   0.00M
2026-08-17 15:44:53,278 [INFO] Frozen encoder.layers.7.norm2.bias                             | shape: (1024,)              |   0.00M
2026-08-17 15:44:53,278 [INFO] Frozen encoder.layers.8.ls1                                    | shape: (1024,)              |   0.00M
2026-08-17 15:44:53,278 [INFO] Frozen encoder.layers.8.ls2                                    | shape: (1024,)              |   0.00M
2026-08-17 15:44:53,278 [INFO] Frozen encoder.layers.8.attn.qkv.weight                        | shape: (3072, 1024)         |   3.15M
2026-08-17 15:44:53,279 [INFO] Frozen encoder.layers.8.attn.qkv.bias                          | shape: (3072,)              |   0.00M
2026-08-17 15:44:53,279 [INFO] Frozen encoder.layers.8.attn.proj.weight                       | shape: (1024, 1024)         |   1.05M
2026-08-17 15:44:53,279 [INFO] Frozen encoder.layers.8.attn.proj.bias                         | shape: (1024,)              |   0.00M
2026-08-17 15:44:53,279 [INFO] Frozen encoder.layers.8.mlp.fc1.weight                         | shape: (4096, 1024)         |   4.19M
2026-08-17 15:44:53,280 [INFO] Frozen encoder.layers.8.mlp.fc1.bias                           | shape: (4096,)              |   0.00M
2026-08-17 15:44:53,280 [INFO] Frozen encoder.layers.8.mlp.fc2.weight                         | shape: (1024, 4096)         |   4.19M
2026-08-17 15:44:53,280 [INFO] Frozen encoder.layers.8.mlp.fc2.bias                           | shape: (1024,)              |   0.00M
2026-08-17 15:44:53,281 [INFO] Frozen encoder.layers.8.norm1.weight                           | shape: (1024,)              |   0.00M
2026-08-17 15:44:53,281 [INFO] Frozen encoder.layers.8.norm1.bias                             | shape: (1024,)              |   0.00M
2026-08-17 15:44:53,281 [INFO] Frozen encoder.layers.8.norm2.weight                           | shape: (1024,)              |   0.00M
2026-08-17 15:44:53,281 [INFO] Frozen encoder.layers.8.norm2.bias                             | shape: (1024,)              |   0.00M
2026-08-17 15:44:53,282 [INFO] Frozen encoder.layers.9.ls1                                    | shape: (1024,)              |   0.00M
2026-08-17 15:44:53,282 [INFO] Frozen encoder.layers.9.ls2                                    | shape: (1024,)              |   0.00M
2026-08-17 15:44:53,282 [INFO] Frozen encoder.layers.9.attn.qkv.weight                        | shape: (3072, 1024)         |   3.15M
2026-08-17 15:44:53,282 [INFO] Frozen encoder.layers.9.attn.qkv.bias                          | shape: (3072,)              |   0.00M
2026-08-17 15:44:53,283 [INFO] Frozen encoder.layers.9.attn.proj.weight                       | shape: (1024, 1024)         |   1.05M
2026-08-17 15:44:53,283 [INFO] Frozen encoder.layers.9.attn.proj.bias                         | shape: (1024,)              |   0.00M
2026-08-17 15:44:53,283 [INFO] Frozen encoder.layers.9.mlp.fc1.weight                         | shape: (4096, 1024)         |   4.19M
2026-08-17 15:44:53,283 [INFO] Frozen encoder.layers.9.mlp.fc1.bias                           | shape: (4096,)              |   0.00M
2026-08-17 15:44:53,284 [INFO] Frozen encoder.layers.9.mlp.fc2.weight                         | shape: (1024, 4096)         |   4.19M
2026-08-17 15:44:53,284 [INFO] Frozen encoder.layers.9.mlp.fc2.bias                           | shape: (1024,)              |   0.00M
2026-08-17 15:44:53,284 [INFO] Frozen encoder.layers.9.norm1.weight                           | shape: (1024,)              |   0.00M
2026-08-17 15:44:53,285 [INFO] Frozen encoder.layers.9.norm1.bias                             | shape: (1024,)              |   0.00M
2026-08-17 15:44:53,285 [INFO] Frozen encoder.layers.9.norm2.weight                           | shape: (1024,)              |   0.00M
2026-08-17 15:44:53,285 [INFO] Frozen encoder.layers.9.norm2.bias                             | shape: (1024,)              |   0.00M
2026-08-17 15:44:53,285 [INFO] Frozen encoder.layers.10.ls1                                   | shape: (1024,)              |   0.00M
2026-08-17 15:44:53,285 [INFO] Frozen encoder.layers.10.ls2                                   | shape: (1024,)              |   0.00M
2026-08-17 15:44:53,286 [INFO] Frozen encoder.layers.10.attn.qkv.weight                       | shape: (3072, 1024)         |   3.15M
2026-08-17 15:44:53,286 [INFO] Frozen encoder.layers.10.attn.qkv.bias                         | shape: (3072,)              |   0.00M
2026-08-17 15:44:53,286 [INFO] Frozen encoder.layers.10.attn.proj.weight                      | shape: (1024, 1024)         |   1.05M
2026-08-17 15:44:53,286 [INFO] Frozen encoder.layers.10.attn.proj.bias                        | shape: (1024,)              |   0.00M
2026-08-17 15:44:53,287 [INFO] Frozen encoder.layers.10.mlp.fc1.weight                        | shape: (4096, 1024)         |   4.19M
2026-08-17 15:44:53,287 [INFO] Frozen encoder.layers.10.mlp.fc1.bias                          | shape: (4096,)              |   0.00M
2026-08-17 15:44:53,287 [INFO] Frozen encoder.layers.10.mlp.fc2.weight                        | shape: (1024, 4096)         |   4.19M
2026-08-17 15:44:53,287 [INFO] Frozen encoder.layers.10.mlp.fc2.bias                          | shape: (1024,)              |   0.00M
2026-08-17 15:44:53,287 [INFO] Frozen encoder.layers.10.norm1.weight                          | shape: (1024,)              |   0.00M
2026-08-17 15:44:53,288 [INFO] Frozen encoder.layers.10.norm1.bias                            | shape: (1024,)              |   0.00M
2026-08-17 15:44:53,288 [INFO] Frozen encoder.layers.10.norm2.weight                          | shape: (1024,)              |   0.00M
2026-08-17 15:44:53,288 [INFO] Frozen encoder.layers.10.norm2.bias                            | shape: (1024,)              |   0.00M
2026-08-17 15:44:53,289 [INFO] Frozen encoder.layers.11.ls1                                   | shape: (1024,)              |   0.00M
2026-08-17 15:44:53,289 [INFO] Frozen encoder.layers.11.ls2                                   | shape: (1024,)              |   0.00M
2026-08-17 15:44:53,289 [INFO] Frozen encoder.layers.11.attn.qkv.weight                       | shape: (3072, 1024)         |   3.15M
2026-08-17 15:44:53,289 [INFO] Frozen encoder.layers.11.attn.qkv.bias                         | shape: (3072,)              |   0.00M
2026-08-17 15:44:53,290 [INFO] Frozen encoder.layers.11.attn.proj.weight                      | shape: (1024, 1024)         |   1.05M
2026-08-17 15:44:53,290 [INFO] Frozen encoder.layers.11.attn.proj.bias                        | shape: (1024,)              |   0.00M
2026-08-17 15:44:53,290 [INFO] Frozen encoder.layers.11.mlp.fc1.weight                        | shape: (4096, 1024)         |   4.19M
2026-08-17 15:44:53,290 [INFO] Frozen encoder.layers.11.mlp.fc1.bias                          | shape: (4096,)              |   0.00M
2026-08-17 15:44:53,291 [INFO] Frozen encoder.layers.11.mlp.fc2.weight                        | shape: (1024, 4096)         |   4.19M
2026-08-17 15:44:53,291 [INFO] Frozen encoder.layers.11.mlp.fc2.bias                          | shape: (1024,)              |   0.00M
2026-08-17 15:44:53,291 [INFO] Frozen encoder.layers.11.norm1.weight                          | shape: (1024,)              |   0.00M
2026-08-17 15:44:53,291 [INFO] Frozen encoder.layers.11.norm1.bias                            | shape: (1024,)              |   0.00M
2026-08-17 15:44:53,292 [INFO] Frozen encoder.layers.11.norm2.weight                          | shape: (1024,)              |   0.00M
2026-08-17 15:44:53,292 [INFO] Frozen encoder.layers.11.norm2.bias                            | shape: (1024,)              |   0.00M
2026-08-17 15:44:53,292 [INFO] Frozen encoder.layers.12.ls1                                   | shape: (1024,)              |   0.00M
2026-08-17 15:44:53,292 [INFO] Frozen encoder.layers.12.ls2                                   | shape: (1024,)              |   0.00M
2026-08-17 15:44:53,293 [INFO] Frozen encoder.layers.12.attn.qkv.weight                       | shape: (3072, 1024)         |   3.15M
2026-08-17 15:44:53,293 [INFO] Frozen encoder.layers.12.attn.qkv.bias                         | shape: (3072,)              |   0.00M
2026-08-17 15:44:53,293 [INFO] Frozen encoder.layers.12.attn.proj.weight                      | shape: (1024, 1024)         |   1.05M
2026-08-17 15:44:53,294 [INFO] Frozen encoder.layers.12.attn.proj.bias                        | shape: (1024,)              |   0.00M
2026-08-17 15:44:53,294 [INFO] Frozen encoder.layers.12.mlp.fc1.weight                        | shape: (4096, 1024)         |   4.19M
2026-08-17 15:44:53,294 [INFO] Frozen encoder.layers.12.mlp.fc1.bias                          | shape: (4096,)              |   0.00M
2026-08-17 15:44:53,294 [INFO] Frozen encoder.layers.12.mlp.fc2.weight                        | shape: (1024, 4096)         |   4.19M
2026-08-17 15:44:53,294 [INFO] Frozen encoder.layers.12.mlp.fc2.bias                          | shape: (1024,)              |   0.00M
2026-08-17 15:44:53,295 [INFO] Frozen encoder.layers.12.norm1.weight                          | shape: (1024,)              |   0.00M
2026-08-17 15:44:53,295 [INFO] Frozen encoder.layers.12.norm1.bias                            | shape: (1024,)              |   0.00M
2026-08-17 15:44:53,295 [INFO] Frozen encoder.layers.12.norm2.weight                          | shape: (1024,)              |   0.00M
2026-08-17 15:44:53,295 [INFO] Frozen encoder.layers.12.norm2.bias                            | shape: (1024,)              |   0.00M
2026-08-17 15:44:53,296 [INFO] Frozen encoder.layers.13.ls1                                   | shape: (1024,)              |   0.00M
2026-08-17 15:44:53,296 [INFO] Frozen encoder.layers.13.ls2                                   | shape: (1024,)              |   0.00M
2026-08-17 15:44:53,296 [INFO] Frozen encoder.layers.13.attn.qkv.weight                       | shape: (3072, 1024)         |   3.15M
2026-08-17 15:44:53,296 [INFO] Frozen encoder.layers.13.attn.qkv.bias                         | shape: (3072,)              |   0.00M
2026-08-17 15:44:53,297 [INFO] Frozen encoder.layers.13.attn.proj.weight                      | shape: (1024, 1024)         |   1.05M
2026-08-17 15:44:53,297 [INFO] Frozen encoder.layers.13.attn.proj.bias                        | shape: (1024,)              |   0.00M
2026-08-17 15:44:53,297 [INFO] Frozen encoder.layers.13.mlp.fc1.weight                        | shape: (4096, 1024)         |   4.19M
2026-08-17 15:44:53,298 [INFO] Frozen encoder.layers.13.mlp.fc1.bias                          | shape: (4096,)              |   0.00M
2026-08-17 15:44:53,298 [INFO] Frozen encoder.layers.13.mlp.fc2.weight                        | shape: (1024, 4096)         |   4.19M
2026-08-17 15:44:53,298 [INFO] Frozen encoder.layers.13.mlp.fc2.bias                          | shape: (1024,)              |   0.00M
2026-08-17 15:44:53,298 [INFO] Frozen encoder.layers.13.norm1.weight                          | shape: (1024,)              |   0.00M
2026-08-17 15:44:53,299 [INFO] Frozen encoder.layers.13.norm1.bias                            | shape: (1024,)              |   0.00M
2026-08-17 15:44:53,299 [INFO] Frozen encoder.layers.13.norm2.weight                          | shape: (1024,)              |   0.00M
2026-08-17 15:44:53,299 [INFO] Frozen encoder.layers.13.norm2.bias                            | shape: (1024,)              |   0.00M
2026-08-17 15:44:53,299 [INFO] Frozen encoder.layers.14.ls1                                   | shape: (1024,)              |   0.00M
2026-08-17 15:44:53,300 [INFO] Frozen encoder.layers.14.ls2                                   | shape: (1024,)              |   0.00M
2026-08-17 15:44:53,300 [INFO] Frozen encoder.layers.14.attn.qkv.weight                       | shape: (3072, 1024)         |   3.15M
2026-08-17 15:44:53,300 [INFO] Frozen encoder.layers.14.attn.qkv.bias                         | shape: (3072,)              |   0.00M
2026-08-17 15:44:53,301 [INFO] Frozen encoder.layers.14.attn.proj.weight                      | shape: (1024, 1024)         |   1.05M
2026-08-17 15:44:53,301 [INFO] Frozen encoder.layers.14.attn.proj.bias                        | shape: (1024,)              |   0.00M
2026-08-17 15:44:53,301 [INFO] Frozen encoder.layers.14.mlp.fc1.weight                        | shape: (4096, 1024)         |   4.19M
2026-08-17 15:44:53,302 [INFO] Frozen encoder.layers.14.mlp.fc1.bias                          | shape: (4096,)              |   0.00M
2026-08-17 15:44:53,302 [INFO] Frozen encoder.layers.14.mlp.fc2.weight                        | shape: (1024, 4096)         |   4.19M
2026-08-17 15:44:53,302 [INFO] Frozen encoder.layers.14.mlp.fc2.bias                          | shape: (1024,)              |   0.00M
2026-08-17 15:44:53,302 [INFO] Frozen encoder.layers.14.norm1.weight                          | shape: (1024,)              |   0.00M
2026-08-17 15:44:53,303 [INFO] Frozen encoder.layers.14.norm1.bias                            | shape: (1024,)              |   0.00M
2026-08-17 15:44:53,303 [INFO] Frozen encoder.layers.14.norm2.weight                          | shape: (1024,)              |   0.00M
2026-08-17 15:44:53,303 [INFO] Frozen encoder.layers.14.norm2.bias                            | shape: (1024,)              |   0.00M
2026-08-17 15:44:53,303 [INFO] Frozen encoder.layers.15.ls1                                   | shape: (1024,)              |   0.00M
2026-08-17 15:44:53,304 [INFO] Frozen encoder.layers.15.ls2                                   | shape: (1024,)              |   0.00M
2026-08-17 15:44:53,304 [INFO] Frozen encoder.layers.15.attn.qkv.weight                       | shape: (3072, 1024)         |   3.15M
2026-08-17 15:44:53,304 [INFO] Frozen encoder.layers.15.attn.qkv.bias                         | shape: (3072,)              |   0.00M
2026-08-17 15:44:53,304 [INFO] Frozen encoder.layers.15.attn.proj.weight                      | shape: (1024, 1024)         |   1.05M
2026-08-17 15:44:53,305 [INFO] Frozen encoder.layers.15.attn.proj.bias                        | shape: (1024,)              |   0.00M
2026-08-17 15:44:53,305 [INFO] Frozen encoder.layers.15.mlp.fc1.weight                        | shape: (4096, 1024)         |   4.19M
2026-08-17 15:44:53,305 [INFO] Frozen encoder.layers.15.mlp.fc1.bias                          | shape: (4096,)              |   0.00M
2026-08-17 15:44:53,306 [INFO] Frozen encoder.layers.15.mlp.fc2.weight                        | shape: (1024, 4096)         |   4.19M
2026-08-17 15:44:53,306 [INFO] Frozen encoder.layers.15.mlp.fc2.bias                          | shape: (1024,)              |   0.00M
2026-08-17 15:44:53,306 [INFO] Frozen encoder.layers.15.norm1.weight                          | shape: (1024,)              |   0.00M
2026-08-17 15:44:53,306 [INFO] Frozen encoder.layers.15.norm1.bias                            | shape: (1024,)              |   0.00M
2026-08-17 15:44:53,307 [INFO] Frozen encoder.layers.15.norm2.weight                          | shape: (1024,)              |   0.00M
2026-08-17 15:44:53,307 [INFO] Frozen encoder.layers.15.norm2.bias                            | shape: (1024,)              |   0.00M
2026-08-17 15:44:53,307 [INFO] Frozen encoder.layers.16.ls1                                   | shape: (1024,)              |   0.00M
2026-08-17 15:44:53,307 [INFO] Frozen encoder.layers.16.ls2                                   | shape: (1024,)              |   0.00M
2026-08-17 15:44:53,308 [INFO] Frozen encoder.layers.16.attn.qkv.weight                       | shape: (3072, 1024)         |   3.15M
2026-08-17 15:44:53,308 [INFO] Frozen encoder.layers.16.attn.qkv.bias                         | shape: (3072,)              |   0.00M
2026-08-17 15:44:53,308 [INFO] Frozen encoder.layers.16.attn.proj.weight                      | shape: (1024, 1024)         |   1.05M
2026-08-17 15:44:53,308 [INFO] Frozen encoder.layers.16.attn.proj.bias                        | shape: (1024,)              |   0.00M
2026-08-17 15:44:53,309 [INFO] Frozen encoder.layers.16.mlp.fc1.weight                        | shape: (4096, 1024)         |   4.19M
2026-08-17 15:44:53,309 [INFO] Frozen encoder.layers.16.mlp.fc1.bias                          | shape: (4096,)              |   0.00M
2026-08-17 15:44:53,309 [INFO] Frozen encoder.layers.16.mlp.fc2.weight                        | shape: (1024, 4096)         |   4.19M
2026-08-17 15:44:53,309 [INFO] Frozen encoder.layers.16.mlp.fc2.bias                          | shape: (1024,)              |   0.00M
2026-08-17 15:44:53,309 [INFO] Frozen encoder.layers.16.norm1.weight                          | shape: (1024,)              |   0.00M
2026-08-17 15:44:53,310 [INFO] Frozen encoder.layers.16.norm1.bias                            | shape: (1024,)              |   0.00M
2026-08-17 15:44:53,310 [INFO] Frozen encoder.layers.16.norm2.weight                          | shape: (1024,)              |   0.00M
2026-08-17 15:44:53,310 [INFO] Frozen encoder.layers.16.norm2.bias                            | shape: (1024,)              |   0.00M
2026-08-17 15:44:53,310 [INFO] Frozen encoder.layers.17.ls1                                   | shape: (1024,)              |   0.00M
2026-08-17 15:44:53,311 [INFO] Frozen encoder.layers.17.ls2                                   | shape: (1024,)              |   0.00M
2026-08-17 15:44:53,311 [INFO] Frozen encoder.layers.17.attn.qkv.weight                       | shape: (3072, 1024)         |   3.15M
2026-08-17 15:44:53,311 [INFO] Frozen encoder.layers.17.attn.qkv.bias                         | shape: (3072,)              |   0.00M
2026-08-17 15:44:53,311 [INFO] Frozen encoder.layers.17.attn.proj.weight                      | shape: (1024, 1024)         |   1.05M
2026-08-17 15:44:53,312 [INFO] Frozen encoder.layers.17.attn.proj.bias                        | shape: (1024,)              |   0.00M
2026-08-17 15:44:53,312 [INFO] Frozen encoder.layers.17.mlp.fc1.weight                        | shape: (4096, 1024)         |   4.19M
2026-08-17 15:44:53,312 [INFO] Frozen encoder.layers.17.mlp.fc1.bias                          | shape: (4096,)              |   0.00M
2026-08-17 15:44:53,312 [INFO] Frozen encoder.layers.17.mlp.fc2.weight                        | shape: (1024, 4096)         |   4.19M
2026-08-17 15:44:53,313 [INFO] Frozen encoder.layers.17.mlp.fc2.bias                          | shape: (1024,)              |   0.00M
2026-08-17 15:44:53,313 [INFO] Frozen encoder.layers.17.norm1.weight                          | shape: (1024,)              |   0.00M
2026-08-17 15:44:53,313 [INFO] Frozen encoder.layers.17.norm1.bias                            | shape: (1024,)              |   0.00M
2026-08-17 15:44:53,313 [INFO] Frozen encoder.layers.17.norm2.weight                          | shape: (1024,)              |   0.00M
2026-08-17 15:44:53,314 [INFO] Frozen encoder.layers.17.norm2.bias                            | shape: (1024,)              |   0.00M
2026-08-17 15:44:53,314 [INFO] Frozen encoder.layers.18.ls1                                   | shape: (1024,)              |   0.00M
2026-08-17 15:44:53,314 [INFO] Frozen encoder.layers.18.ls2                                   | shape: (1024,)              |   0.00M
2026-08-17 15:44:53,314 [INFO] Frozen encoder.layers.18.attn.qkv.weight                       | shape: (3072, 1024)         |   3.15M
2026-08-17 15:44:53,315 [INFO] Frozen encoder.layers.18.attn.qkv.bias                         | shape: (3072,)              |   0.00M
2026-08-17 15:44:53,315 [INFO] Frozen encoder.layers.18.attn.proj.weight                      | shape: (1024, 1024)         |   1.05M
2026-08-17 15:44:53,315 [INFO] Frozen encoder.layers.18.attn.proj.bias                        | shape: (1024,)              |   0.00M
2026-08-17 15:44:53,315 [INFO] Frozen encoder.layers.18.mlp.fc1.weight                        | shape: (4096, 1024)         |   4.19M
2026-08-17 15:44:53,315 [INFO] Frozen encoder.layers.18.mlp.fc1.bias                          | shape: (4096,)              |   0.00M
2026-08-17 15:44:53,315 [INFO] Frozen encoder.layers.18.mlp.fc2.weight                        | shape: (1024, 4096)         |   4.19M
2026-08-17 15:44:53,316 [INFO] Frozen encoder.layers.18.mlp.fc2.bias                          | shape: (1024,)              |   0.00M
2026-08-17 15:44:53,316 [INFO] Frozen encoder.layers.18.norm1.weight                          | shape: (1024,)              |   0.00M
2026-08-17 15:44:53,316 [INFO] Frozen encoder.layers.18.norm1.bias                            | shape: (1024,)              |   0.00M
2026-08-17 15:44:53,317 [INFO] Frozen encoder.layers.18.norm2.weight                          | shape: (1024,)              |   0.00M
2026-08-17 15:44:53,317 [INFO] Frozen encoder.layers.18.norm2.bias                            | shape: (1024,)              |   0.00M
2026-08-17 15:44:53,317 [INFO] Frozen encoder.layers.19.ls1                                   | shape: (1024,)              |   0.00M
2026-08-17 15:44:53,318 [INFO] Frozen encoder.layers.19.ls2                                   | shape: (1024,)              |   0.00M
2026-08-17 15:44:53,318 [INFO] Frozen encoder.layers.19.attn.qkv.weight                       | shape: (3072, 1024)         |   3.15M
2026-08-17 15:44:53,318 [INFO] Frozen encoder.layers.19.attn.qkv.bias                         | shape: (3072,)              |   0.00M
2026-08-17 15:44:53,318 [INFO] Frozen encoder.layers.19.attn.proj.weight                      | shape: (1024, 1024)         |   1.05M
2026-08-17 15:44:53,319 [INFO] Frozen encoder.layers.19.attn.proj.bias                        | shape: (1024,)              |   0.00M
2026-08-17 15:44:53,319 [INFO] Frozen encoder.layers.19.mlp.fc1.weight                        | shape: (4096, 1024)         |   4.19M
2026-08-17 15:44:53,319 [INFO] Frozen encoder.layers.19.mlp.fc1.bias                          | shape: (4096,)              |   0.00M
2026-08-17 15:44:53,319 [INFO] Frozen encoder.layers.19.mlp.fc2.weight                        | shape: (1024, 4096)         |   4.19M
2026-08-17 15:44:53,320 [INFO] Frozen encoder.layers.19.mlp.fc2.bias                          | shape: (1024,)              |   0.00M
2026-08-17 15:44:53,320 [INFO] Frozen encoder.layers.19.norm1.weight                          | shape: (1024,)              |   0.00M
2026-08-17 15:44:53,320 [INFO] Frozen encoder.layers.19.norm1.bias                            | shape: (1024,)              |   0.00M
2026-08-17 15:44:53,321 [INFO] Frozen encoder.layers.19.norm2.weight                          | shape: (1024,)              |   0.00M
2026-08-17 15:44:53,321 [INFO] Frozen encoder.layers.19.norm2.bias                            | shape: (1024,)              |   0.00M
2026-08-17 15:44:53,321 [INFO] Frozen encoder.layers.20.ls1                                   | shape: (1024,)              |   0.00M
2026-08-17 15:44:53,321 [INFO] Frozen encoder.layers.20.ls2                                   | shape: (1024,)              |   0.00M
2026-08-17 15:44:53,322 [INFO] Frozen encoder.layers.20.attn.qkv.weight                       | shape: (3072, 1024)         |   3.15M
2026-08-17 15:44:53,322 [INFO] Frozen encoder.layers.20.attn.qkv.bias                         | shape: (3072,)              |   0.00M
2026-08-17 15:44:53,322 [INFO] Frozen encoder.layers.20.attn.proj.weight                      | shape: (1024, 1024)         |   1.05M
2026-08-17 15:44:53,322 [INFO] Frozen encoder.layers.20.attn.proj.bias                        | shape: (1024,)              |   0.00M
2026-08-17 15:44:53,323 [INFO] Frozen encoder.layers.20.mlp.fc1.weight                        | shape: (4096, 1024)         |   4.19M
2026-08-17 15:44:53,323 [INFO] Frozen encoder.layers.20.mlp.fc1.bias                          | shape: (4096,)              |   0.00M
2026-08-17 15:44:53,323 [INFO] Frozen encoder.layers.20.mlp.fc2.weight                        | shape: (1024, 4096)         |   4.19M
2026-08-17 15:44:53,323 [INFO] Frozen encoder.layers.20.mlp.fc2.bias                          | shape: (1024,)              |   0.00M
2026-08-17 15:44:53,324 [INFO] Frozen encoder.layers.20.norm1.weight                          | shape: (1024,)              |   0.00M
2026-08-17 15:44:53,324 [INFO] Frozen encoder.layers.20.norm1.bias                            | shape: (1024,)              |   0.00M
2026-08-17 15:44:53,324 [INFO] Frozen encoder.layers.20.norm2.weight                          | shape: (1024,)              |   0.00M
2026-08-17 15:44:53,324 [INFO] Frozen encoder.layers.20.norm2.bias                            | shape: (1024,)              |   0.00M
2026-08-17 15:44:53,325 [INFO] Frozen encoder.layers.21.ls1                                   | shape: (1024,)              |   0.00M
2026-08-17 15:44:53,325 [INFO] Frozen encoder.layers.21.ls2                                   | shape: (1024,)              |   0.00M
2026-08-17 15:44:53,325 [INFO] Frozen encoder.layers.21.attn.qkv.weight                       | shape: (3072, 1024)         |   3.15M
2026-08-17 15:44:53,326 [INFO] Frozen encoder.layers.21.attn.qkv.bias                         | shape: (3072,)              |   0.00M
2026-08-17 15:44:53,326 [INFO] Frozen encoder.layers.21.attn.proj.weight                      | shape: (1024, 1024)         |   1.05M
2026-08-17 15:44:53,326 [INFO] Frozen encoder.layers.21.attn.proj.bias                        | shape: (1024,)              |   0.00M
2026-08-17 15:44:53,327 [INFO] Frozen encoder.layers.21.mlp.fc1.weight                        | shape: (4096, 1024)         |   4.19M
2026-08-17 15:44:53,327 [INFO] Frozen encoder.layers.21.mlp.fc1.bias                          | shape: (4096,)              |   0.00M
2026-08-17 15:44:53,327 [INFO] Frozen encoder.layers.21.mlp.fc2.weight                        | shape: (1024, 4096)         |   4.19M
2026-08-17 15:44:53,327 [INFO] Frozen encoder.layers.21.mlp.fc2.bias                          | shape: (1024,)              |   0.00M
2026-08-17 15:44:53,328 [INFO] Frozen encoder.layers.21.norm1.weight                          | shape: (1024,)              |   0.00M
2026-08-17 15:44:53,328 [INFO] Frozen encoder.layers.21.norm1.bias                            | shape: (1024,)              |   0.00M
2026-08-17 15:44:53,328 [INFO] Frozen encoder.layers.21.norm2.weight                          | shape: (1024,)              |   0.00M
2026-08-17 15:44:53,328 [INFO] Frozen encoder.layers.21.norm2.bias                            | shape: (1024,)              |   0.00M
2026-08-17 15:44:53,329 [INFO] Frozen encoder.layers.22.ls1                                   | shape: (1024,)              |   0.00M
2026-08-17 15:44:53,329 [INFO] Frozen encoder.layers.22.ls2                                   | shape: (1024,)              |   0.00M
2026-08-17 15:44:53,329 [INFO] Frozen encoder.layers.22.attn.qkv.weight                       | shape: (3072, 1024)         |   3.15M
2026-08-17 15:44:53,329 [INFO] Frozen encoder.layers.22.attn.qkv.bias                         | shape: (3072,)              |   0.00M
2026-08-17 15:44:53,330 [INFO] Frozen encoder.layers.22.attn.proj.weight                      | shape: (1024, 1024)         |   1.05M
2026-08-17 15:44:53,330 [INFO] Frozen encoder.layers.22.attn.proj.bias                        | shape: (1024,)              |   0.00M
2026-08-17 15:44:53,331 [INFO] Frozen encoder.layers.22.mlp.fc1.weight                        | shape: (4096, 1024)         |   4.19M
2026-08-17 15:44:53,331 [INFO] Frozen encoder.layers.22.mlp.fc1.bias                          | shape: (4096,)              |   0.00M
2026-08-17 15:44:53,331 [INFO] Frozen encoder.layers.22.mlp.fc2.weight                        | shape: (1024, 4096)         |   4.19M
2026-08-17 15:44:53,331 [INFO] Frozen encoder.layers.22.mlp.fc2.bias                          | shape: (1024,)              |   0.00M
2026-08-17 15:44:53,332 [INFO] Frozen encoder.layers.22.norm1.weight                          | shape: (1024,)              |   0.00M
2026-08-17 15:44:53,332 [INFO] Frozen encoder.layers.22.norm1.bias                            | shape: (1024,)              |   0.00M
2026-08-17 15:44:53,332 [INFO] Frozen encoder.layers.22.norm2.weight                          | shape: (1024,)              |   0.00M
2026-08-17 15:44:53,332 [INFO] Frozen encoder.layers.22.norm2.bias                            | shape: (1024,)              |   0.00M
2026-08-17 15:44:53,333 [INFO] Frozen encoder.layers.23.ls1                                   | shape: (1024,)              |   0.00M
2026-08-17 15:44:53,333 [INFO] Frozen encoder.layers.23.ls2                                   | shape: (1024,)              |   0.00M
2026-08-17 15:44:53,333 [INFO] Frozen encoder.layers.23.attn.qkv.weight                       | shape: (3072, 1024)         |   3.15M
2026-08-17 15:44:53,334 [INFO] Frozen encoder.layers.23.attn.qkv.bias                         | shape: (3072,)              |   0.00M
2026-08-17 15:44:53,334 [INFO] Frozen encoder.layers.23.attn.proj.weight                      | shape: (1024, 1024)         |   1.05M
2026-08-17 15:44:53,334 [INFO] Frozen encoder.layers.23.attn.proj.bias                        | shape: (1024,)              |   0.00M
2026-08-17 15:44:53,335 [INFO] Frozen encoder.layers.23.mlp.fc1.weight                        | shape: (4096, 1024)         |   4.19M
2026-08-17 15:44:53,335 [INFO] Frozen encoder.layers.23.mlp.fc1.bias                          | shape: (4096,)              |   0.00M
2026-08-17 15:44:53,335 [INFO] Frozen encoder.layers.23.mlp.fc2.weight                        | shape: (1024, 4096)         |   4.19M
2026-08-17 15:44:53,335 [INFO] Frozen encoder.layers.23.mlp.fc2.bias                          | shape: (1024,)              |   0.00M
2026-08-17 15:44:53,336 [INFO] Frozen encoder.layers.23.norm1.weight                          | shape: (1024,)              |   0.00M
2026-08-17 15:44:53,336 [INFO] Frozen encoder.layers.23.norm1.bias                            | shape: (1024,)              |   0.00M
2026-08-17 15:44:53,336 [INFO] Frozen encoder.layers.23.norm2.weight                          | shape: (1024,)              |   0.00M
2026-08-17 15:44:53,337 [INFO] Frozen encoder.layers.23.norm2.bias                            | shape: (1024,)              |   0.00M
2026-08-17 15:44:53,337 [INFO] ----------------------------------------------------------------------
2026-08-17 15:44:53,337 [INFO] Total     : 304.01M
2026-08-17 15:44:53,338 [INFO] Trainable : 0.00M
2026-08-17 15:44:53,338 [INFO] Frozen    : 304.01M
2026-08-17 15:44:53,338 [INFO] 
 Module: language_model
2026-08-17 15:44:53,338 [INFO] ----------------------------------------------------------------------
2026-08-17 15:44:53,339 [INFO] Frozen model.embed_tokens.weight                               | shape: (151674, 896)        | 135.90M
2026-08-17 15:44:53,339 [INFO] Frozen model.layers.0.self_attn.q_proj.weight                  | shape: (896, 896)           |   0.80M
2026-08-17 15:44:53,339 [INFO] Frozen model.layers.0.self_attn.q_proj.bias                    | shape: (896,)               |   0.00M
2026-08-17 15:44:53,339 [INFO] Frozen model.layers.0.self_attn.k_proj.weight                  | shape: (128, 896)           |   0.11M
2026-08-17 15:44:53,340 [INFO] Frozen model.layers.0.self_attn.k_proj.bias                    | shape: (128,)               |   0.00M
2026-08-17 15:44:53,340 [INFO] Frozen model.layers.0.self_attn.v_proj.weight                  | shape: (128, 896)           |   0.11M
2026-08-17 15:44:53,340 [INFO] Frozen model.layers.0.self_attn.v_proj.bias                    | shape: (128,)               |   0.00M
2026-08-17 15:44:53,340 [INFO] Frozen model.layers.0.self_attn.o_proj.weight                  | shape: (896, 896)           |   0.80M
2026-08-17 15:44:53,341 [INFO] Frozen model.layers.0.mlp.gate_proj.weight                     | shape: (4864, 896)          |   4.36M
2026-08-17 15:44:53,341 [INFO] Frozen model.layers.0.mlp.up_proj.weight                       | shape: (4864, 896)          |   4.36M
2026-08-17 15:44:53,341 [INFO] Frozen model.layers.0.mlp.down_proj.weight                     | shape: (896, 4864)          |   4.36M
2026-08-17 15:44:53,341 [INFO] Frozen model.layers.0.input_layernorm.weight                   | shape: (896,)               |   0.00M
2026-08-17 15:44:53,342 [INFO] Frozen model.layers.0.post_attention_layernorm.weight          | shape: (896,)               |   0.00M
2026-08-17 15:44:53,342 [INFO] Frozen model.layers.1.self_attn.q_proj.weight                  | shape: (896, 896)           |   0.80M
2026-08-17 15:44:53,342 [INFO] Frozen model.layers.1.self_attn.q_proj.bias                    | shape: (896,)               |   0.00M
2026-08-17 15:44:53,343 [INFO] Frozen model.layers.1.self_attn.k_proj.weight                  | shape: (128, 896)           |   0.11M
2026-08-17 15:44:53,343 [INFO] Frozen model.layers.1.self_attn.k_proj.bias                    | shape: (128,)               |   0.00M
2026-08-17 15:44:53,343 [INFO] Frozen model.layers.1.self_attn.v_proj.weight                  | shape: (128, 896)           |   0.11M
2026-08-17 15:44:53,343 [INFO] Frozen model.layers.1.self_attn.v_proj.bias                    | shape: (128,)               |   0.00M
2026-08-17 15:44:53,344 [INFO] Frozen model.layers.1.self_attn.o_proj.weight                  | shape: (896, 896)           |   0.80M
2026-08-17 15:44:53,344 [INFO] Frozen model.layers.1.mlp.gate_proj.weight                     | shape: (4864, 896)          |   4.36M
2026-08-17 15:44:53,344 [INFO] Frozen model.layers.1.mlp.up_proj.weight                       | shape: (4864, 896)          |   4.36M
2026-08-17 15:44:53,344 [INFO] Frozen model.layers.1.mlp.down_proj.weight                     | shape: (896, 4864)          |   4.36M
2026-08-17 15:44:53,345 [INFO] Frozen model.layers.1.input_layernorm.weight                   | shape: (896,)               |   0.00M
2026-08-17 15:44:53,345 [INFO] Frozen model.layers.1.post_attention_layernorm.weight          | shape: (896,)               |   0.00M
2026-08-17 15:44:53,345 [INFO] Frozen model.layers.2.self_attn.q_proj.weight                  | shape: (896, 896)           |   0.80M
2026-08-17 15:44:53,345 [INFO] Frozen model.layers.2.self_attn.q_proj.bias                    | shape: (896,)               |   0.00M
2026-08-17 15:44:53,346 [INFO] Frozen model.layers.2.self_attn.k_proj.weight                  | shape: (128, 896)           |   0.11M
2026-08-17 15:44:53,346 [INFO] Frozen model.layers.2.self_attn.k_proj.bias                    | shape: (128,)               |   0.00M
2026-08-17 15:44:53,346 [INFO] Frozen model.layers.2.self_attn.v_proj.weight                  | shape: (128, 896)           |   0.11M
2026-08-17 15:44:53,346 [INFO] Frozen model.layers.2.self_attn.v_proj.bias                    | shape: (128,)               |   0.00M
2026-08-17 15:44:53,347 [INFO] Frozen model.layers.2.self_attn.o_proj.weight                  | shape: (896, 896)           |   0.80M
2026-08-17 15:44:53,347 [INFO] Frozen model.layers.2.mlp.gate_proj.weight                     | shape: (4864, 896)          |   4.36M
2026-08-17 15:44:53,347 [INFO] Frozen model.layers.2.mlp.up_proj.weight                       | shape: (4864, 896)          |   4.36M
2026-08-17 15:44:53,347 [INFO] Frozen model.layers.2.mlp.down_proj.weight                     | shape: (896, 4864)          |   4.36M
2026-08-17 15:44:53,348 [INFO] Frozen model.layers.2.input_layernorm.weight                   | shape: (896,)               |   0.00M
2026-08-17 15:44:53,348 [INFO] Frozen model.layers.2.post_attention_layernorm.weight          | shape: (896,)               |   0.00M
2026-08-17 15:44:53,348 [INFO] Frozen model.layers.3.self_attn.q_proj.weight                  | shape: (896, 896)           |   0.80M
2026-08-17 15:44:53,348 [INFO] Frozen model.layers.3.self_attn.q_proj.bias                    | shape: (896,)               |   0.00M
2026-08-17 15:44:53,349 [INFO] Frozen model.layers.3.self_attn.k_proj.weight                  | shape: (128, 896)           |   0.11M
2026-08-17 15:44:53,349 [INFO] Frozen model.layers.3.self_attn.k_proj.bias                    | shape: (128,)               |   0.00M
2026-08-17 15:44:53,349 [INFO] Frozen model.layers.3.self_attn.v_proj.weight                  | shape: (128, 896)           |   0.11M
2026-08-17 15:44:53,349 [INFO] Frozen model.layers.3.self_attn.v_proj.bias                    | shape: (128,)               |   0.00M
2026-08-17 15:44:53,350 [INFO] Frozen model.layers.3.self_attn.o_proj.weight                  | shape: (896, 896)           |   0.80M
2026-08-17 15:44:53,350 [INFO] Frozen model.layers.3.mlp.gate_proj.weight                     | shape: (4864, 896)          |   4.36M
2026-08-17 15:44:53,350 [INFO] Frozen model.layers.3.mlp.up_proj.weight                       | shape: (4864, 896)          |   4.36M
2026-08-17 15:44:53,350 [INFO] Frozen model.layers.3.mlp.down_proj.weight                     | shape: (896, 4864)          |   4.36M
2026-08-17 15:44:53,351 [INFO] Frozen model.layers.3.input_layernorm.weight                   | shape: (896,)               |   0.00M
2026-08-17 15:44:53,351 [INFO] Frozen model.layers.3.post_attention_layernorm.weight          | shape: (896,)               |   0.00M
2026-08-17 15:44:53,351 [INFO] Frozen model.layers.4.self_attn.q_proj.weight                  | shape: (896, 896)           |   0.80M
2026-08-17 15:44:53,351 [INFO] Frozen model.layers.4.self_attn.q_proj.bias                    | shape: (896,)               |   0.00M
2026-08-17 15:44:53,352 [INFO] Frozen model.layers.4.self_attn.k_proj.weight                  | shape: (128, 896)           |   0.11M
2026-08-17 15:44:53,352 [INFO] Frozen model.layers.4.self_attn.k_proj.bias                    | shape: (128,)               |   0.00M
2026-08-17 15:44:53,352 [INFO] Frozen model.layers.4.self_attn.v_proj.weight                  | shape: (128, 896)           |   0.11M
2026-08-17 15:44:53,352 [INFO] Frozen model.layers.4.self_attn.v_proj.bias                    | shape: (128,)               |   0.00M
2026-08-17 15:44:53,352 [INFO] Frozen model.layers.4.self_attn.o_proj.weight                  | shape: (896, 896)           |   0.80M
2026-08-17 15:44:53,353 [INFO] Frozen model.layers.4.mlp.gate_proj.weight                     | shape: (4864, 896)          |   4.36M
2026-08-17 15:44:53,353 [INFO] Frozen model.layers.4.mlp.up_proj.weight                       | shape: (4864, 896)          |   4.36M
2026-08-17 15:44:53,353 [INFO] Frozen model.layers.4.mlp.down_proj.weight                     | shape: (896, 4864)          |   4.36M
2026-08-17 15:44:53,353 [INFO] Frozen model.layers.4.input_layernorm.weight                   | shape: (896,)               |   0.00M
2026-08-17 15:44:53,354 [INFO] Frozen model.layers.4.post_attention_layernorm.weight          | shape: (896,)               |   0.00M
2026-08-17 15:44:53,354 [INFO] Frozen model.layers.5.self_attn.q_proj.weight                  | shape: (896, 896)           |   0.80M
2026-08-17 15:44:53,354 [INFO] Frozen model.layers.5.self_attn.q_proj.bias                    | shape: (896,)               |   0.00M
2026-08-17 15:44:53,354 [INFO] Frozen model.layers.5.self_attn.k_proj.weight                  | shape: (128, 896)           |   0.11M
2026-08-17 15:44:53,355 [INFO] Frozen model.layers.5.self_attn.k_proj.bias                    | shape: (128,)               |   0.00M
2026-08-17 15:44:53,355 [INFO] Frozen model.layers.5.self_attn.v_proj.weight                  | shape: (128, 896)           |   0.11M
2026-08-17 15:44:53,355 [INFO] Frozen model.layers.5.self_attn.v_proj.bias                    | shape: (128,)               |   0.00M
2026-08-17 15:44:53,356 [INFO] Frozen model.layers.5.self_attn.o_proj.weight                  | shape: (896, 896)           |   0.80M
2026-08-17 15:44:53,356 [INFO] Frozen model.layers.5.mlp.gate_proj.weight                     | shape: (4864, 896)          |   4.36M
2026-08-17 15:44:53,356 [INFO] Frozen model.layers.5.mlp.up_proj.weight                       | shape: (4864, 896)          |   4.36M
2026-08-17 15:44:53,356 [INFO] Frozen model.layers.5.mlp.down_proj.weight                     | shape: (896, 4864)          |   4.36M
2026-08-17 15:44:53,357 [INFO] Frozen model.layers.5.input_layernorm.weight                   | shape: (896,)               |   0.00M
2026-08-17 15:44:53,357 [INFO] Frozen model.layers.5.post_attention_layernorm.weight          | shape: (896,)               |   0.00M
2026-08-17 15:44:53,357 [INFO] Frozen model.layers.6.self_attn.q_proj.weight                  | shape: (896, 896)           |   0.80M
2026-08-17 15:44:53,357 [INFO] Frozen model.layers.6.self_attn.q_proj.bias                    | shape: (896,)               |   0.00M
2026-08-17 15:44:53,358 [INFO] Frozen model.layers.6.self_attn.k_proj.weight                  | shape: (128, 896)           |   0.11M
2026-08-17 15:44:53,358 [INFO] Frozen model.layers.6.self_attn.k_proj.bias                    | shape: (128,)               |   0.00M
2026-08-17 15:44:53,358 [INFO] Frozen model.layers.6.self_attn.v_proj.weight                  | shape: (128, 896)           |   0.11M
2026-08-17 15:44:53,359 [INFO] Frozen model.layers.6.self_attn.v_proj.bias                    | shape: (128,)               |   0.00M
2026-08-17 15:44:53,359 [INFO] Frozen model.layers.6.self_attn.o_proj.weight                  | shape: (896, 896)           |   0.80M
2026-08-17 15:44:53,359 [INFO] Frozen model.layers.6.mlp.gate_proj.weight                     | shape: (4864, 896)          |   4.36M
2026-08-17 15:44:53,360 [INFO] Frozen model.layers.6.mlp.up_proj.weight                       | shape: (4864, 896)          |   4.36M
2026-08-17 15:44:53,360 [INFO] Frozen model.layers.6.mlp.down_proj.weight                     | shape: (896, 4864)          |   4.36M
2026-08-17 15:44:53,360 [INFO] Frozen model.layers.6.input_layernorm.weight                   | shape: (896,)               |   0.00M
2026-08-17 15:44:53,360 [INFO] Frozen model.layers.6.post_attention_layernorm.weight          | shape: (896,)               |   0.00M
2026-08-17 15:44:53,360 [INFO] Frozen model.layers.7.self_attn.q_proj.weight                  | shape: (896, 896)           |   0.80M
2026-08-17 15:44:53,361 [INFO] Frozen model.layers.7.self_attn.q_proj.bias                    | shape: (896,)               |   0.00M
2026-08-17 15:44:53,361 [INFO] Frozen model.layers.7.self_attn.k_proj.weight                  | shape: (128, 896)           |   0.11M
2026-08-17 15:44:53,361 [INFO] Frozen model.layers.7.self_attn.k_proj.bias                    | shape: (128,)               |   0.00M
2026-08-17 15:44:53,362 [INFO] Frozen model.layers.7.self_attn.v_proj.weight                  | shape: (128, 896)           |   0.11M
2026-08-17 15:44:53,362 [INFO] Frozen model.layers.7.self_attn.v_proj.bias                    | shape: (128,)               |   0.00M
2026-08-17 15:44:53,362 [INFO] Frozen model.layers.7.self_attn.o_proj.weight                  | shape: (896, 896)           |   0.80M
2026-08-17 15:44:53,362 [INFO] Frozen model.layers.7.mlp.gate_proj.weight                     | shape: (4864, 896)          |   4.36M
2026-08-17 15:44:53,363 [INFO] Frozen model.layers.7.mlp.up_proj.weight                       | shape: (4864, 896)          |   4.36M
2026-08-17 15:44:53,363 [INFO] Frozen model.layers.7.mlp.down_proj.weight                     | shape: (896, 4864)          |   4.36M
2026-08-17 15:44:53,363 [INFO] Frozen model.layers.7.input_layernorm.weight                   | shape: (896,)               |   0.00M
2026-08-17 15:44:53,364 [INFO] Frozen model.layers.7.post_attention_layernorm.weight          | shape: (896,)               |   0.00M
2026-08-17 15:44:53,364 [INFO] Frozen model.layers.8.self_attn.q_proj.weight                  | shape: (896, 896)           |   0.80M
2026-08-17 15:44:53,364 [INFO] Frozen model.layers.8.self_attn.q_proj.bias                    | shape: (896,)               |   0.00M
2026-08-17 15:44:53,364 [INFO] Frozen model.layers.8.self_attn.k_proj.weight                  | shape: (128, 896)           |   0.11M
2026-08-17 15:44:53,365 [INFO] Frozen model.layers.8.self_attn.k_proj.bias                    | shape: (128,)               |   0.00M
2026-08-17 15:44:53,365 [INFO] Frozen model.layers.8.self_attn.v_proj.weight                  | shape: (128, 896)           |   0.11M
2026-08-17 15:44:53,365 [INFO] Frozen model.layers.8.self_attn.v_proj.bias                    | shape: (128,)               |   0.00M
2026-08-17 15:44:53,365 [INFO] Frozen model.layers.8.self_attn.o_proj.weight                  | shape: (896, 896)           |   0.80M
2026-08-17 15:44:53,366 [INFO] Frozen model.layers.8.mlp.gate_proj.weight                     | shape: (4864, 896)          |   4.36M
2026-08-17 15:44:53,366 [INFO] Frozen model.layers.8.mlp.up_proj.weight                       | shape: (4864, 896)          |   4.36M
2026-08-17 15:44:53,366 [INFO] Frozen model.layers.8.mlp.down_proj.weight                     | shape: (896, 4864)          |   4.36M
2026-08-17 15:44:53,366 [INFO] Frozen model.layers.8.input_layernorm.weight                   | shape: (896,)               |   0.00M
2026-08-17 15:44:53,367 [INFO] Frozen model.layers.8.post_attention_layernorm.weight          | shape: (896,)               |   0.00M
2026-08-17 15:44:53,367 [INFO] Frozen model.layers.9.self_attn.q_proj.weight                  | shape: (896, 896)           |   0.80M
2026-08-17 15:44:53,367 [INFO] Frozen model.layers.9.self_attn.q_proj.bias                    | shape: (896,)               |   0.00M
2026-08-17 15:44:53,367 [INFO] Frozen model.layers.9.self_attn.k_proj.weight                  | shape: (128, 896)           |   0.11M
2026-08-17 15:44:53,368 [INFO] Frozen model.layers.9.self_attn.k_proj.bias                    | shape: (128,)               |   0.00M
2026-08-17 15:44:53,368 [INFO] Frozen model.layers.9.self_attn.v_proj.weight                  | shape: (128, 896)           |   0.11M
2026-08-17 15:44:53,368 [INFO] Frozen model.layers.9.self_attn.v_proj.bias                    | shape: (128,)               |   0.00M
2026-08-17 15:44:53,369 [INFO] Frozen model.layers.9.self_attn.o_proj.weight                  | shape: (896, 896)           |   0.80M
2026-08-17 15:44:53,369 [INFO] Frozen model.layers.9.mlp.gate_proj.weight                     | shape: (4864, 896)          |   4.36M
2026-08-17 15:44:53,369 [INFO] Frozen model.layers.9.mlp.up_proj.weight                       | shape: (4864, 896)          |   4.36M
2026-08-17 15:44:53,369 [INFO] Frozen model.layers.9.mlp.down_proj.weight                     | shape: (896, 4864)          |   4.36M
2026-08-17 15:44:53,370 [INFO] Frozen model.layers.9.input_layernorm.weight                   | shape: (896,)               |   0.00M
2026-08-17 15:44:53,370 [INFO] Frozen model.layers.9.post_attention_layernorm.weight          | shape: (896,)               |   0.00M
2026-08-17 15:44:53,370 [INFO] Frozen model.layers.10.self_attn.q_proj.weight                 | shape: (896, 896)           |   0.80M
2026-08-17 15:44:53,370 [INFO] Frozen model.layers.10.self_attn.q_proj.bias                   | shape: (896,)               |   0.00M
2026-08-17 15:44:53,371 [INFO] Frozen model.layers.10.self_attn.k_proj.weight                 | shape: (128, 896)           |   0.11M
2026-08-17 15:44:53,371 [INFO] Frozen model.layers.10.self_attn.k_proj.bias                   | shape: (128,)               |   0.00M
2026-08-17 15:44:53,371 [INFO] Frozen model.layers.10.self_attn.v_proj.weight                 | shape: (128, 896)           |   0.11M
2026-08-17 15:44:53,371 [INFO] Frozen model.layers.10.self_attn.v_proj.bias                   | shape: (128,)               |   0.00M
2026-08-17 15:44:53,372 [INFO] Frozen model.layers.10.self_attn.o_proj.weight                 | shape: (896, 896)           |   0.80M
2026-08-17 15:44:53,372 [INFO] Frozen model.layers.10.mlp.gate_proj.weight                    | shape: (4864, 896)          |   4.36M
2026-08-17 15:44:53,372 [INFO] Frozen model.layers.10.mlp.up_proj.weight                      | shape: (4864, 896)          |   4.36M
2026-08-17 15:44:53,373 [INFO] Frozen model.layers.10.mlp.down_proj.weight                    | shape: (896, 4864)          |   4.36M
2026-08-17 15:44:53,373 [INFO] Frozen model.layers.10.input_layernorm.weight                  | shape: (896,)               |   0.00M
2026-08-17 15:44:53,373 [INFO] Frozen model.layers.10.post_attention_layernorm.weight         | shape: (896,)               |   0.00M
2026-08-17 15:44:53,373 [INFO] Frozen model.layers.11.self_attn.q_proj.weight                 | shape: (896, 896)           |   0.80M
2026-08-17 15:44:53,374 [INFO] Frozen model.layers.11.self_attn.q_proj.bias                   | shape: (896,)               |   0.00M
2026-08-17 15:44:53,374 [INFO] Frozen model.layers.11.self_attn.k_proj.weight                 | shape: (128, 896)           |   0.11M
2026-08-17 15:44:53,374 [INFO] Frozen model.layers.11.self_attn.k_proj.bias                   | shape: (128,)               |   0.00M
2026-08-17 15:44:53,374 [INFO] Frozen model.layers.11.self_attn.v_proj.weight                 | shape: (128, 896)           |   0.11M
2026-08-17 15:44:53,375 [INFO] Frozen model.layers.11.self_attn.v_proj.bias                   | shape: (128,)               |   0.00M
2026-08-17 15:44:53,375 [INFO] Frozen model.layers.11.self_attn.o_proj.weight                 | shape: (896, 896)           |   0.80M
2026-08-17 15:44:53,375 [INFO] Frozen model.layers.11.mlp.gate_proj.weight                    | shape: (4864, 896)          |   4.36M
2026-08-17 15:44:53,375 [INFO] Frozen model.layers.11.mlp.up_proj.weight                      | shape: (4864, 896)          |   4.36M
2026-08-17 15:44:53,376 [INFO] Frozen model.layers.11.mlp.down_proj.weight                    | shape: (896, 4864)          |   4.36M
2026-08-17 15:44:53,376 [INFO] Frozen model.layers.11.input_layernorm.weight                  | shape: (896,)               |   0.00M
2026-08-17 15:44:53,376 [INFO] Frozen model.layers.11.post_attention_layernorm.weight         | shape: (896,)               |   0.00M
2026-08-17 15:44:53,376 [INFO] Frozen model.layers.12.self_attn.q_proj.weight                 | shape: (896, 896)           |   0.80M
2026-08-17 15:44:53,377 [INFO] Frozen model.layers.12.self_attn.q_proj.bias                   | shape: (896,)               |   0.00M
2026-08-17 15:44:53,377 [INFO] Frozen model.layers.12.self_attn.k_proj.weight                 | shape: (128, 896)           |   0.11M
2026-08-17 15:44:53,377 [INFO] Frozen model.layers.12.self_attn.k_proj.bias                   | shape: (128,)               |   0.00M
2026-08-17 15:44:53,377 [INFO] Frozen model.layers.12.self_attn.v_proj.weight                 | shape: (128, 896)           |   0.11M
2026-08-17 15:44:53,377 [INFO] Frozen model.layers.12.self_attn.v_proj.bias                   | shape: (128,)               |   0.00M
2026-08-17 15:44:53,378 [INFO] Frozen model.layers.12.self_attn.o_proj.weight                 | shape: (896, 896)           |   0.80M
2026-08-17 15:44:53,378 [INFO] Frozen model.layers.12.mlp.gate_proj.weight                    | shape: (4864, 896)          |   4.36M
2026-08-17 15:44:53,378 [INFO] Frozen model.layers.12.mlp.up_proj.weight                      | shape: (4864, 896)          |   4.36M
2026-08-17 15:44:53,378 [INFO] Frozen model.layers.12.mlp.down_proj.weight                    | shape: (896, 4864)          |   4.36M
2026-08-17 15:44:53,378 [INFO] Frozen model.layers.12.input_layernorm.weight                  | shape: (896,)               |   0.00M
2026-08-17 15:44:53,379 [INFO] Frozen model.layers.12.post_attention_layernorm.weight         | shape: (896,)               |   0.00M
2026-08-17 15:44:53,379 [INFO] Frozen model.layers.13.self_attn.q_proj.weight                 | shape: (896, 896)           |   0.80M
2026-08-17 15:44:53,379 [INFO] Frozen model.layers.13.self_attn.q_proj.bias                   | shape: (896,)               |   0.00M
2026-08-17 15:44:53,380 [INFO] Frozen model.layers.13.self_attn.k_proj.weight                 | shape: (128, 896)           |   0.11M
2026-08-17 15:44:53,380 [INFO] Frozen model.layers.13.self_attn.k_proj.bias                   | shape: (128,)               |   0.00M
2026-08-17 15:44:53,380 [INFO] Frozen model.layers.13.self_attn.v_proj.weight                 | shape: (128, 896)           |   0.11M
2026-08-17 15:44:53,381 [INFO] Frozen model.layers.13.self_attn.v_proj.bias                   | shape: (128,)               |   0.00M
2026-08-17 15:44:53,381 [INFO] Frozen model.layers.13.self_attn.o_proj.weight                 | shape: (896, 896)           |   0.80M
2026-08-17 15:44:53,381 [INFO] Frozen model.layers.13.mlp.gate_proj.weight                    | shape: (4864, 896)          |   4.36M
2026-08-17 15:44:53,381 [INFO] Frozen model.layers.13.mlp.up_proj.weight                      | shape: (4864, 896)          |   4.36M
2026-08-17 15:44:53,382 [INFO] Frozen model.layers.13.mlp.down_proj.weight                    | shape: (896, 4864)          |   4.36M
2026-08-17 15:44:53,382 [INFO] Frozen model.layers.13.input_layernorm.weight                  | shape: (896,)               |   0.00M
2026-08-17 15:44:53,382 [INFO] Frozen model.layers.13.post_attention_layernorm.weight         | shape: (896,)               |   0.00M
2026-08-17 15:44:53,382 [INFO] Frozen model.norm.weight                                       | shape: (896,)               |   0.00M
2026-08-17 15:44:53,383 [INFO] ----------------------------------------------------------------------
2026-08-17 15:44:53,383 [INFO] Total     : 344.67M
2026-08-17 15:44:53,383 [INFO] Trainable : 0.00M
2026-08-17 15:44:53,384 [INFO] Frozen    : 344.67M
2026-08-17 15:44:53,384 [INFO] 
 Module: action_head
2026-08-17 15:44:53,384 [INFO] ----------------------------------------------------------------------
2026-08-17 15:44:53,384 [INFO] Trainable transformer_blocks.0.attn.in_proj_weight                | shape: (2688, 896)          |   2.41M
2026-08-17 15:44:53,385 [INFO] Trainable transformer_blocks.0.attn.in_proj_bias                  | shape: (2688,)              |   0.00M
2026-08-17 15:44:53,385 [INFO] Trainable transformer_blocks.0.attn.out_proj.weight               | shape: (896, 896)           |   0.80M
2026-08-17 15:44:53,385 [INFO] Trainable transformer_blocks.0.attn.out_proj.bias                 | shape: (896,)               |   0.00M
2026-08-17 15:44:53,385 [INFO] Trainable transformer_blocks.0.norm1.weight                       | shape: (896,)               |   0.00M
2026-08-17 15:44:53,386 [INFO] Trainable transformer_blocks.0.norm1.bias                         | shape: (896,)               |   0.00M
2026-08-17 15:44:53,386 [INFO] Trainable transformer_blocks.0.norm2.weight                       | shape: (896,)               |   0.00M
2026-08-17 15:44:53,386 [INFO] Trainable transformer_blocks.0.norm2.bias                         | shape: (896,)               |   0.00M
2026-08-17 15:44:53,386 [INFO] Trainable transformer_blocks.0.ff.0.weight                        | shape: (3584, 896)          |   3.21M
2026-08-17 15:44:53,387 [INFO] Trainable transformer_blocks.0.ff.0.bias                          | shape: (3584,)              |   0.00M
2026-08-17 15:44:53,387 [INFO] Trainable transformer_blocks.0.ff.2.weight                        | shape: (896, 3584)          |   3.21M
2026-08-17 15:44:53,387 [INFO] Trainable transformer_blocks.0.ff.2.bias                          | shape: (896,)               |   0.00M
2026-08-17 15:44:53,388 [INFO] Trainable transformer_blocks.1.attn.in_proj_weight                | shape: (2688, 896)          |   2.41M
2026-08-17 15:44:53,388 [INFO] Trainable transformer_blocks.1.attn.in_proj_bias                  | shape: (2688,)              |   0.00M
2026-08-17 15:44:53,388 [INFO] Trainable transformer_blocks.1.attn.out_proj.weight               | shape: (896, 896)           |   0.80M
2026-08-17 15:44:53,388 [INFO] Trainable transformer_blocks.1.attn.out_proj.bias                 | shape: (896,)               |   0.00M
2026-08-17 15:44:53,389 [INFO] Trainable transformer_blocks.1.norm1.weight                       | shape: (896,)               |   0.00M
2026-08-17 15:44:53,389 [INFO] Trainable transformer_blocks.1.norm1.bias                         | shape: (896,)               |   0.00M
2026-08-17 15:44:53,389 [INFO] Trainable transformer_blocks.1.norm2.weight                       | shape: (896,)               |   0.00M
2026-08-17 15:44:53,390 [INFO] Trainable transformer_blocks.1.norm2.bias                         | shape: (896,)               |   0.00M
2026-08-17 15:44:53,390 [INFO] Trainable transformer_blocks.1.ff.0.weight                        | shape: (3584, 896)          |   3.21M
2026-08-17 15:44:53,390 [INFO] Trainable transformer_blocks.1.ff.0.bias                          | shape: (3584,)              |   0.00M
2026-08-17 15:44:53,390 [INFO] Trainable transformer_blocks.1.ff.2.weight                        | shape: (896, 3584)          |   3.21M
2026-08-17 15:44:53,391 [INFO] Trainable transformer_blocks.1.ff.2.bias                          | shape: (896,)               |   0.00M
2026-08-17 15:44:53,391 [INFO] Trainable transformer_blocks.2.attn.in_proj_weight                | shape: (2688, 896)          |   2.41M
2026-08-17 15:44:53,391 [INFO] Trainable transformer_blocks.2.attn.in_proj_bias                  | shape: (2688,)              |   0.00M
2026-08-17 15:44:53,391 [INFO] Trainable transformer_blocks.2.attn.out_proj.weight               | shape: (896, 896)           |   0.80M
2026-08-17 15:44:53,392 [INFO] Trainable transformer_blocks.2.attn.out_proj.bias                 | shape: (896,)               |   0.00M
2026-08-17 15:44:53,392 [INFO] Trainable transformer_blocks.2.norm1.weight                       | shape: (896,)               |   0.00M
2026-08-17 15:44:53,392 [INFO] Trainable transformer_blocks.2.norm1.bias                         | shape: (896,)               |   0.00M
2026-08-17 15:44:53,392 [INFO] Trainable transformer_blocks.2.norm2.weight                       | shape: (896,)               |   0.00M
2026-08-17 15:44:53,393 [INFO] Trainable transformer_blocks.2.norm2.bias                         | shape: (896,)               |   0.00M
2026-08-17 15:44:53,393 [INFO] Trainable transformer_blocks.2.ff.0.weight                        | shape: (3584, 896)          |   3.21M
2026-08-17 15:44:53,393 [INFO] Trainable transformer_blocks.2.ff.0.bias                          | shape: (3584,)              |   0.00M
2026-08-17 15:44:53,393 [INFO] Trainable transformer_blocks.2.ff.2.weight                        | shape: (896, 3584)          |   3.21M
2026-08-17 15:44:53,393 [INFO] Trainable transformer_blocks.2.ff.2.bias                          | shape: (896,)               |   0.00M
2026-08-17 15:44:53,394 [INFO] Trainable transformer_blocks.3.attn.in_proj_weight                | shape: (2688, 896)          |   2.41M
2026-08-17 15:44:53,394 [INFO] Trainable transformer_blocks.3.attn.in_proj_bias                  | shape: (2688,)              |   0.00M
2026-08-17 15:44:53,394 [INFO] Trainable transformer_blocks.3.attn.out_proj.weight               | shape: (896, 896)           |   0.80M
2026-08-17 15:44:53,394 [INFO] Trainable transformer_blocks.3.attn.out_proj.bias                 | shape: (896,)               |   0.00M
2026-08-17 15:44:53,395 [INFO] Trainable transformer_blocks.3.norm1.weight                       | shape: (896,)               |   0.00M
2026-08-17 15:44:53,395 [INFO] Trainable transformer_blocks.3.norm1.bias                         | shape: (896,)               |   0.00M
2026-08-17 15:44:53,395 [INFO] Trainable transformer_blocks.3.norm2.weight                       | shape: (896,)               |   0.00M
2026-08-17 15:44:53,395 [INFO] Trainable transformer_blocks.3.norm2.bias                         | shape: (896,)               |   0.00M
2026-08-17 15:44:53,396 [INFO] Trainable transformer_blocks.3.ff.0.weight                        | shape: (3584, 896)          |   3.21M
2026-08-17 15:44:53,396 [INFO] Trainable transformer_blocks.3.ff.0.bias                          | shape: (3584,)              |   0.00M
2026-08-17 15:44:53,396 [INFO] Trainable transformer_blocks.3.ff.2.weight                        | shape: (896, 3584)          |   3.21M
2026-08-17 15:44:53,397 [INFO] Trainable transformer_blocks.3.ff.2.bias                          | shape: (896,)               |   0.00M
2026-08-17 15:44:53,397 [INFO] Trainable transformer_blocks.4.attn.in_proj_weight                | shape: (2688, 896)          |   2.41M
2026-08-17 15:44:53,397 [INFO] Trainable transformer_blocks.4.attn.in_proj_bias                  | shape: (2688,)              |   0.00M
2026-08-17 15:44:53,398 [INFO] Trainable transformer_blocks.4.attn.out_proj.weight               | shape: (896, 896)           |   0.80M
2026-08-17 15:44:53,398 [INFO] Trainable transformer_blocks.4.attn.out_proj.bias                 | shape: (896,)               |   0.00M
2026-08-17 15:44:53,398 [INFO] Trainable transformer_blocks.4.norm1.weight                       | shape: (896,)               |   0.00M
2026-08-17 15:44:53,398 [INFO] Trainable transformer_blocks.4.norm1.bias                         | shape: (896,)               |   0.00M
2026-08-17 15:44:53,399 [INFO] Trainable transformer_blocks.4.norm2.weight                       | shape: (896,)               |   0.00M
2026-08-17 15:44:53,399 [INFO] Trainable transformer_blocks.4.norm2.bias                         | shape: (896,)               |   0.00M
2026-08-17 15:44:53,399 [INFO] Trainable transformer_blocks.4.ff.0.weight                        | shape: (3584, 896)          |   3.21M
2026-08-17 15:44:53,399 [INFO] Trainable transformer_blocks.4.ff.0.bias                          | shape: (3584,)              |   0.00M
2026-08-17 15:44:53,400 [INFO] Trainable transformer_blocks.4.ff.2.weight                        | shape: (896, 3584)          |   3.21M
2026-08-17 15:44:53,400 [INFO] Trainable transformer_blocks.4.ff.2.bias                          | shape: (896,)               |   0.00M
2026-08-17 15:44:53,400 [INFO] Trainable transformer_blocks.5.attn.in_proj_weight                | shape: (2688, 896)          |   2.41M
2026-08-17 15:44:53,400 [INFO] Trainable transformer_blocks.5.attn.in_proj_bias                  | shape: (2688,)              |   0.00M
2026-08-17 15:44:53,401 [INFO] Trainable transformer_blocks.5.attn.out_proj.weight               | shape: (896, 896)           |   0.80M
2026-08-17 15:44:53,401 [INFO] Trainable transformer_blocks.5.attn.out_proj.bias                 | shape: (896,)               |   0.00M
2026-08-17 15:44:53,401 [INFO] Trainable transformer_blocks.5.norm1.weight                       | shape: (896,)               |   0.00M
2026-08-17 15:44:53,402 [INFO] Trainable transformer_blocks.5.norm1.bias                         | shape: (896,)               |   0.00M
2026-08-17 15:44:53,402 [INFO] Trainable transformer_blocks.5.norm2.weight                       | shape: (896,)               |   0.00M
2026-08-17 15:44:53,402 [INFO] Trainable transformer_blocks.5.norm2.bias                         | shape: (896,)               |   0.00M
2026-08-17 15:44:53,402 [INFO] Trainable transformer_blocks.5.ff.0.weight                        | shape: (3584, 896)          |   3.21M
2026-08-17 15:44:53,403 [INFO] Trainable transformer_blocks.5.ff.0.bias                          | shape: (3584,)              |   0.00M
2026-08-17 15:44:53,403 [INFO] Trainable transformer_blocks.5.ff.2.weight                        | shape: (896, 3584)          |   3.21M
2026-08-17 15:44:53,403 [INFO] Trainable transformer_blocks.5.ff.2.bias                          | shape: (896,)               |   0.00M
2026-08-17 15:44:53,403 [INFO] Trainable transformer_blocks.6.attn.in_proj_weight                | shape: (2688, 896)          |   2.41M
2026-08-17 15:44:53,403 [INFO] Trainable transformer_blocks.6.attn.in_proj_bias                  | shape: (2688,)              |   0.00M
2026-08-17 15:44:53,404 [INFO] Trainable transformer_blocks.6.attn.out_proj.weight               | shape: (896, 896)           |   0.80M
2026-08-17 15:44:53,404 [INFO] Trainable transformer_blocks.6.attn.out_proj.bias                 | shape: (896,)               |   0.00M
2026-08-17 15:44:53,404 [INFO] Trainable transformer_blocks.6.norm1.weight                       | shape: (896,)               |   0.00M
2026-08-17 15:44:53,404 [INFO] Trainable transformer_blocks.6.norm1.bias                         | shape: (896,)               |   0.00M
2026-08-17 15:44:53,404 [INFO] Trainable transformer_blocks.6.norm2.weight                       | shape: (896,)               |   0.00M
2026-08-17 15:44:53,405 [INFO] Trainable transformer_blocks.6.norm2.bias                         | shape: (896,)               |   0.00M
2026-08-17 15:44:53,405 [INFO] Trainable transformer_blocks.6.ff.0.weight                        | shape: (3584, 896)          |   3.21M
2026-08-17 15:44:53,405 [INFO] Trainable transformer_blocks.6.ff.0.bias                          | shape: (3584,)              |   0.00M
2026-08-17 15:44:53,405 [INFO] Trainable transformer_blocks.6.ff.2.weight                        | shape: (896, 3584)          |   3.21M
2026-08-17 15:44:53,406 [INFO] Trainable transformer_blocks.6.ff.2.bias                          | shape: (896,)               |   0.00M
2026-08-17 15:44:53,406 [INFO] Trainable transformer_blocks.7.attn.in_proj_weight                | shape: (2688, 896)          |   2.41M
2026-08-17 15:44:53,406 [INFO] Trainable transformer_blocks.7.attn.in_proj_bias                  | shape: (2688,)              |   0.00M
2026-08-17 15:44:53,406 [INFO] Trainable transformer_blocks.7.attn.out_proj.weight               | shape: (896, 896)           |   0.80M
2026-08-17 15:44:53,407 [INFO] Trainable transformer_blocks.7.attn.out_proj.bias                 | shape: (896,)               |   0.00M
2026-08-17 15:44:53,407 [INFO] Trainable transformer_blocks.7.norm1.weight                       | shape: (896,)               |   0.00M
2026-08-17 15:44:53,407 [INFO] Trainable transformer_blocks.7.norm1.bias                         | shape: (896,)               |   0.00M
2026-08-17 15:44:53,407 [INFO] Trainable transformer_blocks.7.norm2.weight                       | shape: (896,)               |   0.00M
2026-08-17 15:44:53,408 [INFO] Trainable transformer_blocks.7.norm2.bias                         | shape: (896,)               |   0.00M
2026-08-17 15:44:53,408 [INFO] Trainable transformer_blocks.7.ff.0.weight                        | shape: (3584, 896)          |   3.21M
2026-08-17 15:44:53,408 [INFO] Trainable transformer_blocks.7.ff.0.bias                          | shape: (3584,)              |   0.00M
2026-08-17 15:44:53,408 [INFO] Trainable transformer_blocks.7.ff.2.weight                        | shape: (896, 3584)          |   3.21M
2026-08-17 15:44:53,409 [INFO] Trainable transformer_blocks.7.ff.2.bias                          | shape: (896,)               |   0.00M
2026-08-17 15:44:53,409 [INFO] Trainable norm_out.weight                                         | shape: (896,)               |   0.00M
2026-08-17 15:44:53,409 [INFO] Trainable norm_out.bias                                           | shape: (896,)               |   0.00M
2026-08-17 15:44:53,409 [INFO] Trainable seq_pool_proj.weight                                    | shape: (896, 12544)         |  11.24M
2026-08-17 15:44:53,410 [INFO] Trainable seq_pool_proj.bias                                      | shape: (896,)               |   0.00M
2026-08-17 15:44:53,410 [INFO] Trainable mlp_head.fc1.linear.weight                              | shape: (1024, 896)          |   0.92M
2026-08-17 15:44:53,410 [INFO] Trainable mlp_head.fc1.linear.bias                                | shape: (1024,)              |   0.00M
2026-08-17 15:44:53,410 [INFO] Trainable mlp_head.fc2.linear.weight                              | shape: (336, 1024)          |   0.34M
2026-08-17 15:44:53,411 [INFO] Trainable mlp_head.fc2.linear.bias                                | shape: (336,)               |   0.00M
2026-08-17 15:44:53,411 [INFO] Trainable state_encoder.fc1.linear.weight                         | shape: (1024, 24)           |   0.02M
2026-08-17 15:44:53,411 [INFO] Trainable state_encoder.fc1.linear.bias                           | shape: (1024,)              |   0.00M
2026-08-17 15:44:53,411 [INFO] Trainable state_encoder.fc2.linear.weight                         | shape: (896, 1024)          |   0.92M
2026-08-17 15:44:53,412 [INFO] Trainable state_encoder.fc2.linear.bias                           | shape: (896,)               |   0.00M
2026-08-17 15:44:53,412 [INFO] Trainable action_encoder.W1.linear.weight                         | shape: (896, 24)            |   0.02M
2026-08-17 15:44:53,412 [INFO] Trainable action_encoder.W1.linear.bias                           | shape: (896,)               |   0.00M
2026-08-17 15:44:53,412 [INFO] Trainable action_encoder.W2.linear.weight                         | shape: (896, 896)           |   0.80M
2026-08-17 15:44:53,413 [INFO] Trainable action_encoder.W2.linear.bias                           | shape: (896,)               |   0.00M
2026-08-17 15:44:53,413 [INFO] Trainable action_encoder.W3.linear.weight                         | shape: (896, 896)           |   0.80M
2026-08-17 15:44:53,413 [INFO] Trainable action_encoder.W3.linear.bias                           | shape: (896,)               |   0.00M
2026-08-17 15:44:53,413 [INFO] ----------------------------------------------------------------------
2026-08-17 15:44:53,414 [INFO] Total     : 92.24M
2026-08-17 15:44:53,414 [INFO] Trainable : 92.24M
2026-08-17 15:44:53,414 [INFO] Frozen    : 0.00M
2026-08-17 15:44:53,414 [INFO] ======================================================================
2026-08-17 15:44:53,415 [INFO] ALL TOTAL     : 740.93M
2026-08-17 15:44:53,415 [INFO] ALL TRAINABLE : 92.24M
2026-08-17 15:44:53,415 [INFO] ALL FROZEN    : 648.69M
2026-08-17 15:44:53,415 [INFO] ======================================================================
2026-08-17 15:44:58,108 [INFO] Estimated Epoch: 0.00
2026-08-17 15:44:58,108 [INFO] [Step 0] Loss: 0.9023
2026-08-17 15:45:50,194 [INFO] Estimated Epoch: 0.02
2026-08-17 15:45:50,195 [INFO] [Step 20] Loss: 0.9258
2026-08-17 15:46:41,999 [INFO] Estimated Epoch: 0.05
2026-08-17 15:46:42,000 [INFO] [Step 40] Loss: 0.8320
2026-08-17 15:47:34,684 [INFO] Estimated Epoch: 0.07
2026-08-17 15:47:34,685 [INFO] [Step 60] Loss: 0.7578
2026-08-17 15:48:26,553 [INFO] Estimated Epoch: 0.10
2026-08-17 15:48:26,554 [INFO] [Step 80] Loss: 0.8320
2026-08-17 15:49:18,120 [INFO] Estimated Epoch: 0.12
2026-08-17 15:49:18,120 [INFO] [Step 100] Loss: 0.6953
2026-08-17 15:50:10,090 [INFO] Estimated Epoch: 0.14
2026-08-17 15:50:10,091 [INFO] [Step 120] Loss: 0.6641
2026-08-17 15:51:01,262 [INFO] Estimated Epoch: 0.17
2026-08-17 15:51:01,263 [INFO] [Step 140] Loss: 0.6875
2026-08-17 15:51:57,977 [INFO] Estimated Epoch: 0.19
2026-08-17 15:51:57,977 [INFO] [Step 160] Loss: 0.8281
2026-08-17 15:52:54,547 [INFO] Estimated Epoch: 0.22
2026-08-17 15:52:54,548 [INFO] [Step 180] Loss: 0.7070
2026-08-17 15:53:49,505 [INFO] Estimated Epoch: 0.24
2026-08-17 15:53:49,506 [INFO] [Step 200] Loss: 0.6250
2026-08-17 15:54:49,855 [INFO] Estimated Epoch: 0.27
2026-08-17 15:54:49,855 [INFO] [Step 220] Loss: 0.5312
2026-08-17 15:55:50,836 [INFO] Estimated Epoch: 0.29
2026-08-17 15:55:50,837 [INFO] [Step 240] Loss: 0.6094
2026-08-17 15:56:51,258 [INFO] Estimated Epoch: 0.31
2026-08-17 15:56:51,258 [INFO] [Step 260] Loss: 0.5234
2026-08-17 15:57:44,017 [INFO] Estimated Epoch: 0.34
2026-08-17 15:57:44,018 [INFO] [Step 280] Loss: 0.5938
2026-08-17 15:58:37,470 [INFO] Estimated Epoch: 0.36
2026-08-17 15:58:37,471 [INFO] [Step 300] Loss: 0.5352
2026-08-17 15:59:31,488 [INFO] Estimated Epoch: 0.39
2026-08-17 15:59:31,488 [INFO] [Step 320] Loss: 0.5117
2026-08-17 16:00:24,140 [INFO] Estimated Epoch: 0.41
2026-08-17 16:00:24,141 [INFO] [Step 340] Loss: 0.5547
2026-08-17 16:01:16,060 [INFO] Estimated Epoch: 0.43
2026-08-17 16:01:16,061 [INFO] [Step 360] Loss: 0.5547
2026-08-17 16:02:08,004 [INFO] Estimated Epoch: 0.46
2026-08-17 16:02:08,005 [INFO] [Step 380] Loss: 0.5703
2026-08-17 16:03:00,416 [INFO] Estimated Epoch: 0.48
2026-08-17 16:03:00,417 [INFO] [Step 400] Loss: 0.5234
2026-08-17 16:03:51,587 [INFO] Estimated Epoch: 0.51
2026-08-17 16:03:51,587 [INFO] [Step 420] Loss: 0.5664
2026-08-17 16:04:42,659 [INFO] Estimated Epoch: 0.53
2026-08-17 16:04:42,660 [INFO] [Step 440] Loss: 0.5195
2026-08-17 16:05:33,961 [INFO] Estimated Epoch: 0.55
2026-08-17 16:05:33,962 [INFO] [Step 460] Loss: 0.4512
2026-08-17 16:06:25,012 [INFO] Estimated Epoch: 0.58
2026-08-17 16:06:25,012 [INFO] [Step 480] Loss: 0.4609
2026-08-17 16:07:15,819 [INFO] Estimated Epoch: 0.60
2026-08-17 16:07:15,819 [INFO] [Step 500] Loss: 0.4453
2026-08-17 16:08:07,362 [INFO] Estimated Epoch: 0.63
2026-08-17 16:08:07,362 [INFO] [Step 520] Loss: 0.4023
2026-08-17 16:08:58,705 [INFO] Estimated Epoch: 0.65
2026-08-17 16:08:58,705 [INFO] [Step 540] Loss: 0.4629
2026-08-17 16:09:49,747 [INFO] Estimated Epoch: 0.67
2026-08-17 16:09:49,747 [INFO] [Step 560] Loss: 0.4922
2026-08-17 16:10:40,675 [INFO] Estimated Epoch: 0.70
2026-08-17 16:10:40,676 [INFO] [Step 580] Loss: 0.5195
2026-08-17 16:11:31,698 [INFO] Estimated Epoch: 0.72
2026-08-17 16:11:31,699 [INFO] [Step 600] Loss: 0.4414
2026-08-17 16:12:23,050 [INFO] Estimated Epoch: 0.75
2026-08-17 16:12:23,051 [INFO] [Step 620] Loss: 0.4648
2026-08-17 16:13:14,063 [INFO] Estimated Epoch: 0.77
2026-08-17 16:13:14,064 [INFO] [Step 640] Loss: 0.4531
2026-08-17 16:14:05,747 [INFO] Estimated Epoch: 0.80
2026-08-17 16:14:05,748 [INFO] [Step 660] Loss: 0.3867
2026-08-17 16:14:56,881 [INFO] Estimated Epoch: 0.82
2026-08-17 16:14:56,882 [INFO] [Step 680] Loss: 0.4219
2026-08-17 16:15:47,820 [INFO] Estimated Epoch: 0.84
2026-08-17 16:15:47,821 [INFO] [Step 700] Loss: 0.4609
2026-08-17 16:16:38,772 [INFO] Estimated Epoch: 0.87
2026-08-17 16:16:38,772 [INFO] [Step 720] Loss: 0.4375
2026-08-17 16:17:29,757 [INFO] Estimated Epoch: 0.89
2026-08-17 16:17:29,758 [INFO] [Step 740] Loss: 0.5156
2026-08-17 16:18:20,789 [INFO] Estimated Epoch: 0.92
2026-08-17 16:18:20,789 [INFO] [Step 760] Loss: 0.4746
2026-08-17 16:19:11,605 [INFO] Estimated Epoch: 0.94
2026-08-17 16:19:11,606 [INFO] [Step 780] Loss: 0.3906
2026-08-17 16:20:03,000 [INFO] Estimated Epoch: 0.96
2026-08-17 16:20:03,001 [INFO] [Step 800] Loss: 0.4160
2026-08-17 16:20:54,343 [INFO] Estimated Epoch: 0.99
2026-08-17 16:20:54,344 [INFO] [Step 820] Loss: 0.4863
2026-08-17 16:21:46,108 [INFO] Estimated Epoch: 1.01
2026-08-17 16:21:46,109 [INFO] [Step 840] Loss: 0.4258
2026-08-17 16:22:37,216 [INFO] Estimated Epoch: 1.04
2026-08-17 16:22:37,216 [INFO] [Step 860] Loss: 0.4629
2026-08-17 16:23:28,113 [INFO] Estimated Epoch: 1.06
2026-08-17 16:23:28,114 [INFO] [Step 880] Loss: 0.4141
2026-08-17 16:24:18,963 [INFO] Estimated Epoch: 1.08
2026-08-17 16:24:18,963 [INFO] [Step 900] Loss: 0.4258
2026-08-17 16:25:09,867 [INFO] Estimated Epoch: 1.11
2026-08-17 16:25:09,868 [INFO] [Step 920] Loss: 0.4043
2026-08-17 16:26:01,282 [INFO] Estimated Epoch: 1.13
2026-08-17 16:26:01,282 [INFO] [Step 940] Loss: 0.4336
2026-08-17 16:26:52,648 [INFO] Estimated Epoch: 1.16
2026-08-17 16:26:52,649 [INFO] [Step 960] Loss: 0.4688
2026-08-17 16:27:43,859 [INFO] Estimated Epoch: 1.18
2026-08-17 16:27:43,860 [INFO] [Step 980] Loss: 0.4160
2026-08-17 16:28:34,876 [INFO] Estimated Epoch: 1.20
2026-08-17 16:28:34,876 [INFO] [Step 1000] Loss: 0.3984
2026-08-17 16:29:25,848 [INFO] Estimated Epoch: 1.23
2026-08-17 16:29:25,848 [INFO] [Step 1020] Loss: 0.4297
2026-08-17 16:30:17,063 [INFO] Estimated Epoch: 1.25
2026-08-17 16:30:17,064 [INFO] [Step 1040] Loss: 0.4453
2026-08-17 16:31:07,798 [INFO] Estimated Epoch: 1.28
2026-08-17 16:31:07,798 [INFO] [Step 1060] Loss: 0.3691
2026-08-17 16:31:59,307 [INFO] Estimated Epoch: 1.30
2026-08-17 16:31:59,307 [INFO] [Step 1080] Loss: 0.4297
2026-08-17 16:32:50,544 [INFO] Estimated Epoch: 1.33
2026-08-17 16:32:50,545 [INFO] [Step 1100] Loss: 0.3633
2026-08-17 16:33:41,217 [INFO] Estimated Epoch: 1.35
2026-08-17 16:33:41,217 [INFO] [Step 1120] Loss: 0.3516
2026-08-17 16:34:23,106 [INFO] [Rank 0] Saved checkpoint to /home/user/mujoco+evo/ckpt/evo1_mujoco_pickplace_stage1/step_best
2026-08-17 16:34:23,113 [INFO] Saved best checkpoint at step 1129 with loss 0.332031
2026-08-17 16:34:51,351 [INFO] Estimated Epoch: 1.37
2026-08-17 16:34:51,352 [INFO] [Step 1140] Loss: 0.3574
2026-08-17 16:35:34,849 [WARNING] Checkpoint directory /home/user/mujoco+evo/ckpt/evo1_mujoco_pickplace_stage1/step_best exists. Removing before overwrite.
2026-08-17 16:35:40,749 [INFO] [Rank 0] Saved checkpoint to /home/user/mujoco+evo/ckpt/evo1_mujoco_pickplace_stage1/step_best
2026-08-17 16:35:40,752 [INFO] Saved best checkpoint at step 1157 with loss 0.306641
2026-08-17 16:35:48,390 [INFO] Estimated Epoch: 1.40
2026-08-17 16:35:48,391 [INFO] [Step 1160] Loss: 0.3809
2026-08-17 16:36:39,199 [INFO] Estimated Epoch: 1.42
2026-08-17 16:36:39,200 [INFO] [Step 1180] Loss: 0.3633
2026-08-17 16:37:30,279 [INFO] Estimated Epoch: 1.45
2026-08-17 16:37:30,280 [INFO] [Step 1200] Loss: 0.3457
2026-08-17 16:38:21,268 [INFO] Estimated Epoch: 1.47
2026-08-17 16:38:21,268 [INFO] [Step 1220] Loss: 0.3867
2026-08-17 16:39:12,225 [INFO] Estimated Epoch: 1.49
2026-08-17 16:39:12,225 [INFO] [Step 1240] Loss: 0.3535
2026-08-17 16:40:03,606 [INFO] Estimated Epoch: 1.52
2026-08-17 16:40:03,606 [INFO] [Step 1260] Loss: 0.3516
2026-08-17 16:40:54,277 [INFO] Estimated Epoch: 1.54
2026-08-17 16:40:54,278 [INFO] [Step 1280] Loss: 0.3496
2026-08-17 16:41:45,471 [INFO] Estimated Epoch: 1.57
2026-08-17 16:41:45,471 [INFO] [Step 1300] Loss: 0.3477
2026-08-17 16:42:01,011 [WARNING] Checkpoint directory /home/user/mujoco+evo/ckpt/evo1_mujoco_pickplace_stage1/step_best exists. Removing before overwrite.
2026-08-17 16:42:05,008 [INFO] [Rank 0] Saved checkpoint to /home/user/mujoco+evo/ckpt/evo1_mujoco_pickplace_stage1/step_best
2026-08-17 16:42:05,012 [INFO] Saved best checkpoint at step 1306 with loss 0.296875
2026-08-17 16:42:40,751 [INFO] Estimated Epoch: 1.59
2026-08-17 16:42:40,752 [INFO] [Step 1320] Loss: 0.3945
2026-08-17 16:43:31,987 [INFO] Estimated Epoch: 1.61
2026-08-17 16:43:31,991 [INFO] [Step 1340] Loss: 0.3633
2026-08-17 16:44:23,103 [INFO] Estimated Epoch: 1.64
2026-08-17 16:44:23,104 [INFO] [Step 1360] Loss: 0.4023
2026-08-17 16:45:14,104 [INFO] Estimated Epoch: 1.66
2026-08-17 16:45:14,105 [INFO] [Step 1380] Loss: 0.3438
2026-08-17 16:46:05,195 [INFO] Estimated Epoch: 1.69
2026-08-17 16:46:05,195 [INFO] [Step 1400] Loss: 0.3262
2026-08-17 16:46:56,015 [INFO] Estimated Epoch: 1.71
2026-08-17 16:46:56,016 [INFO] [Step 1420] Loss: 0.3242
2026-08-17 16:47:47,128 [INFO] Estimated Epoch: 1.73
2026-08-17 16:47:47,129 [INFO] [Step 1440] Loss: 0.3359
2026-08-17 16:48:38,033 [INFO] Estimated Epoch: 1.76
2026-08-17 16:48:38,034 [INFO] [Step 1460] Loss: 0.3242
2026-08-17 16:49:26,396 [WARNING] Checkpoint directory /home/user/mujoco+evo/ckpt/evo1_mujoco_pickplace_stage1/step_best exists. Removing before overwrite.
2026-08-17 16:49:30,317 [INFO] [Rank 0] Saved checkpoint to /home/user/mujoco+evo/ckpt/evo1_mujoco_pickplace_stage1/step_best
2026-08-17 16:49:30,385 [INFO] Saved best checkpoint at step 1479 with loss 0.271484
2026-08-17 16:49:32,972 [INFO] Estimated Epoch: 1.78
2026-08-17 16:49:32,973 [INFO] [Step 1480] Loss: 0.3125
2026-08-17 16:50:23,987 [INFO] Estimated Epoch: 1.81
2026-08-17 16:50:23,988 [INFO] [Step 1500] Loss: 0.3574
2026-08-17 16:50:57,196 [WARNING] Checkpoint directory /home/user/mujoco+evo/ckpt/evo1_mujoco_pickplace_stage1/step_best exists. Removing before overwrite.
2026-08-17 16:51:01,057 [INFO] [Rank 0] Saved checkpoint to /home/user/mujoco+evo/ckpt/evo1_mujoco_pickplace_stage1/step_best
2026-08-17 16:51:01,059 [INFO] Saved best checkpoint at step 1513 with loss 0.261719
2026-08-17 16:51:18,862 [INFO] Estimated Epoch: 1.83
2026-08-17 16:51:18,863 [INFO] [Step 1520] Loss: 0.3633
2026-08-17 16:51:21,411 [WARNING] Checkpoint directory /home/user/mujoco+evo/ckpt/evo1_mujoco_pickplace_stage1/step_best exists. Removing before overwrite.
2026-08-17 16:51:25,584 [INFO] [Rank 0] Saved checkpoint to /home/user/mujoco+evo/ckpt/evo1_mujoco_pickplace_stage1/step_best
2026-08-17 16:51:25,596 [INFO] Saved best checkpoint at step 1521 with loss 0.243164
2026-08-17 16:52:14,494 [INFO] Estimated Epoch: 1.86
2026-08-17 16:52:14,495 [INFO] [Step 1540] Loss: 0.3086
2026-08-17 16:53:05,166 [INFO] Estimated Epoch: 1.88
2026-08-17 16:53:05,166 [INFO] [Step 1560] Loss: 0.3203
2026-08-17 16:53:56,430 [INFO] Estimated Epoch: 1.90
2026-08-17 16:53:56,431 [INFO] [Step 1580] Loss: 0.3301
2026-08-17 16:54:47,361 [INFO] Estimated Epoch: 1.93
2026-08-17 16:54:47,362 [INFO] [Step 1600] Loss: 0.2930
2026-08-17 16:55:38,467 [INFO] Estimated Epoch: 1.95
2026-08-17 16:55:38,467 [INFO] [Step 1620] Loss: 0.3066
2026-08-17 16:56:29,511 [INFO] Estimated Epoch: 1.98
2026-08-17 16:56:29,512 [INFO] [Step 1640] Loss: 0.3203
2026-08-17 16:57:21,163 [INFO] Estimated Epoch: 2.00
2026-08-17 16:57:21,165 [INFO] [Step 1660] Loss: 0.3008
2026-08-17 16:58:12,331 [INFO] Estimated Epoch: 2.02
2026-08-17 16:58:12,332 [INFO] [Step 1680] Loss: 0.3008
2026-08-17 16:59:03,238 [INFO] Estimated Epoch: 2.05
2026-08-17 16:59:03,238 [INFO] [Step 1700] Loss: 0.2930
2026-08-17 16:59:54,440 [INFO] Estimated Epoch: 2.07
2026-08-17 16:59:54,441 [INFO] [Step 1720] Loss: 0.2695
2026-08-17 17:00:45,209 [INFO] Estimated Epoch: 2.10
2026-08-17 17:00:45,210 [INFO] [Step 1740] Loss: 0.3164
2026-08-17 17:01:36,272 [INFO] Estimated Epoch: 2.12
2026-08-17 17:01:36,273 [INFO] [Step 1760] Loss: 0.2773
2026-08-17 17:02:27,016 [INFO] Estimated Epoch: 2.14
2026-08-17 17:02:27,017 [INFO] [Step 1780] Loss: 0.3184
2026-08-17 17:03:18,130 [INFO] Estimated Epoch: 2.17
2026-08-17 17:03:18,130 [INFO] [Step 1800] Loss: 0.3125
2026-08-17 17:04:09,356 [INFO] Estimated Epoch: 2.19
2026-08-17 17:04:09,357 [INFO] [Step 1820] Loss: 0.3672
2026-08-17 17:04:55,349 [WARNING] Checkpoint directory /home/user/mujoco+evo/ckpt/evo1_mujoco_pickplace_stage1/step_best exists. Removing before overwrite.
2026-08-17 17:04:59,053 [INFO] [Rank 0] Saved checkpoint to /home/user/mujoco+evo/ckpt/evo1_mujoco_pickplace_stage1/step_best
2026-08-17 17:04:59,054 [INFO] Saved best checkpoint at step 1838 with loss 0.230469
2026-08-17 17:05:04,211 [INFO] Estimated Epoch: 2.22
2026-08-17 17:05:04,212 [INFO] [Step 1840] Loss: 0.3125
2026-08-17 17:05:55,178 [INFO] Estimated Epoch: 2.24
2026-08-17 17:05:55,179 [INFO] [Step 1860] Loss: 0.3086
2026-08-17 17:06:46,359 [INFO] Estimated Epoch: 2.27
2026-08-17 17:06:46,360 [INFO] [Step 1880] Loss: 0.3184
2026-08-17 17:07:37,647 [INFO] Estimated Epoch: 2.29
2026-08-17 17:07:37,648 [INFO] [Step 1900] Loss: 0.2598
2026-08-17 17:08:28,777 [INFO] Estimated Epoch: 2.31
2026-08-17 17:08:28,777 [INFO] [Step 1920] Loss: 0.3203
2026-08-17 17:08:59,336 [WARNING] Checkpoint directory /home/user/mujoco+evo/ckpt/evo1_mujoco_pickplace_stage1/step_best exists. Removing before overwrite.
2026-08-17 17:09:02,804 [INFO] [Rank 0] Saved checkpoint to /home/user/mujoco+evo/ckpt/evo1_mujoco_pickplace_stage1/step_best
2026-08-17 17:09:02,813 [INFO] Saved best checkpoint at step 1932 with loss 0.214844
2026-08-17 17:09:23,152 [INFO] Estimated Epoch: 2.34
2026-08-17 17:09:23,153 [INFO] [Step 1940] Loss: 0.2734
2026-08-17 17:10:14,126 [INFO] Estimated Epoch: 2.36
2026-08-17 17:10:14,126 [INFO] [Step 1960] Loss: 0.2617
2026-08-17 17:11:05,015 [INFO] Estimated Epoch: 2.39
2026-08-17 17:11:05,015 [INFO] [Step 1980] Loss: 0.2441
2026-08-17 17:11:56,162 [INFO] Estimated Epoch: 2.41
2026-08-17 17:11:56,163 [INFO] [Step 2000] Loss: 0.2754
2026-08-17 17:12:46,873 [INFO] Estimated Epoch: 2.43
2026-08-17 17:12:46,874 [INFO] [Step 2020] Loss: 0.3066
2026-08-17 17:13:38,237 [INFO] Estimated Epoch: 2.46
2026-08-17 17:13:38,238 [INFO] [Step 2040] Loss: 0.2490
2026-08-17 17:14:26,671 [WARNING] Checkpoint directory /home/user/mujoco+evo/ckpt/evo1_mujoco_pickplace_stage1/step_best exists. Removing before overwrite.
2026-08-17 17:14:30,165 [INFO] [Rank 0] Saved checkpoint to /home/user/mujoco+evo/ckpt/evo1_mujoco_pickplace_stage1/step_best
2026-08-17 17:14:30,166 [INFO] Saved best checkpoint at step 2059 with loss 0.212891
2026-08-17 17:14:32,704 [INFO] Estimated Epoch: 2.48
2026-08-17 17:14:32,705 [INFO] [Step 2060] Loss: 0.2598
2026-08-17 17:15:23,994 [INFO] Estimated Epoch: 2.51
2026-08-17 17:15:23,995 [INFO] [Step 2080] Loss: 0.2812
2026-08-17 17:16:15,130 [INFO] Estimated Epoch: 2.53
2026-08-17 17:16:15,130 [INFO] [Step 2100] Loss: 0.2480
2026-08-17 17:17:05,761 [INFO] Estimated Epoch: 2.55
2026-08-17 17:17:05,762 [INFO] [Step 2120] Loss: 0.2490
2026-08-17 17:17:56,986 [INFO] Estimated Epoch: 2.58
2026-08-17 17:17:56,986 [INFO] [Step 2140] Loss: 0.2129
2026-08-17 17:18:42,614 [WARNING] Checkpoint directory /home/user/mujoco+evo/ckpt/evo1_mujoco_pickplace_stage1/step_best exists. Removing before overwrite.
2026-08-17 17:18:46,023 [INFO] [Rank 0] Saved checkpoint to /home/user/mujoco+evo/ckpt/evo1_mujoco_pickplace_stage1/step_best
2026-08-17 17:18:46,025 [INFO] Saved best checkpoint at step 2158 with loss 0.191406
2026-08-17 17:18:51,075 [INFO] Estimated Epoch: 2.60
2026-08-17 17:18:51,076 [INFO] [Step 2160] Loss: 0.2344
2026-08-17 17:19:42,368 [INFO] Estimated Epoch: 2.63
2026-08-17 17:19:42,369 [INFO] [Step 2180] Loss: 0.2422
2026-08-17 17:20:33,034 [INFO] Estimated Epoch: 2.65
2026-08-17 17:20:33,034 [INFO] [Step 2200] Loss: 0.2432
2026-08-17 17:21:23,565 [INFO] Estimated Epoch: 2.67
2026-08-17 17:21:23,565 [INFO] [Step 2220] Loss: 0.2715
2026-08-17 17:22:14,452 [INFO] Estimated Epoch: 2.70
2026-08-17 17:22:14,453 [INFO] [Step 2240] Loss: 0.2754
2026-08-17 17:23:05,509 [INFO] Estimated Epoch: 2.72
2026-08-17 17:23:05,510 [INFO] [Step 2260] Loss: 0.2090
2026-08-17 17:23:56,692 [INFO] Estimated Epoch: 2.75
2026-08-17 17:23:56,692 [INFO] [Step 2280] Loss: 0.2324
2026-08-17 17:24:11,949 [WARNING] Checkpoint directory /home/user/mujoco+evo/ckpt/evo1_mujoco_pickplace_stage1/step_best exists. Removing before overwrite.
2026-08-17 17:24:15,289 [INFO] [Rank 0] Saved checkpoint to /home/user/mujoco+evo/ckpt/evo1_mujoco_pickplace_stage1/step_best
2026-08-17 17:24:15,290 [INFO] Saved best checkpoint at step 2286 with loss 0.179688
2026-08-17 17:24:50,875 [INFO] Estimated Epoch: 2.77
2026-08-17 17:24:50,875 [INFO] [Step 2300] Loss: 0.2168
2026-08-17 17:25:42,164 [INFO] Estimated Epoch: 2.80
2026-08-17 17:25:42,164 [INFO] [Step 2320] Loss: 0.2246
2026-08-17 17:26:33,095 [INFO] Estimated Epoch: 2.82
2026-08-17 17:26:33,095 [INFO] [Step 2340] Loss: 0.2139
2026-08-17 17:26:43,387 [WARNING] Checkpoint directory /home/user/mujoco+evo/ckpt/evo1_mujoco_pickplace_stage1/step_best exists. Removing before overwrite.
2026-08-17 17:26:46,649 [INFO] [Rank 0] Saved checkpoint to /home/user/mujoco+evo/ckpt/evo1_mujoco_pickplace_stage1/step_best
2026-08-17 17:26:46,650 [INFO] Saved best checkpoint at step 2344 with loss 0.178711
2026-08-17 17:27:12,253 [WARNING] Checkpoint directory /home/user/mujoco+evo/ckpt/evo1_mujoco_pickplace_stage1/step_best exists. Removing before overwrite.
2026-08-17 17:27:16,608 [INFO] [Rank 0] Saved checkpoint to /home/user/mujoco+evo/ckpt/evo1_mujoco_pickplace_stage1/step_best
2026-08-17 17:27:16,609 [INFO] Saved best checkpoint at step 2354 with loss 0.162109
2026-08-17 17:27:32,054 [INFO] Estimated Epoch: 2.84
2026-08-17 17:27:32,055 [INFO] [Step 2360] Loss: 0.2051
2026-08-17 17:28:23,238 [INFO] Estimated Epoch: 2.87
2026-08-17 17:28:23,239 [INFO] [Step 2380] Loss: 0.1963
2026-08-17 17:29:13,848 [INFO] Estimated Epoch: 2.89
2026-08-17 17:29:13,848 [INFO] [Step 2400] Loss: 0.2383
2026-08-17 17:30:04,686 [INFO] Estimated Epoch: 2.92
2026-08-17 17:30:04,687 [INFO] [Step 2420] Loss: 0.1973
2026-08-17 17:30:55,664 [INFO] Estimated Epoch: 2.94
2026-08-17 17:30:55,664 [INFO] [Step 2440] Loss: 0.1953
2026-08-17 17:31:34,128 [WARNING] Checkpoint directory /home/user/mujoco+evo/ckpt/evo1_mujoco_pickplace_stage1/step_best exists. Removing before overwrite.
2026-08-17 17:31:37,929 [INFO] [Rank 0] Saved checkpoint to /home/user/mujoco+evo/ckpt/evo1_mujoco_pickplace_stage1/step_best
2026-08-17 17:31:37,931 [INFO] Saved best checkpoint at step 2455 with loss 0.160156
2026-08-17 17:31:50,831 [INFO] Estimated Epoch: 2.96
2026-08-17 17:31:50,831 [INFO] [Step 2460] Loss: 0.1963
2026-08-17 17:31:53,371 [WARNING] Checkpoint directory /home/user/mujoco+evo/ckpt/evo1_mujoco_pickplace_stage1/step_best exists. Removing before overwrite.
2026-08-17 17:31:57,151 [INFO] [Rank 0] Saved checkpoint to /home/user/mujoco+evo/ckpt/evo1_mujoco_pickplace_stage1/step_best
2026-08-17 17:31:57,153 [INFO] Saved best checkpoint at step 2461 with loss 0.146484
2026-08-17 17:32:45,744 [INFO] Estimated Epoch: 2.99
2026-08-17 17:32:45,744 [INFO] [Step 2480] Loss: 0.1904
2026-08-17 17:33:39,151 [INFO] [Rank 0] Saved checkpoint to /home/user/mujoco+evo/ckpt/evo1_mujoco_pickplace_stage1/step_2500
2026-08-17 17:33:41,758 [INFO] Estimated Epoch: 3.01
2026-08-17 17:33:41,758 [INFO] [Step 2500] Loss: 0.2070
2026-08-17 17:34:07,392 [WARNING] Checkpoint directory /home/user/mujoco+evo/ckpt/evo1_mujoco_pickplace_stage1/step_best exists. Removing before overwrite.
2026-08-17 17:34:10,701 [INFO] [Rank 0] Saved checkpoint to /home/user/mujoco+evo/ckpt/evo1_mujoco_pickplace_stage1/step_best
2026-08-17 17:34:10,702 [INFO] Saved best checkpoint at step 2510 with loss 0.142578
2026-08-17 17:34:36,267 [INFO] Estimated Epoch: 3.04
2026-08-17 17:34:36,268 [INFO] [Step 2520] Loss: 0.1729
2026-08-17 17:35:27,283 [INFO] Estimated Epoch: 3.06
2026-08-17 17:35:27,284 [INFO] [Step 2540] Loss: 0.1543
2026-08-17 17:36:18,479 [INFO] Estimated Epoch: 3.08
2026-08-17 17:36:18,480 [INFO] [Step 2560] Loss: 0.1699
2026-08-17 17:36:31,238 [WARNING] Checkpoint directory /home/user/mujoco+evo/ckpt/evo1_mujoco_pickplace_stage1/step_best exists. Removing before overwrite.
2026-08-17 17:36:34,501 [INFO] [Rank 0] Saved checkpoint to /home/user/mujoco+evo/ckpt/evo1_mujoco_pickplace_stage1/step_best
2026-08-17 17:36:34,502 [INFO] Saved best checkpoint at step 2565 with loss 0.140625
2026-08-17 17:37:12,585 [INFO] Estimated Epoch: 3.11
2026-08-17 17:37:12,585 [INFO] [Step 2580] Loss: 0.1797
2026-08-17 17:37:15,148 [WARNING] Checkpoint directory /home/user/mujoco+evo/ckpt/evo1_mujoco_pickplace_stage1/step_best exists. Removing before overwrite.
2026-08-17 17:37:18,890 [INFO] [Rank 0] Saved checkpoint to /home/user/mujoco+evo/ckpt/evo1_mujoco_pickplace_stage1/step_best
2026-08-17 17:37:18,891 [INFO] Saved best checkpoint at step 2581 with loss 0.136719
2026-08-17 17:38:07,540 [INFO] Estimated Epoch: 3.13
2026-08-17 17:38:07,540 [INFO] [Step 2600] Loss: 0.1777
2026-08-17 17:38:20,362 [WARNING] Checkpoint directory /home/user/mujoco+evo/ckpt/evo1_mujoco_pickplace_stage1/step_best exists. Removing before overwrite.
2026-08-17 17:38:24,248 [INFO] [Rank 0] Saved checkpoint to /home/user/mujoco+evo/ckpt/evo1_mujoco_pickplace_stage1/step_best
2026-08-17 17:38:24,249 [INFO] Saved best checkpoint at step 2605 with loss 0.124023
2026-08-17 17:39:02,602 [INFO] Estimated Epoch: 3.16
2026-08-17 17:39:02,602 [INFO] [Step 2620] Loss: 0.1514
2026-08-17 17:39:53,722 [INFO] Estimated Epoch: 3.18
2026-08-17 17:39:53,723 [INFO] [Step 2640] Loss: 0.1738
2026-08-17 17:40:44,474 [INFO] Estimated Epoch: 3.20
2026-08-17 17:40:44,475 [INFO] [Step 2660] Loss: 0.1777
2026-08-17 17:41:35,692 [INFO] Estimated Epoch: 3.23
2026-08-17 17:41:35,693 [INFO] [Step 2680] Loss: 0.1836
2026-08-17 17:42:26,950 [INFO] Estimated Epoch: 3.25
2026-08-17 17:42:26,951 [INFO] [Step 2700] Loss: 0.1797
2026-08-17 17:42:34,621 [WARNING] Checkpoint directory /home/user/mujoco+evo/ckpt/evo1_mujoco_pickplace_stage1/step_best exists. Removing before overwrite.
2026-08-17 17:42:38,670 [INFO] [Rank 0] Saved checkpoint to /home/user/mujoco+evo/ckpt/evo1_mujoco_pickplace_stage1/step_best
2026-08-17 17:42:38,672 [INFO] Saved best checkpoint at step 2703 with loss 0.122070
2026-08-17 17:43:22,174 [INFO] Estimated Epoch: 3.28
2026-08-17 17:43:22,175 [INFO] [Step 2720] Loss: 0.1758
2026-08-17 17:43:37,653 [WARNING] Checkpoint directory /home/user/mujoco+evo/ckpt/evo1_mujoco_pickplace_stage1/step_best exists. Removing before overwrite.
2026-08-17 17:43:41,573 [INFO] [Rank 0] Saved checkpoint to /home/user/mujoco+evo/ckpt/evo1_mujoco_pickplace_stage1/step_best
2026-08-17 17:43:41,574 [INFO] Saved best checkpoint at step 2726 with loss 0.116211
2026-08-17 17:44:17,341 [INFO] Estimated Epoch: 3.30
2026-08-17 17:44:17,342 [INFO] [Step 2740] Loss: 0.2090
2026-08-17 17:45:08,526 [INFO] Estimated Epoch: 3.33
2026-08-17 17:45:08,527 [INFO] [Step 2760] Loss: 0.2109
2026-08-17 17:45:59,703 [INFO] Estimated Epoch: 3.35
2026-08-17 17:45:59,703 [INFO] [Step 2780] Loss: 0.1309
2026-08-17 17:46:50,897 [INFO] Estimated Epoch: 3.37
2026-08-17 17:46:50,898 [INFO] [Step 2800] Loss: 0.1484
2026-08-17 17:47:42,226 [INFO] Estimated Epoch: 3.40
2026-08-17 17:47:42,227 [INFO] [Step 2820] Loss: 0.1709
2026-08-17 17:47:52,405 [WARNING] Checkpoint directory /home/user/mujoco+evo/ckpt/evo1_mujoco_pickplace_stage1/step_best exists. Removing before overwrite.
2026-08-17 17:47:56,239 [INFO] [Rank 0] Saved checkpoint to /home/user/mujoco+evo/ckpt/evo1_mujoco_pickplace_stage1/step_best
2026-08-17 17:47:56,240 [INFO] Saved best checkpoint at step 2824 with loss 0.107422
2026-08-17 17:48:37,118 [INFO] Estimated Epoch: 3.42
2026-08-17 17:48:37,119 [INFO] [Step 2840] Loss: 0.2031
2026-08-17 17:49:28,115 [INFO] Estimated Epoch: 3.45
2026-08-17 17:49:28,116 [INFO] [Step 2860] Loss: 0.2188
2026-08-17 17:50:19,235 [INFO] Estimated Epoch: 3.47
2026-08-17 17:50:19,236 [INFO] [Step 2880] Loss: 0.1504
2026-08-17 17:50:47,270 [WARNING] Checkpoint directory /home/user/mujoco+evo/ckpt/evo1_mujoco_pickplace_stage1/step_best exists. Removing before overwrite.
2026-08-17 17:50:51,023 [INFO] [Rank 0] Saved checkpoint to /home/user/mujoco+evo/ckpt/evo1_mujoco_pickplace_stage1/step_best
2026-08-17 17:50:51,024 [INFO] Saved best checkpoint at step 2891 with loss 0.103516
2026-08-17 17:51:14,097 [INFO] Estimated Epoch: 3.49
2026-08-17 17:51:14,098 [INFO] [Step 2900] Loss: 0.1641
2026-08-17 17:52:05,483 [INFO] Estimated Epoch: 3.52
2026-08-17 17:52:05,484 [INFO] [Step 2920] Loss: 0.1514
2026-08-17 17:52:56,538 [INFO] Estimated Epoch: 3.54
2026-08-17 17:52:56,539 [INFO] [Step 2940] Loss: 0.1738
2026-08-17 17:53:47,841 [INFO] Estimated Epoch: 3.57
2026-08-17 17:53:47,842 [INFO] [Step 2960] Loss: 0.1934
2026-08-17 17:54:38,717 [INFO] Estimated Epoch: 3.59
2026-08-17 17:54:38,718 [INFO] [Step 2980] Loss: 0.1367
2026-08-17 17:55:30,004 [INFO] Estimated Epoch: 3.61
2026-08-17 17:55:30,005 [INFO] [Step 3000] Loss: 0.1367
2026-08-17 17:56:21,461 [INFO] Estimated Epoch: 3.64
2026-08-17 17:56:21,462 [INFO] [Step 3020] Loss: 0.1504
2026-08-17 17:57:12,600 [INFO] Estimated Epoch: 3.66
2026-08-17 17:57:12,600 [INFO] [Step 3040] Loss: 0.2480
2026-08-17 17:58:03,974 [INFO] Estimated Epoch: 3.69
2026-08-17 17:58:03,975 [INFO] [Step 3060] Loss: 0.1523
2026-08-17 17:58:55,094 [INFO] Estimated Epoch: 3.71
2026-08-17 17:58:55,095 [INFO] [Step 3080] Loss: 0.1641
2026-08-17 17:59:46,604 [INFO] Estimated Epoch: 3.73
2026-08-17 17:59:46,605 [INFO] [Step 3100] Loss: 0.1211
2026-08-17 18:00:37,711 [INFO] Estimated Epoch: 3.76
2026-08-17 18:00:37,711 [INFO] [Step 3120] Loss: 0.1006
2026-08-17 18:00:37,714 [WARNING] Checkpoint directory /home/user/mujoco+evo/ckpt/evo1_mujoco_pickplace_stage1/step_best exists. Removing before overwrite.
2026-08-17 18:00:41,595 [INFO] [Rank 0] Saved checkpoint to /home/user/mujoco+evo/ckpt/evo1_mujoco_pickplace_stage1/step_best
2026-08-17 18:00:41,596 [INFO] Saved best checkpoint at step 3120 with loss 0.100586
2026-08-17 18:01:32,779 [INFO] Estimated Epoch: 3.78
2026-08-17 18:01:32,780 [INFO] [Step 3140] Loss: 0.1367
2026-08-17 18:02:23,975 [INFO] Estimated Epoch: 3.81
2026-08-17 18:02:23,976 [INFO] [Step 3160] Loss: 0.1328
2026-08-17 18:03:15,135 [INFO] Estimated Epoch: 3.83
2026-08-17 18:03:15,136 [INFO] [Step 3180] Loss: 0.1240
2026-08-17 18:04:06,499 [INFO] Estimated Epoch: 3.86
2026-08-17 18:04:06,500 [INFO] [Step 3200] Loss: 0.1680
2026-08-17 18:04:39,696 [WARNING] Checkpoint directory /home/user/mujoco+evo/ckpt/evo1_mujoco_pickplace_stage1/step_best exists. Removing before overwrite.
2026-08-17 18:04:43,770 [INFO] [Rank 0] Saved checkpoint to /home/user/mujoco+evo/ckpt/evo1_mujoco_pickplace_stage1/step_best
2026-08-17 18:04:43,771 [INFO] Saved best checkpoint at step 3213 with loss 0.098633
2026-08-17 18:05:01,623 [INFO] Estimated Epoch: 3.88
2026-08-17 18:05:01,624 [INFO] [Step 3220] Loss: 0.1230
2026-08-17 18:05:04,166 [WARNING] Checkpoint directory /home/user/mujoco+evo/ckpt/evo1_mujoco_pickplace_stage1/step_best exists. Removing before overwrite.
2026-08-17 18:05:08,136 [INFO] [Rank 0] Saved checkpoint to /home/user/mujoco+evo/ckpt/evo1_mujoco_pickplace_stage1/step_best
2026-08-17 18:05:08,169 [INFO] Saved best checkpoint at step 3221 with loss 0.095703
2026-08-17 18:05:56,966 [INFO] Estimated Epoch: 3.90
2026-08-17 18:05:56,967 [INFO] [Step 3240] Loss: 0.1318
2026-08-17 18:06:47,961 [INFO] Estimated Epoch: 3.93
2026-08-17 18:06:47,962 [INFO] [Step 3260] Loss: 0.1084
2026-08-17 18:07:39,265 [INFO] Estimated Epoch: 3.95
2026-08-17 18:07:39,266 [INFO] [Step 3280] Loss: 0.1875
2026-08-17 18:08:30,535 [INFO] Estimated Epoch: 3.98
2026-08-17 18:08:30,536 [INFO] [Step 3300] Loss: 0.1357
2026-08-17 18:09:22,719 [INFO] Estimated Epoch: 4.00
2026-08-17 18:09:22,720 [INFO] [Step 3320] Loss: 0.1484
2026-08-17 18:10:13,961 [INFO] Estimated Epoch: 4.02
2026-08-17 18:10:13,962 [INFO] [Step 3340] Loss: 0.1680
2026-08-17 18:11:05,069 [INFO] Estimated Epoch: 4.05
2026-08-17 18:11:05,069 [INFO] [Step 3360] Loss: 0.1504
2026-08-17 18:11:23,241 [WARNING] Checkpoint directory /home/user/mujoco+evo/ckpt/evo1_mujoco_pickplace_stage1/step_best exists. Removing before overwrite.
2026-08-17 18:11:27,240 [INFO] [Rank 0] Saved checkpoint to /home/user/mujoco+evo/ckpt/evo1_mujoco_pickplace_stage1/step_best
2026-08-17 18:11:27,241 [INFO] Saved best checkpoint at step 3367 with loss 0.082520
2026-08-17 18:12:00,661 [INFO] Estimated Epoch: 4.07
2026-08-17 18:12:00,661 [INFO] [Step 3380] Loss: 0.2012
2026-08-17 18:12:51,406 [INFO] Estimated Epoch: 4.10
2026-08-17 18:12:51,407 [INFO] [Step 3400] Loss: 0.1211
2026-08-17 18:13:42,803 [INFO] Estimated Epoch: 4.12
2026-08-17 18:13:42,804 [INFO] [Step 3420] Loss: 0.1465
2026-08-17 18:14:34,022 [INFO] Estimated Epoch: 4.14
2026-08-17 18:14:34,022 [INFO] [Step 3440] Loss: 0.1157
2026-08-17 18:15:24,882 [INFO] Estimated Epoch: 4.17
2026-08-17 18:15:24,883 [INFO] [Step 3460] Loss: 0.1191
2026-08-17 18:16:16,096 [INFO] Estimated Epoch: 4.19
2026-08-17 18:16:16,097 [INFO] [Step 3480] Loss: 0.1328
2026-08-17 18:17:06,770 [INFO] Estimated Epoch: 4.22
2026-08-17 18:17:06,770 [INFO] [Step 3500] Loss: 0.1416
2026-08-17 18:17:58,048 [INFO] Estimated Epoch: 4.24
2026-08-17 18:17:58,048 [INFO] [Step 3520] Loss: 0.1445
2026-08-17 18:18:49,162 [INFO] Estimated Epoch: 4.27
2026-08-17 18:18:49,162 [INFO] [Step 3540] Loss: 0.1270
2026-08-17 18:19:40,453 [INFO] Estimated Epoch: 4.29
2026-08-17 18:19:40,454 [INFO] [Step 3560] Loss: 0.1245
2026-08-17 18:20:31,864 [INFO] Estimated Epoch: 4.31
2026-08-17 18:20:31,864 [INFO] [Step 3580] Loss: 0.1221
2026-08-17 18:21:10,104 [WARNING] Checkpoint directory /home/user/mujoco+evo/ckpt/evo1_mujoco_pickplace_stage1/step_best exists. Removing before overwrite.
2026-08-17 18:21:13,804 [INFO] [Rank 0] Saved checkpoint to /home/user/mujoco+evo/ckpt/evo1_mujoco_pickplace_stage1/step_best
2026-08-17 18:21:13,805 [INFO] Saved best checkpoint at step 3595 with loss 0.081055
2026-08-17 18:21:26,707 [INFO] Estimated Epoch: 4.34
2026-08-17 18:21:26,707 [INFO] [Step 3600] Loss: 0.1426
2026-08-17 18:22:18,221 [INFO] Estimated Epoch: 4.36
2026-08-17 18:22:18,222 [INFO] [Step 3620] Loss: 0.1377
2026-08-17 18:23:09,253 [INFO] Estimated Epoch: 4.39
2026-08-17 18:23:09,253 [INFO] [Step 3640] Loss: 0.1377
2026-08-17 18:24:00,422 [INFO] Estimated Epoch: 4.41
2026-08-17 18:24:00,423 [INFO] [Step 3660] Loss: 0.1377
2026-08-17 18:24:51,421 [INFO] Estimated Epoch: 4.43
2026-08-17 18:24:51,422 [INFO] [Step 3680] Loss: 0.1484
2026-08-17 18:25:42,715 [INFO] Estimated Epoch: 4.46
2026-08-17 18:25:42,716 [INFO] [Step 3700] Loss: 0.1128
2026-08-17 18:26:28,724 [WARNING] Checkpoint directory /home/user/mujoco+evo/ckpt/evo1_mujoco_pickplace_stage1/step_best exists. Removing before overwrite.
2026-08-17 18:26:34,567 [INFO] [Rank 0] Saved checkpoint to /home/user/mujoco+evo/ckpt/evo1_mujoco_pickplace_stage1/step_best
2026-08-17 18:26:34,568 [INFO] Saved best checkpoint at step 3718 with loss 0.071777
2026-08-17 18:26:39,702 [INFO] Estimated Epoch: 4.48
2026-08-17 18:26:39,702 [INFO] [Step 3720] Loss: 0.1357
2026-08-17 18:27:30,890 [INFO] Estimated Epoch: 4.51
2026-08-17 18:27:30,890 [INFO] [Step 3740] Loss: 0.1270
2026-08-17 18:28:22,361 [INFO] Estimated Epoch: 4.53
2026-08-17 18:28:22,362 [INFO] [Step 3760] Loss: 0.1099
2026-08-17 18:29:13,237 [INFO] Estimated Epoch: 4.55
2026-08-17 18:29:13,238 [INFO] [Step 3780] Loss: 0.1230
2026-08-17 18:30:04,433 [INFO] Estimated Epoch: 4.58
2026-08-17 18:30:04,433 [INFO] [Step 3800] Loss: 0.1533
2026-08-17 18:30:55,367 [INFO] Estimated Epoch: 4.60
2026-08-17 18:30:55,367 [INFO] [Step 3820] Loss: 0.1099
2026-08-17 18:31:47,073 [INFO] Estimated Epoch: 4.63
2026-08-17 18:31:47,074 [INFO] [Step 3840] Loss: 0.0879
2026-08-17 18:32:38,221 [INFO] Estimated Epoch: 4.65
2026-08-17 18:32:38,221 [INFO] [Step 3860] Loss: 0.0830
2026-08-17 18:33:29,358 [INFO] Estimated Epoch: 4.67
2026-08-17 18:33:29,359 [INFO] [Step 3880] Loss: 0.1367
2026-08-17 18:34:20,685 [INFO] Estimated Epoch: 4.70
2026-08-17 18:34:20,685 [INFO] [Step 3900] Loss: 0.1475
2026-08-17 18:35:11,891 [INFO] Estimated Epoch: 4.72
2026-08-17 18:35:11,892 [INFO] [Step 3920] Loss: 0.1191
2026-08-17 18:36:03,199 [INFO] Estimated Epoch: 4.75
2026-08-17 18:36:03,200 [INFO] [Step 3940] Loss: 0.1143
2026-08-17 18:36:08,330 [WARNING] Checkpoint directory /home/user/mujoco+evo/ckpt/evo1_mujoco_pickplace_stage1/step_best exists. Removing before overwrite.
2026-08-17 18:36:11,881 [INFO] [Rank 0] Saved checkpoint to /home/user/mujoco+evo/ckpt/evo1_mujoco_pickplace_stage1/step_best
2026-08-17 18:36:11,893 [INFO] Saved best checkpoint at step 3942 with loss 0.067871
2026-08-17 18:36:57,867 [INFO] Estimated Epoch: 4.77
2026-08-17 18:36:57,868 [INFO] [Step 3960] Loss: 0.1069
2026-08-17 18:37:49,095 [INFO] Estimated Epoch: 4.80
2026-08-17 18:37:49,096 [INFO] [Step 3980] Loss: 0.1660
2026-08-17 18:38:40,508 [INFO] Estimated Epoch: 4.82
2026-08-17 18:38:40,509 [INFO] [Step 4000] Loss: 0.0806
2026-08-17 18:39:31,942 [INFO] Estimated Epoch: 4.84
2026-08-17 18:39:31,943 [INFO] [Step 4020] Loss: 0.1377
2026-08-17 18:40:23,312 [INFO] Estimated Epoch: 4.87
2026-08-17 18:40:23,313 [INFO] [Step 4040] Loss: 0.1387
2026-08-17 18:41:14,102 [INFO] Estimated Epoch: 4.89
2026-08-17 18:41:14,103 [INFO] [Step 4060] Loss: 0.1104
2026-08-17 18:42:05,474 [INFO] Estimated Epoch: 4.92
2026-08-17 18:42:05,474 [INFO] [Step 4080] Loss: 0.0967
2026-08-17 18:42:56,591 [INFO] Estimated Epoch: 4.94
2026-08-17 18:42:56,592 [INFO] [Step 4100] Loss: 0.1465
2026-08-17 18:43:48,175 [INFO] Estimated Epoch: 4.96
2026-08-17 18:43:48,176 [INFO] [Step 4120] Loss: 0.1797
2026-08-17 18:44:39,701 [INFO] Estimated Epoch: 4.99
2026-08-17 18:44:39,702 [INFO] [Step 4140] Loss: 0.0918
2026-08-17 18:45:31,770 [INFO] Estimated Epoch: 5.01
2026-08-17 18:45:31,771 [INFO] [Step 4160] Loss: 0.1387
2026-08-17 18:46:22,907 [INFO] Estimated Epoch: 5.04
2026-08-17 18:46:22,908 [INFO] [Step 4180] Loss: 0.1523
2026-08-17 18:47:13,905 [INFO] Estimated Epoch: 5.06
2026-08-17 18:47:13,905 [INFO] [Step 4200] Loss: 0.1367
2026-08-17 18:48:05,298 [INFO] Estimated Epoch: 5.08
2026-08-17 18:48:05,299 [INFO] [Step 4220] Loss: 0.0933
2026-08-17 18:48:56,212 [INFO] Estimated Epoch: 5.11
2026-08-17 18:48:56,212 [INFO] [Step 4240] Loss: 0.1221
2026-08-17 18:49:47,790 [INFO] Estimated Epoch: 5.13
2026-08-17 18:49:47,791 [INFO] [Step 4260] Loss: 0.0869
2026-08-17 18:50:38,969 [INFO] Estimated Epoch: 5.16
2026-08-17 18:50:38,970 [INFO] [Step 4280] Loss: 0.1191
2026-08-17 18:51:30,119 [INFO] Estimated Epoch: 5.18
2026-08-17 18:51:30,119 [INFO] [Step 4300] Loss: 0.1157
2026-08-17 18:52:21,400 [INFO] Estimated Epoch: 5.20
2026-08-17 18:52:21,400 [INFO] [Step 4320] Loss: 0.0977
2026-08-17 18:53:12,050 [INFO] Estimated Epoch: 5.23
2026-08-17 18:53:12,051 [INFO] [Step 4340] Loss: 0.1133
2026-08-17 18:54:03,293 [INFO] Estimated Epoch: 5.25
2026-08-17 18:54:03,294 [INFO] [Step 4360] Loss: 0.1221
2026-08-17 18:54:54,072 [INFO] Estimated Epoch: 5.28
2026-08-17 18:54:54,072 [INFO] [Step 4380] Loss: 0.1328
2026-08-17 18:55:45,758 [INFO] Estimated Epoch: 5.30
2026-08-17 18:55:45,759 [INFO] [Step 4400] Loss: 0.1128
2026-08-17 18:56:36,798 [INFO] Estimated Epoch: 5.33
2026-08-17 18:56:36,798 [INFO] [Step 4420] Loss: 0.1504
2026-08-17 18:57:27,715 [INFO] Estimated Epoch: 5.35
2026-08-17 18:57:27,715 [INFO] [Step 4440] Loss: 0.1367
2026-08-17 18:58:18,598 [INFO] Estimated Epoch: 5.37
2026-08-17 18:58:18,598 [INFO] [Step 4460] Loss: 0.1069
2026-08-17 18:59:09,596 [INFO] Estimated Epoch: 5.40
2026-08-17 18:59:09,596 [INFO] [Step 4480] Loss: 0.1191
2026-08-17 19:00:00,970 [INFO] Estimated Epoch: 5.42
2026-08-17 19:00:00,971 [INFO] [Step 4500] Loss: 0.1011
2026-08-17 19:00:51,866 [INFO] Estimated Epoch: 5.45
2026-08-17 19:00:51,867 [INFO] [Step 4520] Loss: 0.1064
2026-08-17 19:01:43,176 [INFO] Estimated Epoch: 5.47
2026-08-17 19:01:43,176 [INFO] [Step 4540] Loss: 0.0952
2026-08-17 19:02:34,306 [INFO] Estimated Epoch: 5.49
2026-08-17 19:02:34,307 [INFO] [Step 4560] Loss: 0.0977
2026-08-17 19:03:25,371 [INFO] Estimated Epoch: 5.52
2026-08-17 19:03:25,371 [INFO] [Step 4580] Loss: 0.0981
2026-08-17 19:04:16,599 [INFO] Estimated Epoch: 5.54
2026-08-17 19:04:16,600 [INFO] [Step 4600] Loss: 0.1250
2026-08-17 19:05:07,499 [INFO] Estimated Epoch: 5.57
2026-08-17 19:05:07,500 [INFO] [Step 4620] Loss: 0.1064
2026-08-17 19:05:58,578 [INFO] Estimated Epoch: 5.59
2026-08-17 19:05:58,578 [INFO] [Step 4640] Loss: 0.1094
2026-08-17 19:06:49,733 [INFO] Estimated Epoch: 5.61
2026-08-17 19:06:49,734 [INFO] [Step 4660] Loss: 0.1338
2026-08-17 19:07:41,320 [INFO] Estimated Epoch: 5.64
2026-08-17 19:07:41,321 [INFO] [Step 4680] Loss: 0.1426
2026-08-17 19:08:32,467 [INFO] Estimated Epoch: 5.66
2026-08-17 19:08:32,468 [INFO] [Step 4700] Loss: 0.1387
2026-08-17 19:08:35,033 [WARNING] Checkpoint directory /home/user/mujoco+evo/ckpt/evo1_mujoco_pickplace_stage1/step_best exists. Removing before overwrite.
2026-08-17 19:08:39,609 [INFO] [Rank 0] Saved checkpoint to /home/user/mujoco+evo/ckpt/evo1_mujoco_pickplace_stage1/step_best
2026-08-17 19:08:39,610 [INFO] Saved best checkpoint at step 4701 with loss 0.065918
2026-08-17 19:09:28,268 [INFO] Estimated Epoch: 5.69
2026-08-17 19:09:28,268 [INFO] [Step 4720] Loss: 0.1211
2026-08-17 19:10:19,467 [INFO] Estimated Epoch: 5.71
2026-08-17 19:10:19,467 [INFO] [Step 4740] Loss: 0.0957
2026-08-17 19:11:10,698 [INFO] Estimated Epoch: 5.73
2026-08-17 19:11:10,698 [INFO] [Step 4760] Loss: 0.1040
2026-08-17 19:12:02,180 [INFO] Estimated Epoch: 5.76
2026-08-17 19:12:02,180 [INFO] [Step 4780] Loss: 0.1055
2026-08-17 19:12:53,213 [INFO] Estimated Epoch: 5.78
2026-08-17 19:12:53,214 [INFO] [Step 4800] Loss: 0.1377
2026-08-17 19:13:44,845 [INFO] Estimated Epoch: 5.81
2026-08-17 19:13:44,846 [INFO] [Step 4820] Loss: 0.1025
2026-08-17 19:14:36,021 [INFO] Estimated Epoch: 5.83
2026-08-17 19:14:36,022 [INFO] [Step 4840] Loss: 0.1040
2026-08-17 19:15:27,208 [INFO] Estimated Epoch: 5.86
2026-08-17 19:15:27,208 [INFO] [Step 4860] Loss: 0.1211
2026-08-17 19:16:18,594 [INFO] Estimated Epoch: 5.88
2026-08-17 19:16:18,595 [INFO] [Step 4880] Loss: 0.1064
2026-08-17 19:17:09,549 [INFO] Estimated Epoch: 5.90
2026-08-17 19:17:09,549 [INFO] [Step 4900] Loss: 0.1553
2026-08-17 19:18:00,761 [INFO] Estimated Epoch: 5.93
2026-08-17 19:18:00,762 [INFO] [Step 4920] Loss: 0.1328
2026-08-17 19:18:51,969 [INFO] Estimated Epoch: 5.95
2026-08-17 19:18:51,970 [INFO] [Step 4940] Loss: 0.1182
2026-08-17 19:19:43,555 [INFO] Estimated Epoch: 5.98
2026-08-17 19:19:43,556 [INFO] [Step 4960] Loss: 0.1162
2026-08-17 19:20:35,767 [INFO] Estimated Epoch: 6.00
2026-08-17 19:20:35,768 [INFO] [Step 4980] Loss: 0.1094
2026-08-17 19:21:28,410 [INFO] [Rank 0] Saved checkpoint to /home/user/mujoco+evo/ckpt/evo1_mujoco_pickplace_stage1/step_5000
2026-08-17 19:21:33,286 [INFO] [Rank 0] Saved checkpoint to /home/user/mujoco+evo/ckpt/evo1_mujoco_pickplace_stage1/step_final
2026-08-17 19:21:33,286 [INFO] Final model saved to step_final/
2026-08-17 19:21:33,287 [INFO] Best checkpoint saved to step_best/ with loss 0.065918
