2026-08-17 15:15:15,075 [INFO] Logging to: /home/user/mujoco+evo/ckpt/evo1_mujoco_pickplace_stage1/train_log_20260817_151515.log
2026-08-17 15:15:17,130 [INFO] build 0_14.pkl
2026-08-17 15:15:17,130 [INFO] build 66_80.pkl
2026-08-17 15:15:17,131 [INFO] build 68_82.pkl
2026-08-17 15:15:17,131 [INFO] build 71_85.pkl
2026-08-17 15:15:17,131 [INFO] full_path /home/user/mujoco+evo/Mujoco_training_dataset/cache/mujoco_pickplace/videos/chunk-000/observation.images.front/episode_000199.mp4
2026-08-17 15:15:17,131 [INFO] full_path /home/user/mujoco+evo/Mujoco_training_dataset/cache/mujoco_pickplace/videos/chunk-000/observation.images.front/episode_000100.mp4
2026-08-17 15:15:17,131 [INFO] full_path /home/user/mujoco+evo/Mujoco_training_dataset/cache/mujoco_pickplace/videos/chunk-000/observation.images.overhead/episode_000100.mp4
2026-08-17 15:15:17,131 [INFO] full_path /home/user/mujoco+evo/Mujoco_training_dataset/cache/mujoco_pickplace/videos/chunk-000/observation.images.overhead/episode_000199.mp4
2026-08-17 15:15:17,131 [INFO] full_path /home/user/mujoco+evo/Mujoco_training_dataset/cache/mujoco_pickplace/videos/chunk-000/observation.images.wrist/episode_000100.mp4
2026-08-17 15:15:17,131 [INFO] full_path /home/user/mujoco+evo/Mujoco_training_dataset/cache/mujoco_pickplace/videos/chunk-000/observation.images.front/episode_000068.mp4
2026-08-17 15:15:17,132 [INFO] full_path /home/user/mujoco+evo/Mujoco_training_dataset/cache/mujoco_pickplace/videos/chunk-000/observation.images.wrist/episode_000199.mp4
2026-08-17 15:15:17,132 [INFO] full_path /home/user/mujoco+evo/Mujoco_training_dataset/cache/mujoco_pickplace/videos/chunk-000/observation.images.overhead/episode_000068.mp4
2026-08-17 15:15:17,132 [INFO] full_path /home/user/mujoco+evo/Mujoco_training_dataset/cache/mujoco_pickplace/videos/chunk-000/observation.images.wrist/episode_000068.mp4
2026-08-17 15:15:17,132 [INFO] full_path /home/user/mujoco+evo/Mujoco_training_dataset/cache/mujoco_pickplace/videos/chunk-000/observation.images.front/episode_000106.mp4
2026-08-17 15:15:17,132 [INFO] full_path /home/user/mujoco+evo/Mujoco_training_dataset/cache/mujoco_pickplace/videos/chunk-000/observation.images.overhead/episode_000106.mp4
2026-08-17 15:15:17,133 [INFO] full_path /home/user/mujoco+evo/Mujoco_training_dataset/cache/mujoco_pickplace/videos/chunk-000/observation.images.wrist/episode_000106.mp4
2026-08-17 15:15:17,133 [INFO] build 66_80.pkl
2026-08-17 15:15:17,134 [INFO] build 69_83.pkl
2026-08-17 15:15:17,134 [INFO] full_path /home/user/mujoco+evo/Mujoco_training_dataset/cache/mujoco_pickplace/videos/chunk-000/observation.images.front/episode_000146.mp4
2026-08-17 15:15:17,134 [INFO] build 1_15.pkl
2026-08-17 15:15:17,134 [INFO] full_path /home/user/mujoco+evo/Mujoco_training_dataset/cache/mujoco_pickplace/videos/chunk-000/observation.images.overhead/episode_000146.mp4
2026-08-17 15:15:17,134 [INFO] full_path /home/user/mujoco+evo/Mujoco_training_dataset/cache/mujoco_pickplace/videos/chunk-000/observation.images.wrist/episode_000146.mp4
2026-08-17 15:15:17,134 [INFO] full_path /home/user/mujoco+evo/Mujoco_training_dataset/cache/mujoco_pickplace/videos/chunk-000/observation.images.front/episode_000199.mp4
2026-08-17 15:15:17,134 [INFO] full_path /home/user/mujoco+evo/Mujoco_training_dataset/cache/mujoco_pickplace/videos/chunk-000/observation.images.overhead/episode_000199.mp4
2026-08-17 15:15:17,134 [INFO] build 73_87.pkl
2026-08-17 15:15:17,134 [INFO] full_path /home/user/mujoco+evo/Mujoco_training_dataset/cache/mujoco_pickplace/videos/chunk-000/observation.images.wrist/episode_000199.mp4
2026-08-17 15:15:17,134 [INFO] full_path /home/user/mujoco+evo/Mujoco_training_dataset/cache/mujoco_pickplace/videos/chunk-000/observation.images.front/episode_000100.mp4
2026-08-17 15:15:17,135 [INFO] full_path /home/user/mujoco+evo/Mujoco_training_dataset/cache/mujoco_pickplace/videos/chunk-000/observation.images.overhead/episode_000100.mp4
2026-08-17 15:15:17,135 [INFO] full_path /home/user/mujoco+evo/Mujoco_training_dataset/cache/mujoco_pickplace/videos/chunk-000/observation.images.wrist/episode_000100.mp4
2026-08-17 15:15:17,135 [INFO] full_path /home/user/mujoco+evo/Mujoco_training_dataset/cache/mujoco_pickplace/videos/chunk-000/observation.images.front/episode_000118.mp4
2026-08-17 15:15:17,135 [INFO] build 2_16.pkl
2026-08-17 15:15:17,135 [INFO] full_path /home/user/mujoco+evo/Mujoco_training_dataset/cache/mujoco_pickplace/videos/chunk-000/observation.images.overhead/episode_000118.mp4
2026-08-17 15:15:17,135 [INFO] full_path /home/user/mujoco+evo/Mujoco_training_dataset/cache/mujoco_pickplace/videos/chunk-000/observation.images.wrist/episode_000118.mp4
2026-08-17 15:15:17,135 [INFO] full_path /home/user/mujoco+evo/Mujoco_training_dataset/cache/mujoco_pickplace/videos/chunk-000/observation.images.front/episode_000199.mp4
2026-08-17 15:15:17,135 [INFO] build 72_86.pkl
2026-08-17 15:15:17,135 [INFO] full_path /home/user/mujoco+evo/Mujoco_training_dataset/cache/mujoco_pickplace/videos/chunk-000/observation.images.overhead/episode_000199.mp4
2026-08-17 15:15:17,136 [INFO] full_path /home/user/mujoco+evo/Mujoco_training_dataset/cache/mujoco_pickplace/videos/chunk-000/observation.images.front/episode_000106.mp4
2026-08-17 15:15:17,136 [INFO] full_path /home/user/mujoco+evo/Mujoco_training_dataset/cache/mujoco_pickplace/videos/chunk-000/observation.images.wrist/episode_000199.mp4
2026-08-17 15:15:17,136 [INFO] full_path /home/user/mujoco+evo/Mujoco_training_dataset/cache/mujoco_pickplace/videos/chunk-000/observation.images.overhead/episode_000106.mp4
2026-08-17 15:15:17,136 [INFO] full_path /home/user/mujoco+evo/Mujoco_training_dataset/cache/mujoco_pickplace/videos/chunk-000/observation.images.wrist/episode_000106.mp4
2026-08-17 15:15:17,135 [INFO] build 70_84.pkl
2026-08-17 15:15:17,136 [INFO] build 65_79.pkl
2026-08-17 15:15:17,136 [INFO] build 73_87.pkl
2026-08-17 15:15:17,137 [INFO] full_path /home/user/mujoco+evo/Mujoco_training_dataset/cache/mujoco_pickplace/videos/chunk-000/observation.images.front/episode_000106.mp4
2026-08-17 15:15:17,137 [INFO] build 70_84.pkl
2026-08-17 15:15:17,137 [INFO] full_path /home/user/mujoco+evo/Mujoco_training_dataset/cache/mujoco_pickplace/videos/chunk-000/observation.images.overhead/episode_000106.mp4
2026-08-17 15:15:17,137 [INFO] full_path /home/user/mujoco+evo/Mujoco_training_dataset/cache/mujoco_pickplace/videos/chunk-000/observation.images.front/episode_000103.mp4
2026-08-17 15:15:17,137 [INFO] full_path /home/user/mujoco+evo/Mujoco_training_dataset/cache/mujoco_pickplace/videos/chunk-000/observation.images.wrist/episode_000106.mp4
2026-08-17 15:15:17,137 [INFO] full_path /home/user/mujoco+evo/Mujoco_training_dataset/cache/mujoco_pickplace/videos/chunk-000/observation.images.overhead/episode_000103.mp4
2026-08-17 15:15:17,137 [INFO] full_path /home/user/mujoco+evo/Mujoco_training_dataset/cache/mujoco_pickplace/videos/chunk-000/observation.images.wrist/episode_000103.mp4
2026-08-17 15:15:17,137 [INFO] build 3_17.pkl
2026-08-17 15:15:17,137 [INFO] full_path /home/user/mujoco+evo/Mujoco_training_dataset/cache/mujoco_pickplace/videos/chunk-000/observation.images.front/episode_000147.mp4
2026-08-17 15:15:17,137 [INFO] full_path /home/user/mujoco+evo/Mujoco_training_dataset/cache/mujoco_pickplace/videos/chunk-000/observation.images.front/episode_000199.mp4
2026-08-17 15:15:17,137 [INFO] build 74_88.pkl
2026-08-17 15:15:17,137 [INFO] full_path /home/user/mujoco+evo/Mujoco_training_dataset/cache/mujoco_pickplace/videos/chunk-000/observation.images.overhead/episode_000147.mp4
2026-08-17 15:15:17,137 [INFO] full_path /home/user/mujoco+evo/Mujoco_training_dataset/cache/mujoco_pickplace/videos/chunk-000/observation.images.front/episode_000100.mp4
2026-08-17 15:15:17,137 [INFO] full_path /home/user/mujoco+evo/Mujoco_training_dataset/cache/mujoco_pickplace/videos/chunk-000/observation.images.overhead/episode_000199.mp4
2026-08-17 15:15:17,137 [INFO] full_path /home/user/mujoco+evo/Mujoco_training_dataset/cache/mujoco_pickplace/videos/chunk-000/observation.images.wrist/episode_000147.mp4
2026-08-17 15:15:17,137 [INFO] full_path /home/user/mujoco+evo/Mujoco_training_dataset/cache/mujoco_pickplace/videos/chunk-000/observation.images.front/episode_000106.mp4
2026-08-17 15:15:17,138 [INFO] full_path /home/user/mujoco+evo/Mujoco_training_dataset/cache/mujoco_pickplace/videos/chunk-000/observation.images.overhead/episode_000106.mp4
2026-08-17 15:15:17,138 [INFO] full_path /home/user/mujoco+evo/Mujoco_training_dataset/cache/mujoco_pickplace/videos/chunk-000/observation.images.wrist/episode_000199.mp4
2026-08-17 15:15:17,138 [INFO] full_path /home/user/mujoco+evo/Mujoco_training_dataset/cache/mujoco_pickplace/videos/chunk-000/observation.images.wrist/episode_000106.mp4
2026-08-17 15:15:17,138 [INFO] full_path /home/user/mujoco+evo/Mujoco_training_dataset/cache/mujoco_pickplace/videos/chunk-000/observation.images.overhead/episode_000100.mp4
2026-08-17 15:15:17,138 [INFO] full_path /home/user/mujoco+evo/Mujoco_training_dataset/cache/mujoco_pickplace/videos/chunk-000/observation.images.wrist/episode_000100.mp4
2026-08-17 15:15:17,138 [INFO] build 74_88.pkl
2026-08-17 15:15:17,138 [INFO] full_path /home/user/mujoco+evo/Mujoco_training_dataset/cache/mujoco_pickplace/videos/chunk-000/observation.images.front/episode_000118.mp4
2026-08-17 15:15:17,138 [INFO] full_path /home/user/mujoco+evo/Mujoco_training_dataset/cache/mujoco_pickplace/videos/chunk-000/observation.images.overhead/episode_000118.mp4
2026-08-17 15:15:17,138 [INFO] full_path /home/user/mujoco+evo/Mujoco_training_dataset/cache/mujoco_pickplace/videos/chunk-000/observation.images.wrist/episode_000118.mp4
2026-08-17 15:15:17,139 [INFO] build 4_18.pkl
2026-08-17 15:15:17,139 [INFO] full_path /home/user/mujoco+evo/Mujoco_training_dataset/cache/mujoco_pickplace/videos/chunk-000/observation.images.front/episode_000199.mp4
2026-08-17 15:15:17,139 [INFO] full_path /home/user/mujoco+evo/Mujoco_training_dataset/cache/mujoco_pickplace/videos/chunk-000/observation.images.overhead/episode_000199.mp4
2026-08-17 15:15:17,139 [INFO] build 0_14.pkl
2026-08-17 15:15:17,139 [INFO] full_path /home/user/mujoco+evo/Mujoco_training_dataset/cache/mujoco_pickplace/videos/chunk-000/observation.images.wrist/episode_000199.mp4
2026-08-17 15:15:17,139 [INFO] full_path /home/user/mujoco+evo/Mujoco_training_dataset/cache/mujoco_pickplace/videos/chunk-000/observation.images.front/episode_000195.mp4
2026-08-17 15:15:17,140 [INFO] build 75_89.pkl
2026-08-17 15:15:17,140 [INFO] full_path /home/user/mujoco+evo/Mujoco_training_dataset/cache/mujoco_pickplace/videos/chunk-000/observation.images.overhead/episode_000195.mp4
2026-08-17 15:15:17,140 [INFO] build 71_85.pkl
2026-08-17 15:15:17,140 [INFO] full_path /home/user/mujoco+evo/Mujoco_training_dataset/cache/mujoco_pickplace/videos/chunk-000/observation.images.front/episode_000118.mp4
2026-08-17 15:15:17,140 [INFO] full_path /home/user/mujoco+evo/Mujoco_training_dataset/cache/mujoco_pickplace/videos/chunk-000/observation.images.wrist/episode_000195.mp4
2026-08-17 15:15:17,140 [INFO] full_path /home/user/mujoco+evo/Mujoco_training_dataset/cache/mujoco_pickplace/videos/chunk-000/observation.images.overhead/episode_000118.mp4
2026-08-17 15:15:17,140 [INFO] full_path /home/user/mujoco+evo/Mujoco_training_dataset/cache/mujoco_pickplace/videos/chunk-000/observation.images.front/episode_000100.mp4
2026-08-17 15:15:17,140 [INFO] full_path /home/user/mujoco+evo/Mujoco_training_dataset/cache/mujoco_pickplace/videos/chunk-000/observation.images.wrist/episode_000118.mp4
2026-08-17 15:15:17,140 [INFO] full_path /home/user/mujoco+evo/Mujoco_training_dataset/cache/mujoco_pickplace/videos/chunk-000/observation.images.overhead/episode_000100.mp4
2026-08-17 15:15:17,140 [INFO] full_path /home/user/mujoco+evo/Mujoco_training_dataset/cache/mujoco_pickplace/videos/chunk-000/observation.images.wrist/episode_000100.mp4
2026-08-17 15:15:17,141 [INFO] build 71_85.pkl
2026-08-17 15:15:17,141 [INFO] full_path /home/user/mujoco+evo/Mujoco_training_dataset/cache/mujoco_pickplace/videos/chunk-000/observation.images.front/episode_000147.mp4
2026-08-17 15:15:17,142 [INFO] full_path /home/user/mujoco+evo/Mujoco_training_dataset/cache/mujoco_pickplace/videos/chunk-000/observation.images.overhead/episode_000147.mp4
2026-08-17 15:15:17,142 [INFO] build 1_15.pkl
2026-08-17 15:15:17,142 [INFO] full_path /home/user/mujoco+evo/Mujoco_training_dataset/cache/mujoco_pickplace/videos/chunk-000/observation.images.wrist/episode_000147.mp4
2026-08-17 15:15:17,142 [INFO] build 5_19.pkl
2026-08-17 15:15:17,142 [INFO] build 76_90.pkl
2026-08-17 15:15:17,142 [INFO] full_path /home/user/mujoco+evo/Mujoco_training_dataset/cache/mujoco_pickplace/videos/chunk-000/observation.images.front/episode_000195.mp4
2026-08-17 15:15:17,142 [INFO] full_path /home/user/mujoco+evo/Mujoco_training_dataset/cache/mujoco_pickplace/videos/chunk-000/observation.images.front/episode_000118.mp4
2026-08-17 15:15:17,142 [INFO] full_path /home/user/mujoco+evo/Mujoco_training_dataset/cache/mujoco_pickplace/videos/chunk-000/observation.images.overhead/episode_000195.mp4
2026-08-17 15:15:17,142 [INFO] full_path /home/user/mujoco+evo/Mujoco_training_dataset/cache/mujoco_pickplace/videos/chunk-000/observation.images.front/episode_000199.mp4
2026-08-17 15:15:17,142 [INFO] full_path /home/user/mujoco+evo/Mujoco_training_dataset/cache/mujoco_pickplace/videos/chunk-000/observation.images.wrist/episode_000195.mp4
2026-08-17 15:15:17,142 [INFO] full_path /home/user/mujoco+evo/Mujoco_training_dataset/cache/mujoco_pickplace/videos/chunk-000/observation.images.overhead/episode_000118.mp4
2026-08-17 15:15:17,142 [INFO] full_path /home/user/mujoco+evo/Mujoco_training_dataset/cache/mujoco_pickplace/videos/chunk-000/observation.images.overhead/episode_000199.mp4
2026-08-17 15:15:17,143 [INFO] full_path /home/user/mujoco+evo/Mujoco_training_dataset/cache/mujoco_pickplace/videos/chunk-000/observation.images.wrist/episode_000118.mp4
2026-08-17 15:15:17,143 [INFO] full_path /home/user/mujoco+evo/Mujoco_training_dataset/cache/mujoco_pickplace/videos/chunk-000/observation.images.wrist/episode_000199.mp4
2026-08-17 15:15:17,143 [INFO] build 67_81.pkl
2026-08-17 15:15:17,143 [INFO] build 66_80.pkl
2026-08-17 15:15:17,144 [INFO] build 2_16.pkl
2026-08-17 15:15:17,144 [INFO] full_path /home/user/mujoco+evo/Mujoco_training_dataset/cache/mujoco_pickplace/videos/chunk-000/observation.images.front/episode_000195.mp4
2026-08-17 15:15:17,144 [INFO] full_path /home/user/mujoco+evo/Mujoco_training_dataset/cache/mujoco_pickplace/videos/chunk-000/observation.images.front/episode_000039.mp4
2026-08-17 15:15:17,144 [INFO] full_path /home/user/mujoco+evo/Mujoco_training_dataset/cache/mujoco_pickplace/videos/chunk-000/observation.images.overhead/episode_000195.mp4
2026-08-17 15:15:17,144 [INFO] full_path /home/user/mujoco+evo/Mujoco_training_dataset/cache/mujoco_pickplace/videos/chunk-000/observation.images.overhead/episode_000039.mp4
2026-08-17 15:15:17,144 [INFO] full_path /home/user/mujoco+evo/Mujoco_training_dataset/cache/mujoco_pickplace/videos/chunk-000/observation.images.wrist/episode_000195.mp4
2026-08-17 15:15:17,144 [INFO] full_path /home/user/mujoco+evo/Mujoco_training_dataset/cache/mujoco_pickplace/videos/chunk-000/observation.images.wrist/episode_000039.mp4
2026-08-17 15:15:17,144 [INFO] full_path /home/user/mujoco+evo/Mujoco_training_dataset/cache/mujoco_pickplace/videos/chunk-000/observation.images.front/episode_000144.mp4
2026-08-17 15:15:17,145 [INFO] full_path /home/user/mujoco+evo/Mujoco_training_dataset/cache/mujoco_pickplace/videos/chunk-000/observation.images.overhead/episode_000144.mp4
2026-08-17 15:15:17,145 [INFO] full_path /home/user/mujoco+evo/Mujoco_training_dataset/cache/mujoco_pickplace/videos/chunk-000/observation.images.wrist/episode_000144.mp4
2026-08-17 15:15:17,145 [INFO] build 3_17.pkl
2026-08-17 15:15:17,145 [INFO] build 66_80.pkl
2026-08-17 15:15:17,145 [INFO] build 6_20.pkl
2026-08-17 15:15:17,145 [INFO] full_path /home/user/mujoco+evo/Mujoco_training_dataset/cache/mujoco_pickplace/videos/chunk-000/observation.images.front/episode_000195.mp4
2026-08-17 15:15:17,145 [INFO] full_path /home/user/mujoco+evo/Mujoco_training_dataset/cache/mujoco_pickplace/videos/chunk-000/observation.images.front/episode_000199.mp4
2026-08-17 15:15:17,145 [INFO] full_path /home/user/mujoco+evo/Mujoco_training_dataset/cache/mujoco_pickplace/videos/chunk-000/observation.images.front/episode_000151.mp4
2026-08-17 15:15:17,145 [INFO] full_path /home/user/mujoco+evo/Mujoco_training_dataset/cache/mujoco_pickplace/videos/chunk-000/observation.images.overhead/episode_000199.mp4
2026-08-17 15:15:17,145 [INFO] full_path /home/user/mujoco+evo/Mujoco_training_dataset/cache/mujoco_pickplace/videos/chunk-000/observation.images.overhead/episode_000195.mp4
2026-08-17 15:15:17,145 [INFO] full_path /home/user/mujoco+evo/Mujoco_training_dataset/cache/mujoco_pickplace/videos/chunk-000/observation.images.wrist/episode_000199.mp4
2026-08-17 15:15:17,145 [INFO] full_path /home/user/mujoco+evo/Mujoco_training_dataset/cache/mujoco_pickplace/videos/chunk-000/observation.images.wrist/episode_000195.mp4
2026-08-17 15:15:17,145 [INFO] full_path /home/user/mujoco+evo/Mujoco_training_dataset/cache/mujoco_pickplace/videos/chunk-000/observation.images.overhead/episode_000151.mp4
2026-08-17 15:15:17,146 [INFO] full_path /home/user/mujoco+evo/Mujoco_training_dataset/cache/mujoco_pickplace/videos/chunk-000/observation.images.wrist/episode_000151.mp4
2026-08-17 15:15:17,146 [INFO] build 0_14.pkl
2026-08-17 15:15:17,146 [INFO] build 68_82.pkl
2026-08-17 15:15:17,146 [INFO] build 4_18.pkl
2026-08-17 15:15:17,147 [INFO] full_path /home/user/mujoco+evo/Mujoco_training_dataset/cache/mujoco_pickplace/videos/chunk-000/observation.images.front/episode_000195.mp4
2026-08-17 15:15:17,147 [INFO] full_path /home/user/mujoco+evo/Mujoco_training_dataset/cache/mujoco_pickplace/videos/chunk-000/observation.images.overhead/episode_000195.mp4
2026-08-17 15:15:17,147 [INFO] full_path /home/user/mujoco+evo/Mujoco_training_dataset/cache/mujoco_pickplace/videos/chunk-000/observation.images.wrist/episode_000195.mp4
2026-08-17 15:15:17,147 [INFO] build 67_81.pkl
2026-08-17 15:15:17,147 [INFO] build 68_82.pkl
2026-08-17 15:15:17,147 [INFO] full_path /home/user/mujoco+evo/Mujoco_training_dataset/cache/mujoco_pickplace/videos/chunk-000/observation.images.front/episode_000144.mp4
2026-08-17 15:15:17,147 [INFO] build 7_21.pkl
2026-08-17 15:15:17,147 [INFO] full_path /home/user/mujoco+evo/Mujoco_training_dataset/cache/mujoco_pickplace/videos/chunk-000/observation.images.front/episode_000192.mp4
2026-08-17 15:15:17,147 [INFO] full_path /home/user/mujoco+evo/Mujoco_training_dataset/cache/mujoco_pickplace/videos/chunk-000/observation.images.overhead/episode_000144.mp4
2026-08-17 15:15:17,147 [INFO] full_path /home/user/mujoco+evo/Mujoco_training_dataset/cache/mujoco_pickplace/videos/chunk-000/observation.images.front/episode_000179.mp4
2026-08-17 15:15:17,147 [INFO] full_path /home/user/mujoco+evo/Mujoco_training_dataset/cache/mujoco_pickplace/videos/chunk-000/observation.images.wrist/episode_000144.mp4
2026-08-17 15:15:17,147 [INFO] full_path /home/user/mujoco+evo/Mujoco_training_dataset/cache/mujoco_pickplace/videos/chunk-000/observation.images.overhead/episode_000179.mp4
2026-08-17 15:15:17,147 [INFO] full_path /home/user/mujoco+evo/Mujoco_training_dataset/cache/mujoco_pickplace/videos/chunk-000/observation.images.front/episode_000039.mp4
2026-08-17 15:15:17,147 [INFO] full_path /home/user/mujoco+evo/Mujoco_training_dataset/cache/mujoco_pickplace/videos/chunk-000/observation.images.overhead/episode_000192.mp4
2026-08-17 15:15:17,147 [INFO] full_path /home/user/mujoco+evo/Mujoco_training_dataset/cache/mujoco_pickplace/videos/chunk-000/observation.images.wrist/episode_000179.mp4
2026-08-17 15:15:17,147 [INFO] full_path /home/user/mujoco+evo/Mujoco_training_dataset/cache/mujoco_pickplace/videos/chunk-000/observation.images.wrist/episode_000192.mp4
2026-08-17 15:15:17,147 [INFO] full_path /home/user/mujoco+evo/Mujoco_training_dataset/cache/mujoco_pickplace/videos/chunk-000/observation.images.overhead/episode_000039.mp4
2026-08-17 15:15:17,147 [INFO] full_path /home/user/mujoco+evo/Mujoco_training_dataset/cache/mujoco_pickplace/videos/chunk-000/observation.images.front/episode_000199.mp4
2026-08-17 15:15:17,147 [INFO] full_path /home/user/mujoco+evo/Mujoco_training_dataset/cache/mujoco_pickplace/videos/chunk-000/observation.images.wrist/episode_000039.mp4
2026-08-17 15:15:17,148 [INFO] build 5_19.pkl
2026-08-17 15:15:17,148 [INFO] full_path /home/user/mujoco+evo/Mujoco_training_dataset/cache/mujoco_pickplace/videos/chunk-000/observation.images.overhead/episode_000199.mp4
2026-08-17 15:15:17,148 [INFO] full_path /home/user/mujoco+evo/Mujoco_training_dataset/cache/mujoco_pickplace/videos/chunk-000/observation.images.front/episode_000195.mp4
2026-08-17 15:15:17,148 [INFO] full_path /home/user/mujoco+evo/Mujoco_training_dataset/cache/mujoco_pickplace/videos/chunk-000/observation.images.wrist/episode_000199.mp4
2026-08-17 15:15:17,148 [INFO] full_path /home/user/mujoco+evo/Mujoco_training_dataset/cache/mujoco_pickplace/videos/chunk-000/observation.images.overhead/episode_000195.mp4
2026-08-17 15:15:17,148 [INFO] full_path /home/user/mujoco+evo/Mujoco_training_dataset/cache/mujoco_pickplace/videos/chunk-000/observation.images.wrist/episode_000195.mp4
2026-08-17 15:15:17,148 [INFO] build 69_83.pkl
2026-08-17 15:15:17,149 [INFO] full_path /home/user/mujoco+evo/Mujoco_training_dataset/cache/mujoco_pickplace/videos/chunk-000/observation.images.front/episode_000039.mp4
2026-08-17 15:15:17,149 [INFO] full_path /home/user/mujoco+evo/Mujoco_training_dataset/cache/mujoco_pickplace/videos/chunk-000/observation.images.overhead/episode_000039.mp4
2026-08-17 15:15:17,149 [INFO] build 8_22.pkl
2026-08-17 15:15:17,149 [INFO] build 6_20.pkl
2026-08-17 15:15:17,149 [INFO] full_path /home/user/mujoco+evo/Mujoco_training_dataset/cache/mujoco_pickplace/videos/chunk-000/observation.images.wrist/episode_000039.mp4
2026-08-17 15:15:17,149 [INFO] full_path /home/user/mujoco+evo/Mujoco_training_dataset/cache/mujoco_pickplace/videos/chunk-000/observation.images.front/episode_000195.mp4
2026-08-17 15:15:17,149 [INFO] full_path /home/user/mujoco+evo/Mujoco_training_dataset/cache/mujoco_pickplace/videos/chunk-000/observation.images.front/episode_000199.mp4
2026-08-17 15:15:17,149 [INFO] full_path /home/user/mujoco+evo/Mujoco_training_dataset/cache/mujoco_pickplace/videos/chunk-000/observation.images.overhead/episode_000195.mp4
2026-08-17 15:15:17,149 [INFO] full_path /home/user/mujoco+evo/Mujoco_training_dataset/cache/mujoco_pickplace/videos/chunk-000/observation.images.overhead/episode_000199.mp4
2026-08-17 15:15:17,149 [INFO] full_path /home/user/mujoco+evo/Mujoco_training_dataset/cache/mujoco_pickplace/videos/chunk-000/observation.images.wrist/episode_000195.mp4
2026-08-17 15:15:17,150 [INFO] full_path /home/user/mujoco+evo/Mujoco_training_dataset/cache/mujoco_pickplace/videos/chunk-000/observation.images.wrist/episode_000199.mp4
2026-08-17 15:15:17,150 [INFO] build 1_15.pkl
2026-08-17 15:15:17,150 [INFO] full_path /home/user/mujoco+evo/Mujoco_training_dataset/cache/mujoco_pickplace/videos/chunk-000/observation.images.front/episode_000192.mp4
2026-08-17 15:15:17,150 [INFO] full_path /home/user/mujoco+evo/Mujoco_training_dataset/cache/mujoco_pickplace/videos/chunk-000/observation.images.overhead/episode_000192.mp4
2026-08-17 15:15:17,150 [INFO] build 7_21.pkl
2026-08-17 15:15:17,150 [INFO] full_path /home/user/mujoco+evo/Mujoco_training_dataset/cache/mujoco_pickplace/videos/chunk-000/observation.images.wrist/episode_000192.mp4
2026-08-17 15:15:17,150 [INFO] full_path /home/user/mujoco+evo/Mujoco_training_dataset/cache/mujoco_pickplace/videos/chunk-000/observation.images.front/episode_000195.mp4
2026-08-17 15:15:17,150 [INFO] full_path /home/user/mujoco+evo/Mujoco_training_dataset/cache/mujoco_pickplace/videos/chunk-000/observation.images.overhead/episode_000195.mp4
2026-08-17 15:15:17,150 [INFO] full_path /home/user/mujoco+evo/Mujoco_training_dataset/cache/mujoco_pickplace/videos/chunk-000/observation.images.wrist/episode_000195.mp4
2026-08-17 15:15:17,151 [INFO] build 8_22.pkl
2026-08-17 15:15:17,151 [INFO] build 9_23.pkl
2026-08-17 15:15:17,151 [INFO] build 63_77.pkl
2026-08-17 15:15:17,151 [INFO] full_path /home/user/mujoco+evo/Mujoco_training_dataset/cache/mujoco_pickplace/videos/chunk-000/observation.images.front/episode_000195.mp4
2026-08-17 15:15:17,151 [INFO] build 2_16.pkl
2026-08-17 15:15:17,151 [INFO] full_path /home/user/mujoco+evo/Mujoco_training_dataset/cache/mujoco_pickplace/videos/chunk-000/observation.images.overhead/episode_000195.mp4
2026-08-17 15:15:17,151 [INFO] full_path /home/user/mujoco+evo/Mujoco_training_dataset/cache/mujoco_pickplace/videos/chunk-000/observation.images.front/episode_000199.mp4
2026-08-17 15:15:17,151 [INFO] full_path /home/user/mujoco+evo/Mujoco_training_dataset/cache/mujoco_pickplace/videos/chunk-000/observation.images.wrist/episode_000195.mp4
2026-08-17 15:15:17,151 [INFO] full_path /home/user/mujoco+evo/Mujoco_training_dataset/cache/mujoco_pickplace/videos/chunk-000/observation.images.front/episode_000192.mp4
2026-08-17 15:15:17,151 [INFO] full_path /home/user/mujoco+evo/Mujoco_training_dataset/cache/mujoco_pickplace/videos/chunk-000/observation.images.overhead/episode_000199.mp4
2026-08-17 15:15:17,151 [INFO] full_path /home/user/mujoco+evo/Mujoco_training_dataset/cache/mujoco_pickplace/videos/chunk-000/observation.images.overhead/episode_000192.mp4
2026-08-17 15:15:17,151 [INFO] full_path /home/user/mujoco+evo/Mujoco_training_dataset/cache/mujoco_pickplace/videos/chunk-000/observation.images.wrist/episode_000199.mp4
2026-08-17 15:15:17,152 [INFO] full_path /home/user/mujoco+evo/Mujoco_training_dataset/cache/mujoco_pickplace/videos/chunk-000/observation.images.wrist/episode_000192.mp4
2026-08-17 15:15:17,152 [INFO] full_path /home/user/mujoco+evo/Mujoco_training_dataset/cache/mujoco_pickplace/videos/chunk-000/observation.images.front/episode_000007.mp4
2026-08-17 15:15:17,152 [INFO] full_path /home/user/mujoco+evo/Mujoco_training_dataset/cache/mujoco_pickplace/videos/chunk-000/observation.images.overhead/episode_000007.mp4
2026-08-17 15:15:17,153 [INFO] full_path /home/user/mujoco+evo/Mujoco_training_dataset/cache/mujoco_pickplace/videos/chunk-000/observation.images.wrist/episode_000007.mp4
2026-08-17 15:15:17,153 [INFO] build 3_17.pkl
2026-08-17 15:15:17,153 [INFO] build 9_23.pkl
2026-08-17 15:15:17,153 [INFO] build 10_24.pkl
2026-08-17 15:15:17,153 [INFO] full_path /home/user/mujoco+evo/Mujoco_training_dataset/cache/mujoco_pickplace/videos/chunk-000/observation.images.front/episode_000195.mp4
2026-08-17 15:15:17,153 [INFO] full_path /home/user/mujoco+evo/Mujoco_training_dataset/cache/mujoco_pickplace/videos/chunk-000/observation.images.front/episode_000192.mp4
2026-08-17 15:15:17,153 [INFO] full_path /home/user/mujoco+evo/Mujoco_training_dataset/cache/mujoco_pickplace/videos/chunk-000/observation.images.overhead/episode_000195.mp4
2026-08-17 15:15:17,153 [INFO] full_path /home/user/mujoco+evo/Mujoco_training_dataset/cache/mujoco_pickplace/videos/chunk-000/observation.images.wrist/episode_000195.mp4
2026-08-17 15:15:17,153 [INFO] full_path /home/user/mujoco+evo/Mujoco_training_dataset/cache/mujoco_pickplace/videos/chunk-000/observation.images.front/episode_000199.mp4
2026-08-17 15:15:17,153 [INFO] full_path /home/user/mujoco+evo/Mujoco_training_dataset/cache/mujoco_pickplace/videos/chunk-000/observation.images.overhead/episode_000192.mp4
2026-08-17 15:15:17,153 [INFO] full_path /home/user/mujoco+evo/Mujoco_training_dataset/cache/mujoco_pickplace/videos/chunk-000/observation.images.wrist/episode_000192.mp4
2026-08-17 15:15:17,153 [INFO] full_path /home/user/mujoco+evo/Mujoco_training_dataset/cache/mujoco_pickplace/videos/chunk-000/observation.images.overhead/episode_000199.mp4
2026-08-17 15:15:17,153 [INFO] full_path /home/user/mujoco+evo/Mujoco_training_dataset/cache/mujoco_pickplace/videos/chunk-000/observation.images.wrist/episode_000199.mp4
2026-08-17 15:15:17,154 [INFO] build 10_24.pkl
2026-08-17 15:15:17,154 [INFO] full_path /home/user/mujoco+evo/Mujoco_training_dataset/cache/mujoco_pickplace/videos/chunk-000/observation.images.front/episode_000195.mp4
2026-08-17 15:15:17,154 [INFO] full_path /home/user/mujoco+evo/Mujoco_training_dataset/cache/mujoco_pickplace/videos/chunk-000/observation.images.overhead/episode_000195.mp4
2026-08-17 15:15:17,154 [INFO] full_path /home/user/mujoco+evo/Mujoco_training_dataset/cache/mujoco_pickplace/videos/chunk-000/observation.images.wrist/episode_000195.mp4
2026-08-17 15:15:17,154 [INFO] build 4_18.pkl
2026-08-17 15:15:17,154 [INFO] build 65_79.pkl
2026-08-17 15:15:17,154 [INFO] full_path /home/user/mujoco+evo/Mujoco_training_dataset/cache/mujoco_pickplace/videos/chunk-000/observation.images.front/episode_000192.mp4
2026-08-17 15:15:17,154 [INFO] full_path /home/user/mujoco+evo/Mujoco_training_dataset/cache/mujoco_pickplace/videos/chunk-000/observation.images.front/episode_000010.mp4
2026-08-17 15:15:17,154 [INFO] full_path /home/user/mujoco+evo/Mujoco_training_dataset/cache/mujoco_pickplace/videos/chunk-000/observation.images.overhead/episode_000010.mp4
2026-08-17 15:15:17,155 [INFO] full_path /home/user/mujoco+evo/Mujoco_training_dataset/cache/mujoco_pickplace/videos/chunk-000/observation.images.wrist/episode_000010.mp4
2026-08-17 15:15:17,155 [INFO] build 11_25.pkl
2026-08-17 15:15:17,155 [INFO] full_path /home/user/mujoco+evo/Mujoco_training_dataset/cache/mujoco_pickplace/videos/chunk-000/observation.images.overhead/episode_000192.mp4
2026-08-17 15:15:17,155 [INFO] build 69_83.pkl
2026-08-17 15:15:17,155 [INFO] full_path /home/user/mujoco+evo/Mujoco_training_dataset/cache/mujoco_pickplace/videos/chunk-000/observation.images.front/episode_000199.mp4
2026-08-17 15:15:17,155 [INFO] full_path /home/user/mujoco+evo/Mujoco_training_dataset/cache/mujoco_pickplace/videos/chunk-000/observation.images.wrist/episode_000192.mp4
2026-08-17 15:15:17,155 [INFO] full_path /home/user/mujoco+evo/Mujoco_training_dataset/cache/mujoco_pickplace/videos/chunk-000/observation.images.overhead/episode_000199.mp4
2026-08-17 15:15:17,155 [INFO] full_path /home/user/mujoco+evo/Mujoco_training_dataset/cache/mujoco_pickplace/videos/chunk-000/observation.images.wrist/episode_000199.mp4
2026-08-17 15:15:17,155 [INFO] build 11_25.pkl
2026-08-17 15:15:17,155 [INFO] full_path /home/user/mujoco+evo/Mujoco_training_dataset/cache/mujoco_pickplace/videos/chunk-000/observation.images.front/episode_000046.mp4
2026-08-17 15:15:17,155 [INFO] full_path /home/user/mujoco+evo/Mujoco_training_dataset/cache/mujoco_pickplace/videos/chunk-000/observation.images.front/episode_000195.mp4
2026-08-17 15:15:17,155 [INFO] full_path /home/user/mujoco+evo/Mujoco_training_dataset/cache/mujoco_pickplace/videos/chunk-000/observation.images.overhead/episode_000046.mp4
2026-08-17 15:15:17,155 [INFO] full_path /home/user/mujoco+evo/Mujoco_training_dataset/cache/mujoco_pickplace/videos/chunk-000/observation.images.overhead/episode_000195.mp4
2026-08-17 15:15:17,156 [INFO] full_path /home/user/mujoco+evo/Mujoco_training_dataset/cache/mujoco_pickplace/videos/chunk-000/observation.images.wrist/episode_000195.mp4
2026-08-17 15:15:17,156 [INFO] full_path /home/user/mujoco+evo/Mujoco_training_dataset/cache/mujoco_pickplace/videos/chunk-000/observation.images.wrist/episode_000046.mp4
2026-08-17 15:15:17,156 [INFO] build 12_26.pkl
2026-08-17 15:15:17,156 [INFO] full_path /home/user/mujoco+evo/Mujoco_training_dataset/cache/mujoco_pickplace/videos/chunk-000/observation.images.front/episode_000195.mp4
2026-08-17 15:15:17,156 [INFO] full_path /home/user/mujoco+evo/Mujoco_training_dataset/cache/mujoco_pickplace/videos/chunk-000/observation.images.overhead/episode_000195.mp4
2026-08-17 15:15:17,157 [INFO] full_path /home/user/mujoco+evo/Mujoco_training_dataset/cache/mujoco_pickplace/videos/chunk-000/observation.images.wrist/episode_000195.mp4
2026-08-17 15:15:17,157 [INFO] build 12_26.pkl
2026-08-17 15:15:17,157 [INFO] build 5_19.pkl
2026-08-17 15:15:17,157 [INFO] full_path /home/user/mujoco+evo/Mujoco_training_dataset/cache/mujoco_pickplace/videos/chunk-000/observation.images.front/episode_000199.mp4
2026-08-17 15:15:17,157 [INFO] full_path /home/user/mujoco+evo/Mujoco_training_dataset/cache/mujoco_pickplace/videos/chunk-000/observation.images.overhead/episode_000199.mp4
2026-08-17 15:15:17,157 [INFO] full_path /home/user/mujoco+evo/Mujoco_training_dataset/cache/mujoco_pickplace/videos/chunk-000/observation.images.front/episode_000192.mp4
2026-08-17 15:15:17,157 [INFO] full_path /home/user/mujoco+evo/Mujoco_training_dataset/cache/mujoco_pickplace/videos/chunk-000/observation.images.wrist/episode_000199.mp4
2026-08-17 15:15:17,157 [INFO] full_path /home/user/mujoco+evo/Mujoco_training_dataset/cache/mujoco_pickplace/videos/chunk-000/observation.images.overhead/episode_000192.mp4
2026-08-17 15:15:17,157 [INFO] build 13_27.pkl
2026-08-17 15:15:17,158 [INFO] full_path /home/user/mujoco+evo/Mujoco_training_dataset/cache/mujoco_pickplace/videos/chunk-000/observation.images.front/episode_000195.mp4
2026-08-17 15:15:17,158 [INFO] full_path /home/user/mujoco+evo/Mujoco_training_dataset/cache/mujoco_pickplace/videos/chunk-000/observation.images.wrist/episode_000192.mp4
2026-08-17 15:15:17,158 [INFO] full_path /home/user/mujoco+evo/Mujoco_training_dataset/cache/mujoco_pickplace/videos/chunk-000/observation.images.overhead/episode_000195.mp4
2026-08-17 15:15:17,158 [INFO] full_path /home/user/mujoco+evo/Mujoco_training_dataset/cache/mujoco_pickplace/videos/chunk-000/observation.images.wrist/episode_000195.mp4
2026-08-17 15:15:17,159 [INFO] build 13_27.pkl
2026-08-17 15:15:17,159 [INFO] full_path /home/user/mujoco+evo/Mujoco_training_dataset/cache/mujoco_pickplace/videos/chunk-000/observation.images.front/episode_000199.mp4
2026-08-17 15:15:17,159 [INFO] full_path /home/user/mujoco+evo/Mujoco_training_dataset/cache/mujoco_pickplace/videos/chunk-000/observation.images.overhead/episode_000199.mp4
2026-08-17 15:15:17,159 [INFO] build 14_28.pkl
2026-08-17 15:15:17,159 [INFO] full_path /home/user/mujoco+evo/Mujoco_training_dataset/cache/mujoco_pickplace/videos/chunk-000/observation.images.wrist/episode_000199.mp4
2026-08-17 15:15:17,159 [INFO] full_path /home/user/mujoco+evo/Mujoco_training_dataset/cache/mujoco_pickplace/videos/chunk-000/observation.images.front/episode_000195.mp4
2026-08-17 15:15:17,159 [INFO] build 6_20.pkl
2026-08-17 15:15:17,159 [INFO] full_path /home/user/mujoco+evo/Mujoco_training_dataset/cache/mujoco_pickplace/videos/chunk-000/observation.images.overhead/episode_000195.mp4
2026-08-17 15:15:17,159 [INFO] full_path /home/user/mujoco+evo/Mujoco_training_dataset/cache/mujoco_pickplace/videos/chunk-000/observation.images.wrist/episode_000195.mp4
2026-08-17 15:15:17,159 [INFO] full_path /home/user/mujoco+evo/Mujoco_training_dataset/cache/mujoco_pickplace/videos/chunk-000/observation.images.front/episode_000192.mp4
2026-08-17 15:15:17,160 [INFO] full_path /home/user/mujoco+evo/Mujoco_training_dataset/cache/mujoco_pickplace/videos/chunk-000/observation.images.overhead/episode_000192.mp4
2026-08-17 15:15:17,160 [INFO] full_path /home/user/mujoco+evo/Mujoco_training_dataset/cache/mujoco_pickplace/videos/chunk-000/observation.images.wrist/episode_000192.mp4
2026-08-17 15:15:17,160 [INFO] build 15_29.pkl
2026-08-17 15:15:17,160 [INFO] build 14_28.pkl
2026-08-17 15:15:17,161 [INFO] full_path /home/user/mujoco+evo/Mujoco_training_dataset/cache/mujoco_pickplace/videos/chunk-000/observation.images.front/episode_000195.mp4
2026-08-17 15:15:17,161 [INFO] full_path /home/user/mujoco+evo/Mujoco_training_dataset/cache/mujoco_pickplace/videos/chunk-000/observation.images.overhead/episode_000195.mp4
2026-08-17 15:15:17,161 [INFO] full_path /home/user/mujoco+evo/Mujoco_training_dataset/cache/mujoco_pickplace/videos/chunk-000/observation.images.wrist/episode_000195.mp4
2026-08-17 15:15:17,161 [INFO] build 7_21.pkl
2026-08-17 15:15:17,161 [INFO] full_path /home/user/mujoco+evo/Mujoco_training_dataset/cache/mujoco_pickplace/videos/chunk-000/observation.images.front/episode_000199.mp4
2026-08-17 15:15:17,161 [INFO] full_path /home/user/mujoco+evo/Mujoco_training_dataset/cache/mujoco_pickplace/videos/chunk-000/observation.images.overhead/episode_000199.mp4
2026-08-17 15:15:17,161 [INFO] full_path /home/user/mujoco+evo/Mujoco_training_dataset/cache/mujoco_pickplace/videos/chunk-000/observation.images.front/episode_000192.mp4
2026-08-17 15:15:17,161 [INFO] full_path /home/user/mujoco+evo/Mujoco_training_dataset/cache/mujoco_pickplace/videos/chunk-000/observation.images.overhead/episode_000192.mp4
2026-08-17 15:15:17,161 [INFO] full_path /home/user/mujoco+evo/Mujoco_training_dataset/cache/mujoco_pickplace/videos/chunk-000/observation.images.wrist/episode_000199.mp4
2026-08-17 15:15:17,161 [INFO] full_path /home/user/mujoco+evo/Mujoco_training_dataset/cache/mujoco_pickplace/videos/chunk-000/observation.images.wrist/episode_000192.mp4
2026-08-17 15:15:17,161 [INFO] build 0_14.pkl
2026-08-17 15:15:17,162 [INFO] build 16_30.pkl
2026-08-17 15:15:17,162 [INFO] full_path /home/user/mujoco+evo/Mujoco_training_dataset/cache/mujoco_pickplace/videos/chunk-000/observation.images.front/episode_000195.mp4
2026-08-17 15:15:17,162 [INFO] full_path /home/user/mujoco+evo/Mujoco_training_dataset/cache/mujoco_pickplace/videos/chunk-000/observation.images.front/episode_000194.mp4
2026-08-17 15:15:17,162 [INFO] full_path /home/user/mujoco+evo/Mujoco_training_dataset/cache/mujoco_pickplace/videos/chunk-000/observation.images.overhead/episode_000195.mp4
2026-08-17 15:15:17,162 [INFO] full_path /home/user/mujoco+evo/Mujoco_training_dataset/cache/mujoco_pickplace/videos/chunk-000/observation.images.overhead/episode_000194.mp4
2026-08-17 15:15:17,162 [INFO] full_path /home/user/mujoco+evo/Mujoco_training_dataset/cache/mujoco_pickplace/videos/chunk-000/observation.images.wrist/episode_000195.mp4
2026-08-17 15:15:17,162 [INFO] full_path /home/user/mujoco+evo/Mujoco_training_dataset/cache/mujoco_pickplace/videos/chunk-000/observation.images.wrist/episode_000194.mp4
2026-08-17 15:15:17,162 [INFO] build 8_22.pkl
2026-08-17 15:15:17,162 [INFO] build 64_78.pkl
2026-08-17 15:15:17,162 [INFO] build 15_29.pkl
2026-08-17 15:15:17,163 [INFO] full_path /home/user/mujoco+evo/Mujoco_training_dataset/cache/mujoco_pickplace/videos/chunk-000/observation.images.front/episode_000192.mp4
2026-08-17 15:15:17,163 [INFO] full_path /home/user/mujoco+evo/Mujoco_training_dataset/cache/mujoco_pickplace/videos/chunk-000/observation.images.overhead/episode_000192.mp4
2026-08-17 15:15:17,163 [INFO] full_path /home/user/mujoco+evo/Mujoco_training_dataset/cache/mujoco_pickplace/videos/chunk-000/observation.images.wrist/episode_000192.mp4
2026-08-17 15:15:17,163 [INFO] full_path /home/user/mujoco+evo/Mujoco_training_dataset/cache/mujoco_pickplace/videos/chunk-000/observation.images.front/episode_000199.mp4
2026-08-17 15:15:17,163 [INFO] build 17_31.pkl
2026-08-17 15:15:17,163 [INFO] full_path /home/user/mujoco+evo/Mujoco_training_dataset/cache/mujoco_pickplace/videos/chunk-000/observation.images.front/episode_000177.mp4
2026-08-17 15:15:17,163 [INFO] full_path /home/user/mujoco+evo/Mujoco_training_dataset/cache/mujoco_pickplace/videos/chunk-000/observation.images.overhead/episode_000199.mp4
2026-08-17 15:15:17,163 [INFO] full_path /home/user/mujoco+evo/Mujoco_training_dataset/cache/mujoco_pickplace/videos/chunk-000/observation.images.front/episode_000195.mp4
2026-08-17 15:15:17,163 [INFO] full_path /home/user/mujoco+evo/Mujoco_training_dataset/cache/mujoco_pickplace/videos/chunk-000/observation.images.overhead/episode_000177.mp4
2026-08-17 15:15:17,163 [INFO] full_path /home/user/mujoco+evo/Mujoco_training_dataset/cache/mujoco_pickplace/videos/chunk-000/observation.images.overhead/episode_000195.mp4
2026-08-17 15:15:17,163 [INFO] full_path /home/user/mujoco+evo/Mujoco_training_dataset/cache/mujoco_pickplace/videos/chunk-000/observation.images.wrist/episode_000177.mp4
2026-08-17 15:15:17,163 [INFO] full_path /home/user/mujoco+evo/Mujoco_training_dataset/cache/mujoco_pickplace/videos/chunk-000/observation.images.wrist/episode_000199.mp4
2026-08-17 15:15:17,163 [INFO] full_path /home/user/mujoco+evo/Mujoco_training_dataset/cache/mujoco_pickplace/videos/chunk-000/observation.images.wrist/episode_000195.mp4
2026-08-17 15:15:17,163 [INFO] build 67_81.pkl
2026-08-17 15:15:17,163 [INFO] full_path /home/user/mujoco+evo/Mujoco_training_dataset/cache/mujoco_pickplace/videos/chunk-000/observation.images.front/episode_000073.mp4
2026-08-17 15:15:17,163 [INFO] full_path /home/user/mujoco+evo/Mujoco_training_dataset/cache/mujoco_pickplace/videos/chunk-000/observation.images.overhead/episode_000073.mp4
2026-08-17 15:15:17,164 [INFO] full_path /home/user/mujoco+evo/Mujoco_training_dataset/cache/mujoco_pickplace/videos/chunk-000/observation.images.wrist/episode_000073.mp4
2026-08-17 15:15:17,164 [INFO] build 61_75.pkl
2026-08-17 15:15:17,165 [INFO] build 1_15.pkl
2026-08-17 15:15:17,165 [INFO] full_path /home/user/mujoco+evo/Mujoco_training_dataset/cache/mujoco_pickplace/videos/chunk-000/observation.images.front/episode_000091.mp4
2026-08-17 15:15:17,165 [INFO] full_path /home/user/mujoco+evo/Mujoco_training_dataset/cache/mujoco_pickplace/videos/chunk-000/observation.images.overhead/episode_000091.mp4
2026-08-17 15:15:17,165 [INFO] build 9_23.pkl
2026-08-17 15:15:17,165 [INFO] full_path /home/user/mujoco+evo/Mujoco_training_dataset/cache/mujoco_pickplace/videos/chunk-000/observation.images.front/episode_000194.mp4
2026-08-17 15:15:17,165 [INFO] build 16_30.pkl
2026-08-17 15:15:17,165 [INFO] full_path /home/user/mujoco+evo/Mujoco_training_dataset/cache/mujoco_pickplace/videos/chunk-000/observation.images.front/episode_000192.mp4
2026-08-17 15:15:17,165 [INFO] full_path /home/user/mujoco+evo/Mujoco_training_dataset/cache/mujoco_pickplace/videos/chunk-000/observation.images.wrist/episode_000091.mp4
2026-08-17 15:15:17,165 [INFO] full_path /home/user/mujoco+evo/Mujoco_training_dataset/cache/mujoco_pickplace/videos/chunk-000/observation.images.overhead/episode_000192.mp4
2026-08-17 15:15:17,165 [INFO] full_path /home/user/mujoco+evo/Mujoco_training_dataset/cache/mujoco_pickplace/videos/chunk-000/observation.images.overhead/episode_000194.mp4
2026-08-17 15:15:17,165 [INFO] full_path /home/user/mujoco+evo/Mujoco_training_dataset/cache/mujoco_pickplace/videos/chunk-000/observation.images.wrist/episode_000192.mp4
2026-08-17 15:15:17,165 [INFO] full_path /home/user/mujoco+evo/Mujoco_training_dataset/cache/mujoco_pickplace/videos/chunk-000/observation.images.front/episode_000199.mp4
2026-08-17 15:15:17,165 [INFO] build 18_32.pkl
2026-08-17 15:15:17,165 [INFO] full_path /home/user/mujoco+evo/Mujoco_training_dataset/cache/mujoco_pickplace/videos/chunk-000/observation.images.overhead/episode_000199.mp4
2026-08-17 15:15:17,165 [INFO] full_path /home/user/mujoco+evo/Mujoco_training_dataset/cache/mujoco_pickplace/videos/chunk-000/observation.images.wrist/episode_000194.mp4
2026-08-17 15:15:17,165 [INFO] full_path /home/user/mujoco+evo/Mujoco_training_dataset/cache/mujoco_pickplace/videos/chunk-000/observation.images.wrist/episode_000199.mp4
2026-08-17 15:15:17,166 [INFO] full_path /home/user/mujoco+evo/Mujoco_training_dataset/cache/mujoco_pickplace/videos/chunk-000/observation.images.front/episode_000195.mp4
2026-08-17 15:15:17,166 [INFO] full_path /home/user/mujoco+evo/Mujoco_training_dataset/cache/mujoco_pickplace/videos/chunk-000/observation.images.overhead/episode_000195.mp4
2026-08-17 15:15:17,166 [INFO] full_path /home/user/mujoco+evo/Mujoco_training_dataset/cache/mujoco_pickplace/videos/chunk-000/observation.images.wrist/episode_000195.mp4
2026-08-17 15:15:17,167 [INFO] build 2_16.pkl
2026-08-17 15:15:17,167 [INFO] build 17_31.pkl
2026-08-17 15:15:17,167 [INFO] build 10_24.pkl
2026-08-17 15:15:17,167 [INFO] full_path /home/user/mujoco+evo/Mujoco_training_dataset/cache/mujoco_pickplace/videos/chunk-000/observation.images.front/episode_000194.mp4
2026-08-17 15:15:17,167 [INFO] full_path /home/user/mujoco+evo/Mujoco_training_dataset/cache/mujoco_pickplace/videos/chunk-000/observation.images.front/episode_000199.mp4
2026-08-17 15:15:17,167 [INFO] full_path /home/user/mujoco+evo/Mujoco_training_dataset/cache/mujoco_pickplace/videos/chunk-000/observation.images.overhead/episode_000194.mp4
2026-08-17 15:15:17,167 [INFO] full_path /home/user/mujoco+evo/Mujoco_training_dataset/cache/mujoco_pickplace/videos/chunk-000/observation.images.wrist/episode_000194.mp4
2026-08-17 15:15:17,167 [INFO] build 19_33.pkl
2026-08-17 15:15:17,167 [INFO] full_path /home/user/mujoco+evo/Mujoco_training_dataset/cache/mujoco_pickplace/videos/chunk-000/observation.images.overhead/episode_000199.mp4
2026-08-17 15:15:17,167 [INFO] full_path /home/user/mujoco+evo/Mujoco_training_dataset/cache/mujoco_pickplace/videos/chunk-000/observation.images.front/episode_000195.mp4
2026-08-17 15:15:17,167 [INFO] full_path /home/user/mujoco+evo/Mujoco_training_dataset/cache/mujoco_pickplace/videos/chunk-000/observation.images.wrist/episode_000199.mp4
2026-08-17 15:15:17,167 [INFO] full_path /home/user/mujoco+evo/Mujoco_training_dataset/cache/mujoco_pickplace/videos/chunk-000/observation.images.front/episode_000192.mp4
2026-08-17 15:15:17,168 [INFO] full_path /home/user/mujoco+evo/Mujoco_training_dataset/cache/mujoco_pickplace/videos/chunk-000/observation.images.overhead/episode_000192.mp4
2026-08-17 15:15:17,168 [INFO] full_path /home/user/mujoco+evo/Mujoco_training_dataset/cache/mujoco_pickplace/videos/chunk-000/observation.images.overhead/episode_000195.mp4
2026-08-17 15:15:17,168 [INFO] full_path /home/user/mujoco+evo/Mujoco_training_dataset/cache/mujoco_pickplace/videos/chunk-000/observation.images.wrist/episode_000192.mp4
2026-08-17 15:15:17,168 [INFO] full_path /home/user/mujoco+evo/Mujoco_training_dataset/cache/mujoco_pickplace/videos/chunk-000/observation.images.wrist/episode_000195.mp4
2026-08-17 15:15:17,169 [INFO] build 18_32.pkl
2026-08-17 15:15:17,169 [INFO] build 0_14.pkl
2026-08-17 15:15:17,169 [INFO] full_path /home/user/mujoco+evo/Mujoco_training_dataset/cache/mujoco_pickplace/videos/chunk-000/observation.images.front/episode_000199.mp4
2026-08-17 15:15:17,169 [INFO] full_path /home/user/mujoco+evo/Mujoco_training_dataset/cache/mujoco_pickplace/videos/chunk-000/observation.images.overhead/episode_000199.mp4
2026-08-17 15:15:17,169 [INFO] full_path /home/user/mujoco+evo/Mujoco_training_dataset/cache/mujoco_pickplace/videos/chunk-000/observation.images.wrist/episode_000199.mp4
2026-08-17 15:15:17,169 [INFO] build 3_17.pkl
2026-08-17 15:15:17,169 [INFO] full_path /home/user/mujoco+evo/Mujoco_training_dataset/cache/mujoco_pickplace/videos/chunk-000/observation.images.front/episode_000194.mp4
2026-08-17 15:15:17,170 [INFO] full_path /home/user/mujoco+evo/Mujoco_training_dataset/cache/mujoco_pickplace/videos/chunk-000/observation.images.overhead/episode_000194.mp4
2026-08-17 15:15:17,170 [INFO] full_path /home/user/mujoco+evo/Mujoco_training_dataset/cache/mujoco_pickplace/videos/chunk-000/observation.images.wrist/episode_000194.mp4
2026-08-17 15:15:17,170 [INFO] build 20_34.pkl
2026-08-17 15:15:17,170 [INFO] build 11_25.pkl
2026-08-17 15:15:17,170 [INFO] full_path /home/user/mujoco+evo/Mujoco_training_dataset/cache/mujoco_pickplace/videos/chunk-000/observation.images.front/episode_000191.mp4
2026-08-17 15:15:17,170 [INFO] full_path /home/user/mujoco+evo/Mujoco_training_dataset/cache/mujoco_pickplace/videos/chunk-000/observation.images.overhead/episode_000191.mp4
2026-08-17 15:15:17,170 [INFO] full_path /home/user/mujoco+evo/Mujoco_training_dataset/cache/mujoco_pickplace/videos/chunk-000/observation.images.wrist/episode_000191.mp4
2026-08-17 15:15:17,170 [INFO] full_path /home/user/mujoco+evo/Mujoco_training_dataset/cache/mujoco_pickplace/videos/chunk-000/observation.images.front/episode_000192.mp4
2026-08-17 15:15:17,170 [INFO] full_path /home/user/mujoco+evo/Mujoco_training_dataset/cache/mujoco_pickplace/videos/chunk-000/observation.images.overhead/episode_000192.mp4
2026-08-17 15:15:17,170 [INFO] full_path /home/user/mujoco+evo/Mujoco_training_dataset/cache/mujoco_pickplace/videos/chunk-000/observation.images.wrist/episode_000192.mp4
2026-08-17 15:15:17,170 [INFO] full_path /home/user/mujoco+evo/Mujoco_training_dataset/cache/mujoco_pickplace/videos/chunk-000/observation.images.front/episode_000195.mp4
2026-08-17 15:15:17,170 [INFO] build 19_33.pkl
2026-08-17 15:15:17,171 [INFO] full_path /home/user/mujoco+evo/Mujoco_training_dataset/cache/mujoco_pickplace/videos/chunk-000/observation.images.overhead/episode_000195.mp4
2026-08-17 15:15:17,171 [INFO] full_path /home/user/mujoco+evo/Mujoco_training_dataset/cache/mujoco_pickplace/videos/chunk-000/observation.images.front/episode_000199.mp4
2026-08-17 15:15:17,171 [INFO] full_path /home/user/mujoco+evo/Mujoco_training_dataset/cache/mujoco_pickplace/videos/chunk-000/observation.images.wrist/episode_000195.mp4
2026-08-17 15:15:17,171 [INFO] full_path /home/user/mujoco+evo/Mujoco_training_dataset/cache/mujoco_pickplace/videos/chunk-000/observation.images.overhead/episode_000199.mp4
2026-08-17 15:15:17,171 [INFO] full_path /home/user/mujoco+evo/Mujoco_training_dataset/cache/mujoco_pickplace/videos/chunk-000/observation.images.wrist/episode_000199.mp4
2026-08-17 15:15:17,171 [INFO] build 4_18.pkl
2026-08-17 15:15:17,171 [INFO] full_path /home/user/mujoco+evo/Mujoco_training_dataset/cache/mujoco_pickplace/videos/chunk-000/observation.images.front/episode_000194.mp4
2026-08-17 15:15:17,171 [INFO] full_path /home/user/mujoco+evo/Mujoco_training_dataset/cache/mujoco_pickplace/videos/chunk-000/observation.images.overhead/episode_000194.mp4
2026-08-17 15:15:17,171 [INFO] full_path /home/user/mujoco+evo/Mujoco_training_dataset/cache/mujoco_pickplace/videos/chunk-000/observation.images.wrist/episode_000194.mp4
2026-08-17 15:15:17,172 [INFO] build 64_78.pkl
2026-08-17 15:15:17,172 [INFO] build 1_15.pkl
2026-08-17 15:15:17,172 [INFO] build 20_34.pkl
2026-08-17 15:15:17,172 [INFO] build 21_35.pkl
2026-08-17 15:15:17,172 [INFO] full_path /home/user/mujoco+evo/Mujoco_training_dataset/cache/mujoco_pickplace/videos/chunk-000/observation.images.front/episode_000191.mp4
2026-08-17 15:15:17,172 [INFO] full_path /home/user/mujoco+evo/Mujoco_training_dataset/cache/mujoco_pickplace/videos/chunk-000/observation.images.front/episode_000199.mp4
2026-08-17 15:15:17,172 [INFO] full_path /home/user/mujoco+evo/Mujoco_training_dataset/cache/mujoco_pickplace/videos/chunk-000/observation.images.overhead/episode_000191.mp4
2026-08-17 15:15:17,172 [INFO] build 12_26.pkl
2026-08-17 15:15:17,172 [INFO] full_path /home/user/mujoco+evo/Mujoco_training_dataset/cache/mujoco_pickplace/videos/chunk-000/observation.images.wrist/episode_000191.mp4
2026-08-17 15:15:17,172 [INFO] full_path /home/user/mujoco+evo/Mujoco_training_dataset/cache/mujoco_pickplace/videos/chunk-000/observation.images.front/episode_000195.mp4
2026-08-17 15:15:17,172 [INFO] full_path /home/user/mujoco+evo/Mujoco_training_dataset/cache/mujoco_pickplace/videos/chunk-000/observation.images.front/episode_000088.mp4
2026-08-17 15:15:17,172 [INFO] full_path /home/user/mujoco+evo/Mujoco_training_dataset/cache/mujoco_pickplace/videos/chunk-000/observation.images.front/episode_000192.mp4
2026-08-17 15:15:17,172 [INFO] full_path /home/user/mujoco+evo/Mujoco_training_dataset/cache/mujoco_pickplace/videos/chunk-000/observation.images.overhead/episode_000195.mp4
2026-08-17 15:15:17,172 [INFO] full_path /home/user/mujoco+evo/Mujoco_training_dataset/cache/mujoco_pickplace/videos/chunk-000/observation.images.overhead/episode_000199.mp4
2026-08-17 15:15:17,172 [INFO] full_path /home/user/mujoco+evo/Mujoco_training_dataset/cache/mujoco_pickplace/videos/chunk-000/observation.images.overhead/episode_000088.mp4
2026-08-17 15:15:17,173 [INFO] full_path /home/user/mujoco+evo/Mujoco_training_dataset/cache/mujoco_pickplace/videos/chunk-000/observation.images.overhead/episode_000192.mp4
2026-08-17 15:15:17,173 [INFO] full_path /home/user/mujoco+evo/Mujoco_training_dataset/cache/mujoco_pickplace/videos/chunk-000/observation.images.wrist/episode_000195.mp4
2026-08-17 15:15:17,173 [INFO] full_path /home/user/mujoco+evo/Mujoco_training_dataset/cache/mujoco_pickplace/videos/chunk-000/observation.images.wrist/episode_000199.mp4
2026-08-17 15:15:17,173 [INFO] full_path /home/user/mujoco+evo/Mujoco_training_dataset/cache/mujoco_pickplace/videos/chunk-000/observation.images.wrist/episode_000088.mp4
2026-08-17 15:15:17,173 [INFO] full_path /home/user/mujoco+evo/Mujoco_training_dataset/cache/mujoco_pickplace/videos/chunk-000/observation.images.wrist/episode_000192.mp4
2026-08-17 15:15:17,173 [INFO] build 68_82.pkl
2026-08-17 15:15:17,173 [INFO] build 2_16.pkl
2026-08-17 15:15:17,173 [INFO] build 5_19.pkl
2026-08-17 15:15:17,173 [INFO] full_path /home/user/mujoco+evo/Mujoco_training_dataset/cache/mujoco_pickplace/videos/chunk-000/observation.images.front/episode_000110.mp4
2026-08-17 15:15:17,173 [INFO] full_path /home/user/mujoco+evo/Mujoco_training_dataset/cache/mujoco_pickplace/videos/chunk-000/observation.images.front/episode_000191.mp4
2026-08-17 15:15:17,173 [INFO] full_path /home/user/mujoco+evo/Mujoco_training_dataset/cache/mujoco_pickplace/videos/chunk-000/observation.images.overhead/episode_000110.mp4
2026-08-17 15:15:17,173 [INFO] full_path /home/user/mujoco+evo/Mujoco_training_dataset/cache/mujoco_pickplace/videos/chunk-000/observation.images.overhead/episode_000191.mp4
2026-08-17 15:15:17,173 [INFO] full_path /home/user/mujoco+evo/Mujoco_training_dataset/cache/mujoco_pickplace/videos/chunk-000/observation.images.wrist/episode_000110.mp4
2026-08-17 15:15:17,173 [INFO] full_path /home/user/mujoco+evo/Mujoco_training_dataset/cache/mujoco_pickplace/videos/chunk-000/observation.images.wrist/episode_000191.mp4
2026-08-17 15:15:17,173 [INFO] full_path /home/user/mujoco+evo/Mujoco_training_dataset/cache/mujoco_pickplace/videos/chunk-000/observation.images.front/episode_000194.mp4
2026-08-17 15:15:17,173 [INFO] full_path /home/user/mujoco+evo/Mujoco_training_dataset/cache/mujoco_pickplace/videos/chunk-000/observation.images.overhead/episode_000194.mp4
2026-08-17 15:15:17,174 [INFO] full_path /home/user/mujoco+evo/Mujoco_training_dataset/cache/mujoco_pickplace/videos/chunk-000/observation.images.wrist/episode_000194.mp4
2026-08-17 15:15:17,174 [INFO] build 3_17.pkl
2026-08-17 15:15:17,174 [INFO] build 21_35.pkl
2026-08-17 15:15:17,174 [INFO] build 13_27.pkl
2026-08-17 15:15:17,174 [INFO] full_path /home/user/mujoco+evo/Mujoco_training_dataset/cache/mujoco_pickplace/videos/chunk-000/observation.images.front/episode_000191.mp4
2026-08-17 15:15:17,174 [INFO] full_path /home/user/mujoco+evo/Mujoco_training_dataset/cache/mujoco_pickplace/videos/chunk-000/observation.images.overhead/episode_000191.mp4
2026-08-17 15:15:17,174 [INFO] full_path /home/user/mujoco+evo/Mujoco_training_dataset/cache/mujoco_pickplace/videos/chunk-000/observation.images.front/episode_000192.mp4
2026-08-17 15:15:17,174 [INFO] full_path /home/user/mujoco+evo/Mujoco_training_dataset/cache/mujoco_pickplace/videos/chunk-000/observation.images.front/episode_000199.mp4
2026-08-17 15:15:17,174 [INFO] full_path /home/user/mujoco+evo/Mujoco_training_dataset/cache/mujoco_pickplace/videos/chunk-000/observation.images.wrist/episode_000191.mp4
2026-08-17 15:15:17,174 [INFO] build 22_36.pkl
2026-08-17 15:15:17,174 [INFO] full_path /home/user/mujoco+evo/Mujoco_training_dataset/cache/mujoco_pickplace/videos/chunk-000/observation.images.overhead/episode_000199.mp4
2026-08-17 15:15:17,174 [INFO] full_path /home/user/mujoco+evo/Mujoco_training_dataset/cache/mujoco_pickplace/videos/chunk-000/observation.images.overhead/episode_000192.mp4
2026-08-17 15:15:17,175 [INFO] full_path /home/user/mujoco+evo/Mujoco_training_dataset/cache/mujoco_pickplace/videos/chunk-000/observation.images.wrist/episode_000192.mp4
2026-08-17 15:15:17,175 [INFO] full_path /home/user/mujoco+evo/Mujoco_training_dataset/cache/mujoco_pickplace/videos/chunk-000/observation.images.wrist/episode_000199.mp4
2026-08-17 15:15:17,175 [INFO] build 6_20.pkl
2026-08-17 15:15:17,175 [INFO] full_path /home/user/mujoco+evo/Mujoco_training_dataset/cache/mujoco_pickplace/videos/chunk-000/observation.images.front/episode_000195.mp4
2026-08-17 15:15:17,175 [INFO] full_path /home/user/mujoco+evo/Mujoco_training_dataset/cache/mujoco_pickplace/videos/chunk-000/observation.images.overhead/episode_000195.mp4
2026-08-17 15:15:17,175 [INFO] full_path /home/user/mujoco+evo/Mujoco_training_dataset/cache/mujoco_pickplace/videos/chunk-000/observation.images.front/episode_000194.mp4
2026-08-17 15:15:17,175 [INFO] full_path /home/user/mujoco+evo/Mujoco_training_dataset/cache/mujoco_pickplace/videos/chunk-000/observation.images.wrist/episode_000195.mp4
2026-08-17 15:15:17,175 [INFO] full_path /home/user/mujoco+evo/Mujoco_training_dataset/cache/mujoco_pickplace/videos/chunk-000/observation.images.overhead/episode_000194.mp4
2026-08-17 15:15:17,175 [INFO] full_path /home/user/mujoco+evo/Mujoco_training_dataset/cache/mujoco_pickplace/videos/chunk-000/observation.images.wrist/episode_000194.mp4
2026-08-17 15:15:17,175 [INFO] build 4_18.pkl
2026-08-17 15:15:17,175 [INFO] full_path /home/user/mujoco+evo/Mujoco_training_dataset/cache/mujoco_pickplace/videos/chunk-000/observation.images.front/episode_000191.mp4
2026-08-17 15:15:17,175 [INFO] build 69_83.pkl
2026-08-17 15:15:17,175 [INFO] full_path /home/user/mujoco+evo/Mujoco_training_dataset/cache/mujoco_pickplace/videos/chunk-000/observation.images.overhead/episode_000191.mp4
2026-08-17 15:15:17,175 [INFO] full_path /home/user/mujoco+evo/Mujoco_training_dataset/cache/mujoco_pickplace/videos/chunk-000/observation.images.wrist/episode_000191.mp4
2026-08-17 15:15:17,175 [INFO] full_path /home/user/mujoco+evo/Mujoco_training_dataset/cache/mujoco_pickplace/videos/chunk-000/observation.images.front/episode_000110.mp4
2026-08-17 15:15:17,175 [INFO] full_path /home/user/mujoco+evo/Mujoco_training_dataset/cache/mujoco_pickplace/videos/chunk-000/observation.images.overhead/episode_000110.mp4
2026-08-17 15:15:17,175 [INFO] full_path /home/user/mujoco+evo/Mujoco_training_dataset/cache/mujoco_pickplace/videos/chunk-000/observation.images.wrist/episode_000110.mp4
2026-08-17 15:15:17,176 [INFO] build 22_36.pkl
2026-08-17 15:15:17,176 [INFO] build 14_28.pkl
2026-08-17 15:15:17,176 [INFO] build 23_37.pkl
2026-08-17 15:15:17,176 [INFO] full_path /home/user/mujoco+evo/Mujoco_training_dataset/cache/mujoco_pickplace/videos/chunk-000/observation.images.front/episode_000192.mp4
2026-08-17 15:15:17,176 [INFO] full_path /home/user/mujoco+evo/Mujoco_training_dataset/cache/mujoco_pickplace/videos/chunk-000/observation.images.front/episode_000199.mp4
2026-08-17 15:15:17,176 [INFO] build 5_19.pkl
2026-08-17 15:15:17,176 [INFO] full_path /home/user/mujoco+evo/Mujoco_training_dataset/cache/mujoco_pickplace/videos/chunk-000/observation.images.front/episode_000195.mp4
2026-08-17 15:15:17,176 [INFO] build 7_21.pkl
2026-08-17 15:15:17,176 [INFO] full_path /home/user/mujoco+evo/Mujoco_training_dataset/cache/mujoco_pickplace/videos/chunk-000/observation.images.overhead/episode_000195.mp4
2026-08-17 15:15:17,176 [INFO] full_path /home/user/mujoco+evo/Mujoco_training_dataset/cache/mujoco_pickplace/videos/chunk-000/observation.images.overhead/episode_000199.mp4
2026-08-17 15:15:17,176 [INFO] full_path /home/user/mujoco+evo/Mujoco_training_dataset/cache/mujoco_pickplace/videos/chunk-000/observation.images.overhead/episode_000192.mp4
2026-08-17 15:15:17,176 [INFO] full_path /home/user/mujoco+evo/Mujoco_training_dataset/cache/mujoco_pickplace/videos/chunk-000/observation.images.front/episode_000191.mp4
2026-08-17 15:15:17,176 [INFO] full_path /home/user/mujoco+evo/Mujoco_training_dataset/cache/mujoco_pickplace/videos/chunk-000/observation.images.wrist/episode_000195.mp4
2026-08-17 15:15:17,176 [INFO] full_path /home/user/mujoco+evo/Mujoco_training_dataset/cache/mujoco_pickplace/videos/chunk-000/observation.images.front/episode_000194.mp4
2026-08-17 15:15:17,176 [INFO] full_path /home/user/mujoco+evo/Mujoco_training_dataset/cache/mujoco_pickplace/videos/chunk-000/observation.images.overhead/episode_000191.mp4
2026-08-17 15:15:17,176 [INFO] full_path /home/user/mujoco+evo/Mujoco_training_dataset/cache/mujoco_pickplace/videos/chunk-000/observation.images.wrist/episode_000192.mp4
2026-08-17 15:15:17,176 [INFO] full_path /home/user/mujoco+evo/Mujoco_training_dataset/cache/mujoco_pickplace/videos/chunk-000/observation.images.wrist/episode_000199.mp4
2026-08-17 15:15:17,176 [INFO] full_path /home/user/mujoco+evo/Mujoco_training_dataset/cache/mujoco_pickplace/videos/chunk-000/observation.images.overhead/episode_000194.mp4
2026-08-17 15:15:17,176 [INFO] full_path /home/user/mujoco+evo/Mujoco_training_dataset/cache/mujoco_pickplace/videos/chunk-000/observation.images.wrist/episode_000191.mp4
2026-08-17 15:15:17,176 [INFO] full_path /home/user/mujoco+evo/Mujoco_training_dataset/cache/mujoco_pickplace/videos/chunk-000/observation.images.wrist/episode_000194.mp4
2026-08-17 15:15:17,177 [INFO] build 8_22.pkl
2026-08-17 15:15:17,177 [INFO] build 6_20.pkl
2026-08-17 15:15:17,177 [INFO] full_path /home/user/mujoco+evo/Mujoco_training_dataset/cache/mujoco_pickplace/videos/chunk-000/observation.images.front/episode_000194.mp4
2026-08-17 15:15:17,177 [INFO] full_path /home/user/mujoco+evo/Mujoco_training_dataset/cache/mujoco_pickplace/videos/chunk-000/observation.images.front/episode_000191.mp4
2026-08-17 15:15:17,177 [INFO] full_path /home/user/mujoco+evo/Mujoco_training_dataset/cache/mujoco_pickplace/videos/chunk-000/observation.images.overhead/episode_000194.mp4
2026-08-17 15:15:17,177 [INFO] full_path /home/user/mujoco+evo/Mujoco_training_dataset/cache/mujoco_pickplace/videos/chunk-000/observation.images.wrist/episode_000194.mp4
2026-08-17 15:15:17,177 [INFO] full_path /home/user/mujoco+evo/Mujoco_training_dataset/cache/mujoco_pickplace/videos/chunk-000/observation.images.overhead/episode_000191.mp4
2026-08-17 15:15:17,177 [INFO] full_path /home/user/mujoco+evo/Mujoco_training_dataset/cache/mujoco_pickplace/videos/chunk-000/observation.images.wrist/episode_000191.mp4
2026-08-17 15:15:17,177 [INFO] build 23_37.pkl
2026-08-17 15:15:17,177 [INFO] build 15_29.pkl
2026-08-17 15:15:17,177 [INFO] full_path /home/user/mujoco+evo/Mujoco_training_dataset/cache/mujoco_pickplace/videos/chunk-000/observation.images.front/episode_000192.mp4
2026-08-17 15:15:17,177 [INFO] full_path /home/user/mujoco+evo/Mujoco_training_dataset/cache/mujoco_pickplace/videos/chunk-000/observation.images.front/episode_000199.mp4
2026-08-17 15:15:17,177 [INFO] build 24_38.pkl
2026-08-17 15:15:17,177 [INFO] full_path /home/user/mujoco+evo/Mujoco_training_dataset/cache/mujoco_pickplace/videos/chunk-000/observation.images.overhead/episode_000192.mp4
2026-08-17 15:15:17,177 [INFO] full_path /home/user/mujoco+evo/Mujoco_training_dataset/cache/mujoco_pickplace/videos/chunk-000/observation.images.overhead/episode_000199.mp4
2026-08-17 15:15:17,177 [INFO] full_path /home/user/mujoco+evo/Mujoco_training_dataset/cache/mujoco_pickplace/videos/chunk-000/observation.images.wrist/episode_000199.mp4
2026-08-17 15:15:17,177 [INFO] full_path /home/user/mujoco+evo/Mujoco_training_dataset/cache/mujoco_pickplace/videos/chunk-000/observation.images.wrist/episode_000192.mp4
2026-08-17 15:15:17,177 [INFO] full_path /home/user/mujoco+evo/Mujoco_training_dataset/cache/mujoco_pickplace/videos/chunk-000/observation.images.front/episode_000195.mp4
2026-08-17 15:15:17,178 [INFO] build 7_21.pkl
2026-08-17 15:15:17,178 [INFO] build 9_23.pkl
2026-08-17 15:15:17,178 [INFO] full_path /home/user/mujoco+evo/Mujoco_training_dataset/cache/mujoco_pickplace/videos/chunk-000/observation.images.overhead/episode_000195.mp4
2026-08-17 15:15:17,178 [INFO] full_path /home/user/mujoco+evo/Mujoco_training_dataset/cache/mujoco_pickplace/videos/chunk-000/observation.images.front/episode_000191.mp4
2026-08-17 15:15:17,178 [INFO] full_path /home/user/mujoco+evo/Mujoco_training_dataset/cache/mujoco_pickplace/videos/chunk-000/observation.images.front/episode_000194.mp4
2026-08-17 15:15:17,178 [INFO] full_path /home/user/mujoco+evo/Mujoco_training_dataset/cache/mujoco_pickplace/videos/chunk-000/observation.images.overhead/episode_000191.mp4
2026-08-17 15:15:17,178 [INFO] full_path /home/user/mujoco+evo/Mujoco_training_dataset/cache/mujoco_pickplace/videos/chunk-000/observation.images.overhead/episode_000194.mp4
2026-08-17 15:15:17,178 [INFO] full_path /home/user/mujoco+evo/Mujoco_training_dataset/cache/mujoco_pickplace/videos/chunk-000/observation.images.wrist/episode_000195.mp4
2026-08-17 15:15:17,178 [INFO] full_path /home/user/mujoco+evo/Mujoco_training_dataset/cache/mujoco_pickplace/videos/chunk-000/observation.images.wrist/episode_000191.mp4
2026-08-17 15:15:17,178 [INFO] full_path /home/user/mujoco+evo/Mujoco_training_dataset/cache/mujoco_pickplace/videos/chunk-000/observation.images.wrist/episode_000194.mp4
2026-08-17 15:15:17,178 [INFO] build 16_30.pkl
2026-08-17 15:15:17,178 [INFO] build 24_38.pkl
2026-08-17 15:15:17,178 [INFO] build 8_22.pkl
2026-08-17 15:15:17,179 [INFO] build 10_24.pkl
2026-08-17 15:15:17,179 [INFO] full_path /home/user/mujoco+evo/Mujoco_training_dataset/cache/mujoco_pickplace/videos/chunk-000/observation.images.front/episode_000192.mp4
2026-08-17 15:15:17,179 [INFO] full_path /home/user/mujoco+evo/Mujoco_training_dataset/cache/mujoco_pickplace/videos/chunk-000/observation.images.front/episode_000191.mp4
2026-08-17 15:15:17,179 [INFO] full_path /home/user/mujoco+evo/Mujoco_training_dataset/cache/mujoco_pickplace/videos/chunk-000/observation.images.front/episode_000199.mp4
2026-08-17 15:15:17,179 [INFO] full_path /home/user/mujoco+evo/Mujoco_training_dataset/cache/mujoco_pickplace/videos/chunk-000/observation.images.overhead/episode_000191.mp4
2026-08-17 15:15:17,179 [INFO] full_path /home/user/mujoco+evo/Mujoco_training_dataset/cache/mujoco_pickplace/videos/chunk-000/observation.images.overhead/episode_000192.mp4
2026-08-17 15:15:17,179 [INFO] full_path /home/user/mujoco+evo/Mujoco_training_dataset/cache/mujoco_pickplace/videos/chunk-000/observation.images.wrist/episode_000191.mp4
2026-08-17 15:15:17,179 [INFO] full_path /home/user/mujoco+evo/Mujoco_training_dataset/cache/mujoco_pickplace/videos/chunk-000/observation.images.overhead/episode_000199.mp4
2026-08-17 15:15:17,179 [INFO] full_path /home/user/mujoco+evo/Mujoco_training_dataset/cache/mujoco_pickplace/videos/chunk-000/observation.images.front/episode_000194.mp4
2026-08-17 15:15:17,179 [INFO] full_path /home/user/mujoco+evo/Mujoco_training_dataset/cache/mujoco_pickplace/videos/chunk-000/observation.images.wrist/episode_000192.mp4
2026-08-17 15:15:17,179 [INFO] full_path /home/user/mujoco+evo/Mujoco_training_dataset/cache/mujoco_pickplace/videos/chunk-000/observation.images.wrist/episode_000199.mp4
2026-08-17 15:15:17,179 [INFO] full_path /home/user/mujoco+evo/Mujoco_training_dataset/cache/mujoco_pickplace/videos/chunk-000/observation.images.overhead/episode_000194.mp4
2026-08-17 15:15:17,179 [INFO] full_path /home/user/mujoco+evo/Mujoco_training_dataset/cache/mujoco_pickplace/videos/chunk-000/observation.images.wrist/episode_000194.mp4
2026-08-17 15:15:17,179 [INFO] build 68_82.pkl
2026-08-17 15:15:17,179 [INFO] build 25_39.pkl
2026-08-17 15:15:17,179 [INFO] build 9_23.pkl
2026-08-17 15:15:17,179 [INFO] full_path /home/user/mujoco+evo/Mujoco_training_dataset/cache/mujoco_pickplace/videos/chunk-000/observation.images.front/episode_000183.mp4
2026-08-17 15:15:17,179 [INFO] full_path /home/user/mujoco+evo/Mujoco_training_dataset/cache/mujoco_pickplace/videos/chunk-000/observation.images.front/episode_000195.mp4
2026-08-17 15:15:17,179 [INFO] full_path /home/user/mujoco+evo/Mujoco_training_dataset/cache/mujoco_pickplace/videos/chunk-000/observation.images.overhead/episode_000183.mp4
2026-08-17 15:15:17,179 [INFO] full_path /home/user/mujoco+evo/Mujoco_training_dataset/cache/mujoco_pickplace/videos/chunk-000/observation.images.overhead/episode_000195.mp4
2026-08-17 15:15:17,179 [INFO] full_path /home/user/mujoco+evo/Mujoco_training_dataset/cache/mujoco_pickplace/videos/chunk-000/observation.images.front/episode_000191.mp4
2026-08-17 15:15:17,179 [INFO] full_path /home/user/mujoco+evo/Mujoco_training_dataset/cache/mujoco_pickplace/videos/chunk-000/observation.images.wrist/episode_000195.mp4
2026-08-17 15:15:17,179 [INFO] full_path /home/user/mujoco+evo/Mujoco_training_dataset/cache/mujoco_pickplace/videos/chunk-000/observation.images.wrist/episode_000183.mp4
2026-08-17 15:15:17,180 [INFO] full_path /home/user/mujoco+evo/Mujoco_training_dataset/cache/mujoco_pickplace/videos/chunk-000/observation.images.overhead/episode_000191.mp4
2026-08-17 15:15:17,180 [INFO] build 17_31.pkl
2026-08-17 15:15:17,180 [INFO] build 11_25.pkl
2026-08-17 15:15:17,180 [INFO] full_path /home/user/mujoco+evo/Mujoco_training_dataset/cache/mujoco_pickplace/videos/chunk-000/observation.images.wrist/episode_000191.mp4
2026-08-17 15:15:17,180 [INFO] full_path /home/user/mujoco+evo/Mujoco_training_dataset/cache/mujoco_pickplace/videos/chunk-000/observation.images.front/episode_000192.mp4
2026-08-17 15:15:17,180 [INFO] full_path /home/user/mujoco+evo/Mujoco_training_dataset/cache/mujoco_pickplace/videos/chunk-000/observation.images.front/episode_000194.mp4
2026-08-17 15:15:17,180 [INFO] full_path /home/user/mujoco+evo/Mujoco_training_dataset/cache/mujoco_pickplace/videos/chunk-000/observation.images.overhead/episode_000192.mp4
2026-08-17 15:15:17,180 [INFO] full_path /home/user/mujoco+evo/Mujoco_training_dataset/cache/mujoco_pickplace/videos/chunk-000/observation.images.overhead/episode_000194.mp4
2026-08-17 15:15:17,180 [INFO] build 25_39.pkl
2026-08-17 15:15:17,180 [INFO] full_path /home/user/mujoco+evo/Mujoco_training_dataset/cache/mujoco_pickplace/videos/chunk-000/observation.images.wrist/episode_000194.mp4
2026-08-17 15:15:17,180 [INFO] build 26_40.pkl
2026-08-17 15:15:17,180 [INFO] full_path /home/user/mujoco+evo/Mujoco_training_dataset/cache/mujoco_pickplace/videos/chunk-000/observation.images.wrist/episode_000192.mp4
2026-08-17 15:15:17,181 [INFO] full_path /home/user/mujoco+evo/Mujoco_training_dataset/cache/mujoco_pickplace/videos/chunk-000/observation.images.front/episode_000199.mp4
2026-08-17 15:15:17,181 [INFO] full_path /home/user/mujoco+evo/Mujoco_training_dataset/cache/mujoco_pickplace/videos/chunk-000/observation.images.front/episode_000195.mp4
2026-08-17 15:15:17,181 [INFO] full_path /home/user/mujoco+evo/Mujoco_training_dataset/cache/mujoco_pickplace/videos/chunk-000/observation.images.overhead/episode_000195.mp4
2026-08-17 15:15:17,181 [INFO] full_path /home/user/mujoco+evo/Mujoco_training_dataset/cache/mujoco_pickplace/videos/chunk-000/observation.images.wrist/episode_000195.mp4
2026-08-17 15:15:17,181 [INFO] full_path /home/user/mujoco+evo/Mujoco_training_dataset/cache/mujoco_pickplace/videos/chunk-000/observation.images.overhead/episode_000199.mp4
2026-08-17 15:15:17,181 [INFO] full_path /home/user/mujoco+evo/Mujoco_training_dataset/cache/mujoco_pickplace/videos/chunk-000/observation.images.wrist/episode_000199.mp4
2026-08-17 15:15:17,182 [INFO] build 27_41.pkl
2026-08-17 15:15:17,181 [INFO] build 10_24.pkl
2026-08-17 15:15:17,182 [INFO] full_path /home/user/mujoco+evo/Mujoco_training_dataset/cache/mujoco_pickplace/videos/chunk-000/observation.images.front/episode_000195.mp4
2026-08-17 15:15:17,182 [INFO] full_path /home/user/mujoco+evo/Mujoco_training_dataset/cache/mujoco_pickplace/videos/chunk-000/observation.images.front/episode_000191.mp4
2026-08-17 15:15:17,182 [INFO] full_path /home/user/mujoco+evo/Mujoco_training_dataset/cache/mujoco_pickplace/videos/chunk-000/observation.images.overhead/episode_000195.mp4
2026-08-17 15:15:17,182 [INFO] full_path /home/user/mujoco+evo/Mujoco_training_dataset/cache/mujoco_pickplace/videos/chunk-000/observation.images.overhead/episode_000191.mp4
2026-08-17 15:15:17,182 [INFO] build 18_32.pkl
2026-08-17 15:15:17,182 [INFO] full_path /home/user/mujoco+evo/Mujoco_training_dataset/cache/mujoco_pickplace/videos/chunk-000/observation.images.wrist/episode_000191.mp4
2026-08-17 15:15:17,182 [INFO] full_path /home/user/mujoco+evo/Mujoco_training_dataset/cache/mujoco_pickplace/videos/chunk-000/observation.images.wrist/episode_000195.mp4
2026-08-17 15:15:17,182 [INFO] build 12_26.pkl
2026-08-17 15:15:17,182 [INFO] full_path /home/user/mujoco+evo/Mujoco_training_dataset/cache/mujoco_pickplace/videos/chunk-000/observation.images.front/episode_000192.mp4
2026-08-17 15:15:17,182 [INFO] full_path /home/user/mujoco+evo/Mujoco_training_dataset/cache/mujoco_pickplace/videos/chunk-000/observation.images.front/episode_000194.mp4
2026-08-17 15:15:17,182 [INFO] full_path /home/user/mujoco+evo/Mujoco_training_dataset/cache/mujoco_pickplace/videos/chunk-000/observation.images.overhead/episode_000192.mp4
2026-08-17 15:15:17,182 [INFO] build 26_40.pkl
2026-08-17 15:15:17,182 [INFO] full_path /home/user/mujoco+evo/Mujoco_training_dataset/cache/mujoco_pickplace/videos/chunk-000/observation.images.overhead/episode_000194.mp4
2026-08-17 15:15:17,183 [INFO] full_path /home/user/mujoco+evo/Mujoco_training_dataset/cache/mujoco_pickplace/videos/chunk-000/observation.images.wrist/episode_000192.mp4
2026-08-17 15:15:17,183 [INFO] full_path /home/user/mujoco+evo/Mujoco_training_dataset/cache/mujoco_pickplace/videos/chunk-000/observation.images.wrist/episode_000194.mp4
2026-08-17 15:15:17,183 [INFO] full_path /home/user/mujoco+evo/Mujoco_training_dataset/cache/mujoco_pickplace/videos/chunk-000/observation.images.front/episode_000199.mp4
2026-08-17 15:15:17,183 [INFO] full_path /home/user/mujoco+evo/Mujoco_training_dataset/cache/mujoco_pickplace/videos/chunk-000/observation.images.overhead/episode_000199.mp4
2026-08-17 15:15:17,183 [INFO] full_path /home/user/mujoco+evo/Mujoco_training_dataset/cache/mujoco_pickplace/videos/chunk-000/observation.images.wrist/episode_000199.mp4
2026-08-17 15:15:17,183 [INFO] build 28_42.pkl
2026-08-17 15:15:17,183 [INFO] build 11_25.pkl
2026-08-17 15:15:17,183 [INFO] full_path /home/user/mujoco+evo/Mujoco_training_dataset/cache/mujoco_pickplace/videos/chunk-000/observation.images.front/episode_000195.mp4
2026-08-17 15:15:17,183 [INFO] full_path /home/user/mujoco+evo/Mujoco_training_dataset/cache/mujoco_pickplace/videos/chunk-000/observation.images.front/episode_000191.mp4
2026-08-17 15:15:17,183 [INFO] full_path /home/user/mujoco+evo/Mujoco_training_dataset/cache/mujoco_pickplace/videos/chunk-000/observation.images.overhead/episode_000195.mp4
2026-08-17 15:15:17,183 [INFO] full_path /home/user/mujoco+evo/Mujoco_training_dataset/cache/mujoco_pickplace/videos/chunk-000/observation.images.overhead/episode_000191.mp4
2026-08-17 15:15:17,183 [INFO] full_path /home/user/mujoco+evo/Mujoco_training_dataset/cache/mujoco_pickplace/videos/chunk-000/observation.images.wrist/episode_000195.mp4
2026-08-17 15:15:17,183 [INFO] full_path /home/user/mujoco+evo/Mujoco_training_dataset/cache/mujoco_pickplace/videos/chunk-000/observation.images.wrist/episode_000191.mp4
2026-08-17 15:15:17,183 [INFO] build 27_41.pkl
2026-08-17 15:15:17,184 [INFO] full_path /home/user/mujoco+evo/Mujoco_training_dataset/cache/mujoco_pickplace/videos/chunk-000/observation.images.front/episode_000199.mp4
2026-08-17 15:15:17,184 [INFO] full_path /home/user/mujoco+evo/Mujoco_training_dataset/cache/mujoco_pickplace/videos/chunk-000/observation.images.overhead/episode_000199.mp4
2026-08-17 15:15:17,184 [INFO] full_path /home/user/mujoco+evo/Mujoco_training_dataset/cache/mujoco_pickplace/videos/chunk-000/observation.images.wrist/episode_000199.mp4
2026-08-17 15:15:17,184 [INFO] build 13_27.pkl
2026-08-17 15:15:17,184 [INFO] build 19_33.pkl
2026-08-17 15:15:17,184 [INFO] full_path /home/user/mujoco+evo/Mujoco_training_dataset/cache/mujoco_pickplace/videos/chunk-000/observation.images.front/episode_000194.mp4
2026-08-17 15:15:17,184 [INFO] full_path /home/user/mujoco+evo/Mujoco_training_dataset/cache/mujoco_pickplace/videos/chunk-000/observation.images.front/episode_000192.mp4
2026-08-17 15:15:17,184 [INFO] full_path /home/user/mujoco+evo/Mujoco_training_dataset/cache/mujoco_pickplace/videos/chunk-000/observation.images.overhead/episode_000194.mp4
2026-08-17 15:15:17,184 [INFO] full_path /home/user/mujoco+evo/Mujoco_training_dataset/cache/mujoco_pickplace/videos/chunk-000/observation.images.wrist/episode_000194.mp4
2026-08-17 15:15:17,184 [INFO] full_path /home/user/mujoco+evo/Mujoco_training_dataset/cache/mujoco_pickplace/videos/chunk-000/observation.images.overhead/episode_000192.mp4
2026-08-17 15:15:17,184 [INFO] full_path /home/user/mujoco+evo/Mujoco_training_dataset/cache/mujoco_pickplace/videos/chunk-000/observation.images.wrist/episode_000192.mp4
2026-08-17 15:15:17,184 [INFO] build 28_42.pkl
2026-08-17 15:15:17,184 [INFO] full_path /home/user/mujoco+evo/Mujoco_training_dataset/cache/mujoco_pickplace/videos/chunk-000/observation.images.front/episode_000199.mp4
2026-08-17 15:15:17,184 [INFO] build 70_84.pkl
2026-08-17 15:15:17,184 [INFO] build 29_43.pkl
2026-08-17 15:15:17,184 [INFO] build 12_26.pkl
2026-08-17 15:15:17,185 [INFO] full_path /home/user/mujoco+evo/Mujoco_training_dataset/cache/mujoco_pickplace/videos/chunk-000/observation.images.overhead/episode_000199.mp4
2026-08-17 15:15:17,185 [INFO] full_path /home/user/mujoco+evo/Mujoco_training_dataset/cache/mujoco_pickplace/videos/chunk-000/observation.images.front/episode_000195.mp4
2026-08-17 15:15:17,185 [INFO] full_path /home/user/mujoco+evo/Mujoco_training_dataset/cache/mujoco_pickplace/videos/chunk-000/observation.images.front/episode_000191.mp4
2026-08-17 15:15:17,185 [INFO] full_path /home/user/mujoco+evo/Mujoco_training_dataset/cache/mujoco_pickplace/videos/chunk-000/observation.images.wrist/episode_000199.mp4
2026-08-17 15:15:17,185 [INFO] full_path /home/user/mujoco+evo/Mujoco_training_dataset/cache/mujoco_pickplace/videos/chunk-000/observation.images.front/episode_000093.mp4
2026-08-17 15:15:17,185 [INFO] full_path /home/user/mujoco+evo/Mujoco_training_dataset/cache/mujoco_pickplace/videos/chunk-000/observation.images.overhead/episode_000191.mp4
2026-08-17 15:15:17,185 [INFO] full_path /home/user/mujoco+evo/Mujoco_training_dataset/cache/mujoco_pickplace/videos/chunk-000/observation.images.overhead/episode_000195.mp4
2026-08-17 15:15:17,185 [INFO] full_path /home/user/mujoco+evo/Mujoco_training_dataset/cache/mujoco_pickplace/videos/chunk-000/observation.images.wrist/episode_000191.mp4
2026-08-17 15:15:17,185 [INFO] full_path /home/user/mujoco+evo/Mujoco_training_dataset/cache/mujoco_pickplace/videos/chunk-000/observation.images.wrist/episode_000195.mp4
2026-08-17 15:15:17,185 [INFO] full_path /home/user/mujoco+evo/Mujoco_training_dataset/cache/mujoco_pickplace/videos/chunk-000/observation.images.overhead/episode_000093.mp4
2026-08-17 15:15:17,185 [INFO] full_path /home/user/mujoco+evo/Mujoco_training_dataset/cache/mujoco_pickplace/videos/chunk-000/observation.images.wrist/episode_000093.mp4
2026-08-17 15:15:17,185 [INFO] build 14_28.pkl
2026-08-17 15:15:17,186 [INFO] build 20_34.pkl
2026-08-17 15:15:17,186 [INFO] full_path /home/user/mujoco+evo/Mujoco_training_dataset/cache/mujoco_pickplace/videos/chunk-000/observation.images.front/episode_000194.mp4
2026-08-17 15:15:17,186 [INFO] full_path /home/user/mujoco+evo/Mujoco_training_dataset/cache/mujoco_pickplace/videos/chunk-000/observation.images.overhead/episode_000194.mp4
2026-08-17 15:15:17,186 [INFO] build 29_43.pkl
2026-08-17 15:15:17,186 [INFO] full_path /home/user/mujoco+evo/Mujoco_training_dataset/cache/mujoco_pickplace/videos/chunk-000/observation.images.wrist/episode_000194.mp4
2026-08-17 15:15:17,186 [INFO] full_path /home/user/mujoco+evo/Mujoco_training_dataset/cache/mujoco_pickplace/videos/chunk-000/observation.images.front/episode_000192.mp4
2026-08-17 15:15:17,186 [INFO] full_path /home/user/mujoco+evo/Mujoco_training_dataset/cache/mujoco_pickplace/videos/chunk-000/observation.images.front/episode_000199.mp4
2026-08-17 15:15:17,186 [INFO] full_path /home/user/mujoco+evo/Mujoco_training_dataset/cache/mujoco_pickplace/videos/chunk-000/observation.images.overhead/episode_000199.mp4
2026-08-17 15:15:17,186 [INFO] full_path /home/user/mujoco+evo/Mujoco_training_dataset/cache/mujoco_pickplace/videos/chunk-000/observation.images.wrist/episode_000199.mp4
2026-08-17 15:15:17,186 [INFO] full_path /home/user/mujoco+evo/Mujoco_training_dataset/cache/mujoco_pickplace/videos/chunk-000/observation.images.overhead/episode_000192.mp4
2026-08-17 15:15:17,186 [INFO] build 30_44.pkl
2026-08-17 15:15:17,186 [INFO] build 13_27.pkl
2026-08-17 15:15:17,186 [INFO] full_path /home/user/mujoco+evo/Mujoco_training_dataset/cache/mujoco_pickplace/videos/chunk-000/observation.images.front/episode_000191.mp4
2026-08-17 15:15:17,186 [INFO] full_path /home/user/mujoco+evo/Mujoco_training_dataset/cache/mujoco_pickplace/videos/chunk-000/observation.images.front/episode_000195.mp4
2026-08-17 15:15:17,186 [INFO] full_path /home/user/mujoco+evo/Mujoco_training_dataset/cache/mujoco_pickplace/videos/chunk-000/observation.images.wrist/episode_000192.mp4
2026-08-17 15:15:17,186 [INFO] full_path /home/user/mujoco+evo/Mujoco_training_dataset/cache/mujoco_pickplace/videos/chunk-000/observation.images.overhead/episode_000191.mp4
2026-08-17 15:15:17,186 [INFO] full_path /home/user/mujoco+evo/Mujoco_training_dataset/cache/mujoco_pickplace/videos/chunk-000/observation.images.overhead/episode_000195.mp4
2026-08-17 15:15:17,186 [INFO] full_path /home/user/mujoco+evo/Mujoco_training_dataset/cache/mujoco_pickplace/videos/chunk-000/observation.images.wrist/episode_000191.mp4
2026-08-17 15:15:17,186 [INFO] full_path /home/user/mujoco+evo/Mujoco_training_dataset/cache/mujoco_pickplace/videos/chunk-000/observation.images.wrist/episode_000195.mp4
2026-08-17 15:15:17,187 [INFO] build 15_29.pkl
2026-08-17 15:15:17,187 [INFO] full_path /home/user/mujoco+evo/Mujoco_training_dataset/cache/mujoco_pickplace/videos/chunk-000/observation.images.front/episode_000194.mp4
2026-08-17 15:15:17,187 [INFO] full_path /home/user/mujoco+evo/Mujoco_training_dataset/cache/mujoco_pickplace/videos/chunk-000/observation.images.overhead/episode_000194.mp4
2026-08-17 15:15:17,187 [INFO] full_path /home/user/mujoco+evo/Mujoco_training_dataset/cache/mujoco_pickplace/videos/chunk-000/observation.images.wrist/episode_000194.mp4
2026-08-17 15:15:17,187 [INFO] build 30_44.pkl
2026-08-17 15:15:17,187 [INFO] full_path /home/user/mujoco+evo/Mujoco_training_dataset/cache/mujoco_pickplace/videos/chunk-000/observation.images.front/episode_000199.mp4
2026-08-17 15:15:17,187 [INFO] full_path /home/user/mujoco+evo/Mujoco_training_dataset/cache/mujoco_pickplace/videos/chunk-000/observation.images.overhead/episode_000199.mp4
2026-08-17 15:15:17,187 [INFO] full_path /home/user/mujoco+evo/Mujoco_training_dataset/cache/mujoco_pickplace/videos/chunk-000/observation.images.wrist/episode_000199.mp4
2026-08-17 15:15:17,187 [INFO] build 31_45.pkl
2026-08-17 15:15:17,187 [INFO] build 14_28.pkl
2026-08-17 15:15:17,188 [INFO] build 16_30.pkl
2026-08-17 15:15:17,188 [INFO] full_path /home/user/mujoco+evo/Mujoco_training_dataset/cache/mujoco_pickplace/videos/chunk-000/observation.images.front/episode_000191.mp4
2026-08-17 15:15:17,188 [INFO] full_path /home/user/mujoco+evo/Mujoco_training_dataset/cache/mujoco_pickplace/videos/chunk-000/observation.images.front/episode_000195.mp4
2026-08-17 15:15:17,188 [INFO] full_path /home/user/mujoco+evo/Mujoco_training_dataset/cache/mujoco_pickplace/videos/chunk-000/observation.images.front/episode_000194.mp4
2026-08-17 15:15:17,188 [INFO] build 21_35.pkl
2026-08-17 15:15:17,188 [INFO] full_path /home/user/mujoco+evo/Mujoco_training_dataset/cache/mujoco_pickplace/videos/chunk-000/observation.images.overhead/episode_000191.mp4
2026-08-17 15:15:17,188 [INFO] full_path /home/user/mujoco+evo/Mujoco_training_dataset/cache/mujoco_pickplace/videos/chunk-000/observation.images.overhead/episode_000195.mp4
2026-08-17 15:15:17,188 [INFO] full_path /home/user/mujoco+evo/Mujoco_training_dataset/cache/mujoco_pickplace/videos/chunk-000/observation.images.overhead/episode_000194.mp4
2026-08-17 15:15:17,188 [INFO] full_path /home/user/mujoco+evo/Mujoco_training_dataset/cache/mujoco_pickplace/videos/chunk-000/observation.images.wrist/episode_000194.mp4
2026-08-17 15:15:17,188 [INFO] full_path /home/user/mujoco+evo/Mujoco_training_dataset/cache/mujoco_pickplace/videos/chunk-000/observation.images.wrist/episode_000195.mp4
2026-08-17 15:15:17,188 [INFO] full_path /home/user/mujoco+evo/Mujoco_training_dataset/cache/mujoco_pickplace/videos/chunk-000/observation.images.wrist/episode_000191.mp4
2026-08-17 15:15:17,188 [INFO] full_path /home/user/mujoco+evo/Mujoco_training_dataset/cache/mujoco_pickplace/videos/chunk-000/observation.images.front/episode_000192.mp4
2026-08-17 15:15:17,188 [INFO] full_path /home/user/mujoco+evo/Mujoco_training_dataset/cache/mujoco_pickplace/videos/chunk-000/observation.images.overhead/episode_000192.mp4
2026-08-17 15:15:17,188 [INFO] build 31_45.pkl
2026-08-17 15:15:17,188 [INFO] full_path /home/user/mujoco+evo/Mujoco_training_dataset/cache/mujoco_pickplace/videos/chunk-000/observation.images.wrist/episode_000192.mp4
2026-08-17 15:15:17,189 [INFO] build 17_31.pkl
2026-08-17 15:15:17,189 [INFO] full_path /home/user/mujoco+evo/Mujoco_training_dataset/cache/mujoco_pickplace/videos/chunk-000/observation.images.front/episode_000199.mp4
2026-08-17 15:15:17,189 [INFO] full_path /home/user/mujoco+evo/Mujoco_training_dataset/cache/mujoco_pickplace/videos/chunk-000/observation.images.overhead/episode_000199.mp4
2026-08-17 15:15:17,189 [INFO] full_path /home/user/mujoco+evo/Mujoco_training_dataset/cache/mujoco_pickplace/videos/chunk-000/observation.images.front/episode_000194.mp4
2026-08-17 15:15:17,189 [INFO] full_path /home/user/mujoco+evo/Mujoco_training_dataset/cache/mujoco_pickplace/videos/chunk-000/observation.images.overhead/episode_000194.mp4
2026-08-17 15:15:17,189 [INFO] full_path /home/user/mujoco+evo/Mujoco_training_dataset/cache/mujoco_pickplace/videos/chunk-000/observation.images.wrist/episode_000199.mp4
2026-08-17 15:15:17,189 [INFO] full_path /home/user/mujoco+evo/Mujoco_training_dataset/cache/mujoco_pickplace/videos/chunk-000/observation.images.wrist/episode_000194.mp4
2026-08-17 15:15:17,189 [INFO] build 15_29.pkl
2026-08-17 15:15:17,189 [INFO] build 32_46.pkl
2026-08-17 15:15:17,189 [INFO] full_path /home/user/mujoco+evo/Mujoco_training_dataset/cache/mujoco_pickplace/videos/chunk-000/observation.images.front/episode_000195.mp4
2026-08-17 15:15:17,189 [INFO] full_path /home/user/mujoco+evo/Mujoco_training_dataset/cache/mujoco_pickplace/videos/chunk-000/observation.images.front/episode_000191.mp4
2026-08-17 15:15:17,189 [INFO] build 22_36.pkl
2026-08-17 15:15:17,190 [INFO] full_path /home/user/mujoco+evo/Mujoco_training_dataset/cache/mujoco_pickplace/videos/chunk-000/observation.images.overhead/episode_000191.mp4
2026-08-17 15:15:17,190 [INFO] build 32_46.pkl
2026-08-17 15:15:17,190 [INFO] full_path /home/user/mujoco+evo/Mujoco_training_dataset/cache/mujoco_pickplace/videos/chunk-000/observation.images.overhead/episode_000195.mp4
2026-08-17 15:15:17,190 [INFO] full_path /home/user/mujoco+evo/Mujoco_training_dataset/cache/mujoco_pickplace/videos/chunk-000/observation.images.front/episode_000192.mp4
2026-08-17 15:15:17,190 [INFO] full_path /home/user/mujoco+evo/Mujoco_training_dataset/cache/mujoco_pickplace/videos/chunk-000/observation.images.wrist/episode_000191.mp4
2026-08-17 15:15:17,190 [INFO] full_path /home/user/mujoco+evo/Mujoco_training_dataset/cache/mujoco_pickplace/videos/chunk-000/observation.images.overhead/episode_000192.mp4
2026-08-17 15:15:17,190 [INFO] full_path /home/user/mujoco+evo/Mujoco_training_dataset/cache/mujoco_pickplace/videos/chunk-000/observation.images.front/episode_000199.mp4
2026-08-17 15:15:17,190 [INFO] full_path /home/user/mujoco+evo/Mujoco_training_dataset/cache/mujoco_pickplace/videos/chunk-000/observation.images.wrist/episode_000195.mp4
2026-08-17 15:15:17,190 [INFO] build 18_32.pkl
2026-08-17 15:15:17,190 [INFO] full_path /home/user/mujoco+evo/Mujoco_training_dataset/cache/mujoco_pickplace/videos/chunk-000/observation.images.wrist/episode_000192.mp4
2026-08-17 15:15:17,190 [INFO] full_path /home/user/mujoco+evo/Mujoco_training_dataset/cache/mujoco_pickplace/videos/chunk-000/observation.images.overhead/episode_000199.mp4
2026-08-17 15:15:17,190 [INFO] full_path /home/user/mujoco+evo/Mujoco_training_dataset/cache/mujoco_pickplace/videos/chunk-000/observation.images.front/episode_000194.mp4
2026-08-17 15:15:17,190 [INFO] full_path /home/user/mujoco+evo/Mujoco_training_dataset/cache/mujoco_pickplace/videos/chunk-000/observation.images.wrist/episode_000199.mp4
2026-08-17 15:15:17,190 [INFO] full_path /home/user/mujoco+evo/Mujoco_training_dataset/cache/mujoco_pickplace/videos/chunk-000/observation.images.overhead/episode_000194.mp4
2026-08-17 15:15:17,190 [INFO] full_path /home/user/mujoco+evo/Mujoco_training_dataset/cache/mujoco_pickplace/videos/chunk-000/observation.images.wrist/episode_000194.mp4
2026-08-17 15:15:17,190 [INFO] build 63_77.pkl
2026-08-17 15:15:17,190 [INFO] full_path /home/user/mujoco+evo/Mujoco_training_dataset/cache/mujoco_pickplace/videos/chunk-000/observation.images.front/episode_000033.mp4
2026-08-17 15:15:17,191 [INFO] full_path /home/user/mujoco+evo/Mujoco_training_dataset/cache/mujoco_pickplace/videos/chunk-000/observation.images.overhead/episode_000033.mp4
2026-08-17 15:15:17,191 [INFO] full_path /home/user/mujoco+evo/Mujoco_training_dataset/cache/mujoco_pickplace/videos/chunk-000/observation.images.wrist/episode_000033.mp4
2026-08-17 15:15:17,191 [INFO] build 16_30.pkl
2026-08-17 15:15:17,191 [INFO] build 33_47.pkl
2026-08-17 15:15:17,191 [INFO] full_path /home/user/mujoco+evo/Mujoco_training_dataset/cache/mujoco_pickplace/videos/chunk-000/observation.images.front/episode_000199.mp4
2026-08-17 15:15:17,191 [INFO] full_path /home/user/mujoco+evo/Mujoco_training_dataset/cache/mujoco_pickplace/videos/chunk-000/observation.images.front/episode_000191.mp4
2026-08-17 15:15:17,191 [INFO] build 23_37.pkl
2026-08-17 15:15:17,191 [INFO] full_path /home/user/mujoco+evo/Mujoco_training_dataset/cache/mujoco_pickplace/videos/chunk-000/observation.images.overhead/episode_000199.mp4
2026-08-17 15:15:17,191 [INFO] full_path /home/user/mujoco+evo/Mujoco_training_dataset/cache/mujoco_pickplace/videos/chunk-000/observation.images.overhead/episode_000191.mp4
2026-08-17 15:15:17,191 [INFO] full_path /home/user/mujoco+evo/Mujoco_training_dataset/cache/mujoco_pickplace/videos/chunk-000/observation.images.wrist/episode_000199.mp4
2026-08-17 15:15:17,191 [INFO] full_path /home/user/mujoco+evo/Mujoco_training_dataset/cache/mujoco_pickplace/videos/chunk-000/observation.images.front/episode_000192.mp4
2026-08-17 15:15:17,191 [INFO] full_path /home/user/mujoco+evo/Mujoco_training_dataset/cache/mujoco_pickplace/videos/chunk-000/observation.images.wrist/episode_000191.mp4
2026-08-17 15:15:17,191 [INFO] build 33_47.pkl
2026-08-17 15:15:17,191 [INFO] full_path /home/user/mujoco+evo/Mujoco_training_dataset/cache/mujoco_pickplace/videos/chunk-000/observation.images.overhead/episode_000192.mp4
2026-08-17 15:15:17,191 [INFO] full_path /home/user/mujoco+evo/Mujoco_training_dataset/cache/mujoco_pickplace/videos/chunk-000/observation.images.front/episode_000195.mp4
2026-08-17 15:15:17,191 [INFO] full_path /home/user/mujoco+evo/Mujoco_training_dataset/cache/mujoco_pickplace/videos/chunk-000/observation.images.wrist/episode_000192.mp4
2026-08-17 15:15:17,191 [INFO] full_path /home/user/mujoco+evo/Mujoco_training_dataset/cache/mujoco_pickplace/videos/chunk-000/observation.images.overhead/episode_000195.mp4
2026-08-17 15:15:17,192 [INFO] full_path /home/user/mujoco+evo/Mujoco_training_dataset/cache/mujoco_pickplace/videos/chunk-000/observation.images.wrist/episode_000195.mp4
2026-08-17 15:15:17,192 [INFO] build 34_48.pkl
2026-08-17 15:15:17,192 [INFO] build 19_33.pkl
2026-08-17 15:15:17,192 [INFO] full_path /home/user/mujoco+evo/Mujoco_training_dataset/cache/mujoco_pickplace/videos/chunk-000/observation.images.front/episode_000199.mp4
2026-08-17 15:15:17,192 [INFO] full_path /home/user/mujoco+evo/Mujoco_training_dataset/cache/mujoco_pickplace/videos/chunk-000/observation.images.overhead/episode_000199.mp4
2026-08-17 15:15:17,192 [INFO] full_path /home/user/mujoco+evo/Mujoco_training_dataset/cache/mujoco_pickplace/videos/chunk-000/observation.images.wrist/episode_000199.mp4
2026-08-17 15:15:17,192 [INFO] full_path /home/user/mujoco+evo/Mujoco_training_dataset/cache/mujoco_pickplace/videos/chunk-000/observation.images.front/episode_000194.mp4
2026-08-17 15:15:17,192 [INFO] full_path /home/user/mujoco+evo/Mujoco_training_dataset/cache/mujoco_pickplace/videos/chunk-000/observation.images.overhead/episode_000194.mp4
2026-08-17 15:15:17,192 [INFO] build 69_83.pkl
2026-08-17 15:15:17,192 [INFO] full_path /home/user/mujoco+evo/Mujoco_training_dataset/cache/mujoco_pickplace/videos/chunk-000/observation.images.wrist/episode_000194.mp4
2026-08-17 15:15:17,192 [INFO] build 17_31.pkl
2026-08-17 15:15:17,192 [INFO] full_path /home/user/mujoco+evo/Mujoco_training_dataset/cache/mujoco_pickplace/videos/chunk-000/observation.images.front/episode_000077.mp4
2026-08-17 15:15:17,192 [INFO] build 24_38.pkl
2026-08-17 15:15:17,192 [INFO] full_path /home/user/mujoco+evo/Mujoco_training_dataset/cache/mujoco_pickplace/videos/chunk-000/observation.images.front/episode_000191.mp4
2026-08-17 15:15:17,192 [INFO] full_path /home/user/mujoco+evo/Mujoco_training_dataset/cache/mujoco_pickplace/videos/chunk-000/observation.images.overhead/episode_000077.mp4
2026-08-17 15:15:17,192 [INFO] full_path /home/user/mujoco+evo/Mujoco_training_dataset/cache/mujoco_pickplace/videos/chunk-000/observation.images.wrist/episode_000077.mp4
2026-08-17 15:15:17,192 [INFO] full_path /home/user/mujoco+evo/Mujoco_training_dataset/cache/mujoco_pickplace/videos/chunk-000/observation.images.front/episode_000192.mp4
2026-08-17 15:15:17,192 [INFO] build 35_49.pkl
2026-08-17 15:15:17,192 [INFO] build 34_48.pkl
2026-08-17 15:15:17,192 [INFO] full_path /home/user/mujoco+evo/Mujoco_training_dataset/cache/mujoco_pickplace/videos/chunk-000/observation.images.overhead/episode_000191.mp4
2026-08-17 15:15:17,193 [INFO] full_path /home/user/mujoco+evo/Mujoco_training_dataset/cache/mujoco_pickplace/videos/chunk-000/observation.images.overhead/episode_000192.mp4
2026-08-17 15:15:17,193 [INFO] full_path /home/user/mujoco+evo/Mujoco_training_dataset/cache/mujoco_pickplace/videos/chunk-000/observation.images.wrist/episode_000191.mp4
2026-08-17 15:15:17,193 [INFO] full_path /home/user/mujoco+evo/Mujoco_training_dataset/cache/mujoco_pickplace/videos/chunk-000/observation.images.front/episode_000199.mp4
2026-08-17 15:15:17,193 [INFO] full_path /home/user/mujoco+evo/Mujoco_training_dataset/cache/mujoco_pickplace/videos/chunk-000/observation.images.overhead/episode_000199.mp4
2026-08-17 15:15:17,193 [INFO] full_path /home/user/mujoco+evo/Mujoco_training_dataset/cache/mujoco_pickplace/videos/chunk-000/observation.images.front/episode_000195.mp4
2026-08-17 15:15:17,193 [INFO] full_path /home/user/mujoco+evo/Mujoco_training_dataset/cache/mujoco_pickplace/videos/chunk-000/observation.images.wrist/episode_000192.mp4
2026-08-17 15:15:17,193 [INFO] full_path /home/user/mujoco+evo/Mujoco_training_dataset/cache/mujoco_pickplace/videos/chunk-000/observation.images.wrist/episode_000199.mp4
2026-08-17 15:15:17,193 [INFO] full_path /home/user/mujoco+evo/Mujoco_training_dataset/cache/mujoco_pickplace/videos/chunk-000/observation.images.overhead/episode_000195.mp4
2026-08-17 15:15:17,193 [INFO] full_path /home/user/mujoco+evo/Mujoco_training_dataset/cache/mujoco_pickplace/videos/chunk-000/observation.images.wrist/episode_000195.mp4
2026-08-17 15:15:17,193 [INFO] build 36_50.pkl
2026-08-17 15:15:17,193 [INFO] full_path /home/user/mujoco+evo/Mujoco_training_dataset/cache/mujoco_pickplace/videos/chunk-000/observation.images.front/episode_000199.mp4
2026-08-17 15:15:17,194 [INFO] full_path /home/user/mujoco+evo/Mujoco_training_dataset/cache/mujoco_pickplace/videos/chunk-000/observation.images.overhead/episode_000199.mp4
2026-08-17 15:15:17,194 [INFO] build 20_34.pkl
2026-08-17 15:15:17,194 [INFO] full_path /home/user/mujoco+evo/Mujoco_training_dataset/cache/mujoco_pickplace/videos/chunk-000/observation.images.wrist/episode_000199.mp4
2026-08-17 15:15:17,194 [INFO] build 18_32.pkl
2026-08-17 15:15:17,194 [INFO] build 25_39.pkl
2026-08-17 15:15:17,194 [INFO] build 35_49.pkl
2026-08-17 15:15:17,194 [INFO] full_path /home/user/mujoco+evo/Mujoco_training_dataset/cache/mujoco_pickplace/videos/chunk-000/observation.images.front/episode_000194.mp4
2026-08-17 15:15:17,194 [INFO] full_path /home/user/mujoco+evo/Mujoco_training_dataset/cache/mujoco_pickplace/videos/chunk-000/observation.images.front/episode_000191.mp4
2026-08-17 15:15:17,194 [INFO] full_path /home/user/mujoco+evo/Mujoco_training_dataset/cache/mujoco_pickplace/videos/chunk-000/observation.images.front/episode_000192.mp4
2026-08-17 15:15:17,194 [INFO] full_path /home/user/mujoco+evo/Mujoco_training_dataset/cache/mujoco_pickplace/videos/chunk-000/observation.images.overhead/episode_000191.mp4
2026-08-17 15:15:17,194 [INFO] full_path /home/user/mujoco+evo/Mujoco_training_dataset/cache/mujoco_pickplace/videos/chunk-000/observation.images.overhead/episode_000192.mp4
2026-08-17 15:15:17,194 [INFO] full_path /home/user/mujoco+evo/Mujoco_training_dataset/cache/mujoco_pickplace/videos/chunk-000/observation.images.overhead/episode_000194.mp4
2026-08-17 15:15:17,194 [INFO] full_path /home/user/mujoco+evo/Mujoco_training_dataset/cache/mujoco_pickplace/videos/chunk-000/observation.images.front/episode_000195.mp4
2026-08-17 15:15:17,194 [INFO] full_path /home/user/mujoco+evo/Mujoco_training_dataset/cache/mujoco_pickplace/videos/chunk-000/observation.images.overhead/episode_000195.mp4
2026-08-17 15:15:17,194 [INFO] full_path /home/user/mujoco+evo/Mujoco_training_dataset/cache/mujoco_pickplace/videos/chunk-000/observation.images.wrist/episode_000191.mp4
2026-08-17 15:15:17,194 [INFO] full_path /home/user/mujoco+evo/Mujoco_training_dataset/cache/mujoco_pickplace/videos/chunk-000/observation.images.wrist/episode_000192.mp4
2026-08-17 15:15:17,194 [INFO] full_path /home/user/mujoco+evo/Mujoco_training_dataset/cache/mujoco_pickplace/videos/chunk-000/observation.images.wrist/episode_000194.mp4
2026-08-17 15:15:17,194 [INFO] full_path /home/user/mujoco+evo/Mujoco_training_dataset/cache/mujoco_pickplace/videos/chunk-000/observation.images.wrist/episode_000195.mp4
2026-08-17 15:15:17,194 [INFO] build 62_76.pkl
2026-08-17 15:15:17,194 [INFO] build 70_84.pkl
2026-08-17 15:15:17,194 [INFO] full_path /home/user/mujoco+evo/Mujoco_training_dataset/cache/mujoco_pickplace/videos/chunk-000/observation.images.front/episode_000086.mp4
2026-08-17 15:15:17,194 [INFO] build 37_51.pkl
2026-08-17 15:15:17,194 [INFO] full_path /home/user/mujoco+evo/Mujoco_training_dataset/cache/mujoco_pickplace/videos/chunk-000/observation.images.front/episode_000077.mp4
2026-08-17 15:15:17,194 [INFO] full_path /home/user/mujoco+evo/Mujoco_training_dataset/cache/mujoco_pickplace/videos/chunk-000/observation.images.overhead/episode_000086.mp4
2026-08-17 15:15:17,194 [INFO] full_path /home/user/mujoco+evo/Mujoco_training_dataset/cache/mujoco_pickplace/videos/chunk-000/observation.images.front/episode_000199.mp4
2026-08-17 15:15:17,194 [INFO] full_path /home/user/mujoco+evo/Mujoco_training_dataset/cache/mujoco_pickplace/videos/chunk-000/observation.images.overhead/episode_000077.mp4
2026-08-17 15:15:17,194 [INFO] full_path /home/user/mujoco+evo/Mujoco_training_dataset/cache/mujoco_pickplace/videos/chunk-000/observation.images.wrist/episode_000086.mp4
2026-08-17 15:15:17,194 [INFO] full_path /home/user/mujoco+evo/Mujoco_training_dataset/cache/mujoco_pickplace/videos/chunk-000/observation.images.wrist/episode_000077.mp4
2026-08-17 15:15:17,194 [INFO] full_path /home/user/mujoco+evo/Mujoco_training_dataset/cache/mujoco_pickplace/videos/chunk-000/observation.images.overhead/episode_000199.mp4
2026-08-17 15:15:17,194 [INFO] full_path /home/user/mujoco+evo/Mujoco_training_dataset/cache/mujoco_pickplace/videos/chunk-000/observation.images.wrist/episode_000199.mp4
2026-08-17 15:15:17,195 [INFO] build 19_33.pkl
2026-08-17 15:15:17,195 [INFO] build 38_52.pkl
2026-08-17 15:15:17,195 [INFO] build 26_40.pkl
2026-08-17 15:15:17,195 [INFO] full_path /home/user/mujoco+evo/Mujoco_training_dataset/cache/mujoco_pickplace/videos/chunk-000/observation.images.front/episode_000199.mp4
2026-08-17 15:15:17,195 [INFO] build 21_35.pkl
2026-08-17 15:15:17,195 [INFO] full_path /home/user/mujoco+evo/Mujoco_training_dataset/cache/mujoco_pickplace/videos/chunk-000/observation.images.front/episode_000192.mp4
2026-08-17 15:15:17,195 [INFO] full_path /home/user/mujoco+evo/Mujoco_training_dataset/cache/mujoco_pickplace/videos/chunk-000/observation.images.front/episode_000191.mp4
2026-08-17 15:15:17,195 [INFO] full_path /home/user/mujoco+evo/Mujoco_training_dataset/cache/mujoco_pickplace/videos/chunk-000/observation.images.overhead/episode_000199.mp4
2026-08-17 15:15:17,195 [INFO] full_path /home/user/mujoco+evo/Mujoco_training_dataset/cache/mujoco_pickplace/videos/chunk-000/observation.images.wrist/episode_000199.mp4
2026-08-17 15:15:17,195 [INFO] build 36_50.pkl
2026-08-17 15:15:17,195 [INFO] full_path /home/user/mujoco+evo/Mujoco_training_dataset/cache/mujoco_pickplace/videos/chunk-000/observation.images.overhead/episode_000192.mp4
2026-08-17 15:15:17,195 [INFO] full_path /home/user/mujoco+evo/Mujoco_training_dataset/cache/mujoco_pickplace/videos/chunk-000/observation.images.overhead/episode_000191.mp4
2026-08-17 15:15:17,195 [INFO] full_path /home/user/mujoco+evo/Mujoco_training_dataset/cache/mujoco_pickplace/videos/chunk-000/observation.images.wrist/episode_000192.mp4
2026-08-17 15:15:17,195 [INFO] full_path /home/user/mujoco+evo/Mujoco_training_dataset/cache/mujoco_pickplace/videos/chunk-000/observation.images.wrist/episode_000191.mp4
2026-08-17 15:15:17,195 [INFO] full_path /home/user/mujoco+evo/Mujoco_training_dataset/cache/mujoco_pickplace/videos/chunk-000/observation.images.front/episode_000194.mp4
2026-08-17 15:15:17,196 [INFO] full_path /home/user/mujoco+evo/Mujoco_training_dataset/cache/mujoco_pickplace/videos/chunk-000/observation.images.front/episode_000195.mp4
2026-08-17 15:15:17,196 [INFO] full_path /home/user/mujoco+evo/Mujoco_training_dataset/cache/mujoco_pickplace/videos/chunk-000/observation.images.overhead/episode_000194.mp4
2026-08-17 15:15:17,196 [INFO] full_path /home/user/mujoco+evo/Mujoco_training_dataset/cache/mujoco_pickplace/videos/chunk-000/observation.images.wrist/episode_000194.mp4
2026-08-17 15:15:17,196 [INFO] full_path /home/user/mujoco+evo/Mujoco_training_dataset/cache/mujoco_pickplace/videos/chunk-000/observation.images.overhead/episode_000195.mp4
2026-08-17 15:15:17,196 [INFO] full_path /home/user/mujoco+evo/Mujoco_training_dataset/cache/mujoco_pickplace/videos/chunk-000/observation.images.wrist/episode_000195.mp4
2026-08-17 15:15:17,196 [INFO] build 39_53.pkl
2026-08-17 15:15:17,196 [INFO] full_path /home/user/mujoco+evo/Mujoco_training_dataset/cache/mujoco_pickplace/videos/chunk-000/observation.images.front/episode_000199.mp4
2026-08-17 15:15:17,196 [INFO] full_path /home/user/mujoco+evo/Mujoco_training_dataset/cache/mujoco_pickplace/videos/chunk-000/observation.images.overhead/episode_000199.mp4
2026-08-17 15:15:17,196 [INFO] full_path /home/user/mujoco+evo/Mujoco_training_dataset/cache/mujoco_pickplace/videos/chunk-000/observation.images.wrist/episode_000199.mp4
2026-08-17 15:15:17,196 [INFO] build 27_41.pkl
2026-08-17 15:15:17,196 [INFO] build 20_34.pkl
2026-08-17 15:15:17,197 [INFO] full_path /home/user/mujoco+evo/Mujoco_training_dataset/cache/mujoco_pickplace/videos/chunk-000/observation.images.front/episode_000192.mp4
2026-08-17 15:15:17,197 [INFO] full_path /home/user/mujoco+evo/Mujoco_training_dataset/cache/mujoco_pickplace/videos/chunk-000/observation.images.front/episode_000191.mp4
2026-08-17 15:15:17,197 [INFO] full_path /home/user/mujoco+evo/Mujoco_training_dataset/cache/mujoco_pickplace/videos/chunk-000/observation.images.overhead/episode_000192.mp4
2026-08-17 15:15:17,197 [INFO] full_path /home/user/mujoco+evo/Mujoco_training_dataset/cache/mujoco_pickplace/videos/chunk-000/observation.images.overhead/episode_000191.mp4
2026-08-17 15:15:17,197 [INFO] full_path /home/user/mujoco+evo/Mujoco_training_dataset/cache/mujoco_pickplace/videos/chunk-000/observation.images.wrist/episode_000192.mp4
2026-08-17 15:15:17,197 [INFO] full_path /home/user/mujoco+evo/Mujoco_training_dataset/cache/mujoco_pickplace/videos/chunk-000/observation.images.wrist/episode_000191.mp4
2026-08-17 15:15:17,197 [INFO] build 22_36.pkl
2026-08-17 15:15:17,197 [INFO] full_path /home/user/mujoco+evo/Mujoco_training_dataset/cache/mujoco_pickplace/videos/chunk-000/observation.images.front/episode_000194.mp4
2026-08-17 15:15:17,197 [INFO] build 37_51.pkl
2026-08-17 15:15:17,197 [INFO] full_path /home/user/mujoco+evo/Mujoco_training_dataset/cache/mujoco_pickplace/videos/chunk-000/observation.images.overhead/episode_000194.mp4
2026-08-17 15:15:17,198 [INFO] full_path /home/user/mujoco+evo/Mujoco_training_dataset/cache/mujoco_pickplace/videos/chunk-000/observation.images.wrist/episode_000194.mp4
2026-08-17 15:15:17,198 [INFO] full_path /home/user/mujoco+evo/Mujoco_training_dataset/cache/mujoco_pickplace/videos/chunk-000/observation.images.front/episode_000195.mp4
2026-08-17 15:15:17,198 [INFO] full_path /home/user/mujoco+evo/Mujoco_training_dataset/cache/mujoco_pickplace/videos/chunk-000/observation.images.overhead/episode_000195.mp4
2026-08-17 15:15:17,198 [INFO] full_path /home/user/mujoco+evo/Mujoco_training_dataset/cache/mujoco_pickplace/videos/chunk-000/observation.images.wrist/episode_000195.mp4
2026-08-17 15:15:17,198 [INFO] build 28_42.pkl
2026-08-17 15:15:17,198 [INFO] full_path /home/user/mujoco+evo/Mujoco_training_dataset/cache/mujoco_pickplace/videos/chunk-000/observation.images.front/episode_000192.mp4
2026-08-17 15:15:17,198 [INFO] build 21_35.pkl
2026-08-17 15:15:17,198 [INFO] full_path /home/user/mujoco+evo/Mujoco_training_dataset/cache/mujoco_pickplace/videos/chunk-000/observation.images.overhead/episode_000192.mp4
2026-08-17 15:15:17,198 [INFO] full_path /home/user/mujoco+evo/Mujoco_training_dataset/cache/mujoco_pickplace/videos/chunk-000/observation.images.wrist/episode_000192.mp4
2026-08-17 15:15:17,198 [INFO] full_path /home/user/mujoco+evo/Mujoco_training_dataset/cache/mujoco_pickplace/videos/chunk-000/observation.images.front/episode_000191.mp4
2026-08-17 15:15:17,198 [INFO] build 40_54.pkl
2026-08-17 15:15:17,199 [INFO] full_path /home/user/mujoco+evo/Mujoco_training_dataset/cache/mujoco_pickplace/videos/chunk-000/observation.images.overhead/episode_000191.mp4
2026-08-17 15:15:17,199 [INFO] full_path /home/user/mujoco+evo/Mujoco_training_dataset/cache/mujoco_pickplace/videos/chunk-000/observation.images.wrist/episode_000191.mp4
2026-08-17 15:15:17,199 [INFO] full_path /home/user/mujoco+evo/Mujoco_training_dataset/cache/mujoco_pickplace/videos/chunk-000/observation.images.front/episode_000199.mp4
2026-08-17 15:15:17,199 [INFO] build 23_37.pkl
2026-08-17 15:15:17,199 [INFO] full_path /home/user/mujoco+evo/Mujoco_training_dataset/cache/mujoco_pickplace/videos/chunk-000/observation.images.overhead/episode_000199.mp4
2026-08-17 15:15:17,199 [INFO] full_path /home/user/mujoco+evo/Mujoco_training_dataset/cache/mujoco_pickplace/videos/chunk-000/observation.images.wrist/episode_000199.mp4
2026-08-17 15:15:17,199 [INFO] full_path /home/user/mujoco+evo/Mujoco_training_dataset/cache/mujoco_pickplace/videos/chunk-000/observation.images.front/episode_000194.mp4
2026-08-17 15:15:17,199 [INFO] full_path /home/user/mujoco+evo/Mujoco_training_dataset/cache/mujoco_pickplace/videos/chunk-000/observation.images.overhead/episode_000194.mp4
2026-08-17 15:15:17,199 [INFO] build 0_14.pkl
2026-08-17 15:15:17,199 [INFO] build 29_43.pkl
2026-08-17 15:15:17,199 [INFO] full_path /home/user/mujoco+evo/Mujoco_training_dataset/cache/mujoco_pickplace/videos/chunk-000/observation.images.wrist/episode_000194.mp4
2026-08-17 15:15:17,199 [INFO] build 38_52.pkl
2026-08-17 15:15:17,200 [INFO] full_path /home/user/mujoco+evo/Mujoco_training_dataset/cache/mujoco_pickplace/videos/chunk-000/observation.images.front/episode_000192.mp4
2026-08-17 15:15:17,200 [INFO] full_path /home/user/mujoco+evo/Mujoco_training_dataset/cache/mujoco_pickplace/videos/chunk-000/observation.images.front/episode_000195.mp4
2026-08-17 15:15:17,200 [INFO] full_path /home/user/mujoco+evo/Mujoco_training_dataset/cache/mujoco_pickplace/videos/chunk-000/observation.images.overhead/episode_000192.mp4
2026-08-17 15:15:17,200 [INFO] full_path /home/user/mujoco+evo/Mujoco_training_dataset/cache/mujoco_pickplace/videos/chunk-000/observation.images.overhead/episode_000195.mp4
2026-08-17 15:15:17,200 [INFO] full_path /home/user/mujoco+evo/Mujoco_training_dataset/cache/mujoco_pickplace/videos/chunk-000/observation.images.front/episode_000193.mp4
2026-08-17 15:15:17,200 [INFO] full_path /home/user/mujoco+evo/Mujoco_training_dataset/cache/mujoco_pickplace/videos/chunk-000/observation.images.wrist/episode_000195.mp4
2026-08-17 15:15:17,200 [INFO] full_path /home/user/mujoco+evo/Mujoco_training_dataset/cache/mujoco_pickplace/videos/chunk-000/observation.images.wrist/episode_000192.mp4
2026-08-17 15:15:17,200 [INFO] full_path /home/user/mujoco+evo/Mujoco_training_dataset/cache/mujoco_pickplace/videos/chunk-000/observation.images.overhead/episode_000193.mp4
2026-08-17 15:15:17,200 [INFO] full_path /home/user/mujoco+evo/Mujoco_training_dataset/cache/mujoco_pickplace/videos/chunk-000/observation.images.wrist/episode_000193.mp4
2026-08-17 15:15:17,200 [INFO] build 41_55.pkl
2026-08-17 15:15:17,200 [INFO] build 22_36.pkl
2026-08-17 15:15:17,200 [INFO] full_path /home/user/mujoco+evo/Mujoco_training_dataset/cache/mujoco_pickplace/videos/chunk-000/observation.images.front/episode_000199.mp4
2026-08-17 15:15:17,200 [INFO] full_path /home/user/mujoco+evo/Mujoco_training_dataset/cache/mujoco_pickplace/videos/chunk-000/observation.images.overhead/episode_000199.mp4
2026-08-17 15:15:17,200 [INFO] full_path /home/user/mujoco+evo/Mujoco_training_dataset/cache/mujoco_pickplace/videos/chunk-000/observation.images.wrist/episode_000199.mp4
2026-08-17 15:15:17,200 [INFO] full_path /home/user/mujoco+evo/Mujoco_training_dataset/cache/mujoco_pickplace/videos/chunk-000/observation.images.front/episode_000191.mp4
2026-08-17 15:15:17,200 [INFO] build 39_53.pkl
2026-08-17 15:15:17,200 [INFO] build 30_44.pkl
2026-08-17 15:15:17,200 [INFO] full_path /home/user/mujoco+evo/Mujoco_training_dataset/cache/mujoco_pickplace/videos/chunk-000/observation.images.overhead/episode_000191.mp4
2026-08-17 15:15:17,201 [INFO] full_path /home/user/mujoco+evo/Mujoco_training_dataset/cache/mujoco_pickplace/videos/chunk-000/observation.images.wrist/episode_000191.mp4
2026-08-17 15:15:17,201 [INFO] full_path /home/user/mujoco+evo/Mujoco_training_dataset/cache/mujoco_pickplace/videos/chunk-000/observation.images.front/episode_000192.mp4
2026-08-17 15:15:17,201 [INFO] full_path /home/user/mujoco+evo/Mujoco_training_dataset/cache/mujoco_pickplace/videos/chunk-000/observation.images.front/episode_000195.mp4
2026-08-17 15:15:17,201 [INFO] build 24_38.pkl
2026-08-17 15:15:17,201 [INFO] full_path /home/user/mujoco+evo/Mujoco_training_dataset/cache/mujoco_pickplace/videos/chunk-000/observation.images.overhead/episode_000195.mp4
2026-08-17 15:15:17,201 [INFO] full_path /home/user/mujoco+evo/Mujoco_training_dataset/cache/mujoco_pickplace/videos/chunk-000/observation.images.overhead/episode_000192.mp4
2026-08-17 15:15:17,201 [INFO] full_path /home/user/mujoco+evo/Mujoco_training_dataset/cache/mujoco_pickplace/videos/chunk-000/observation.images.wrist/episode_000195.mp4
2026-08-17 15:15:17,201 [INFO] full_path /home/user/mujoco+evo/Mujoco_training_dataset/cache/mujoco_pickplace/videos/chunk-000/observation.images.wrist/episode_000192.mp4
2026-08-17 15:15:17,201 [INFO] full_path /home/user/mujoco+evo/Mujoco_training_dataset/cache/mujoco_pickplace/videos/chunk-000/observation.images.front/episode_000194.mp4
2026-08-17 15:15:17,201 [INFO] full_path /home/user/mujoco+evo/Mujoco_training_dataset/cache/mujoco_pickplace/videos/chunk-000/observation.images.overhead/episode_000194.mp4
2026-08-17 15:15:17,201 [INFO] full_path /home/user/mujoco+evo/Mujoco_training_dataset/cache/mujoco_pickplace/videos/chunk-000/observation.images.wrist/episode_000194.mp4
2026-08-17 15:15:17,202 [INFO] build 42_56.pkl
2026-08-17 15:15:17,202 [INFO] full_path /home/user/mujoco+evo/Mujoco_training_dataset/cache/mujoco_pickplace/videos/chunk-000/observation.images.front/episode_000199.mp4
2026-08-17 15:15:17,202 [INFO] full_path /home/user/mujoco+evo/Mujoco_training_dataset/cache/mujoco_pickplace/videos/chunk-000/observation.images.overhead/episode_000199.mp4
2026-08-17 15:15:17,202 [INFO] full_path /home/user/mujoco+evo/Mujoco_training_dataset/cache/mujoco_pickplace/videos/chunk-000/observation.images.wrist/episode_000199.mp4
2026-08-17 15:15:17,202 [INFO] build 31_45.pkl
2026-08-17 15:15:17,202 [INFO] build 40_54.pkl
2026-08-17 15:15:17,202 [INFO] build 1_15.pkl
2026-08-17 15:15:17,202 [INFO] build 23_37.pkl
2026-08-17 15:15:17,202 [INFO] full_path /home/user/mujoco+evo/Mujoco_training_dataset/cache/mujoco_pickplace/videos/chunk-000/observation.images.front/episode_000192.mp4
2026-08-17 15:15:17,202 [INFO] full_path /home/user/mujoco+evo/Mujoco_training_dataset/cache/mujoco_pickplace/videos/chunk-000/observation.images.front/episode_000195.mp4
2026-08-17 15:15:17,202 [INFO] full_path /home/user/mujoco+evo/Mujoco_training_dataset/cache/mujoco_pickplace/videos/chunk-000/observation.images.overhead/episode_000195.mp4
2026-08-17 15:15:17,202 [INFO] build 25_39.pkl
2026-08-17 15:15:17,202 [INFO] full_path /home/user/mujoco+evo/Mujoco_training_dataset/cache/mujoco_pickplace/videos/chunk-000/observation.images.front/episode_000193.mp4
2026-08-17 15:15:17,202 [INFO] full_path /home/user/mujoco+evo/Mujoco_training_dataset/cache/mujoco_pickplace/videos/chunk-000/observation.images.overhead/episode_000192.mp4
2026-08-17 15:15:17,203 [INFO] full_path /home/user/mujoco+evo/Mujoco_training_dataset/cache/mujoco_pickplace/videos/chunk-000/observation.images.wrist/episode_000192.mp4
2026-08-17 15:15:17,203 [INFO] full_path /home/user/mujoco+evo/Mujoco_training_dataset/cache/mujoco_pickplace/videos/chunk-000/observation.images.front/episode_000191.mp4
2026-08-17 15:15:17,203 [INFO] full_path /home/user/mujoco+evo/Mujoco_training_dataset/cache/mujoco_pickplace/videos/chunk-000/observation.images.overhead/episode_000193.mp4
2026-08-17 15:15:17,203 [INFO] build 71_85.pkl
2026-08-17 15:15:17,203 [INFO] full_path /home/user/mujoco+evo/Mujoco_training_dataset/cache/mujoco_pickplace/videos/chunk-000/observation.images.front/episode_000194.mp4
2026-08-17 15:15:17,203 [INFO] full_path /home/user/mujoco+evo/Mujoco_training_dataset/cache/mujoco_pickplace/videos/chunk-000/observation.images.overhead/episode_000194.mp4
2026-08-17 15:15:17,203 [INFO] full_path /home/user/mujoco+evo/Mujoco_training_dataset/cache/mujoco_pickplace/videos/chunk-000/observation.images.wrist/episode_000193.mp4
2026-08-17 15:15:17,203 [INFO] full_path /home/user/mujoco+evo/Mujoco_training_dataset/cache/mujoco_pickplace/videos/chunk-000/observation.images.wrist/episode_000195.mp4
2026-08-17 15:15:17,203 [INFO] full_path /home/user/mujoco+evo/Mujoco_training_dataset/cache/mujoco_pickplace/videos/chunk-000/observation.images.overhead/episode_000191.mp4
2026-08-17 15:15:17,203 [INFO] full_path /home/user/mujoco+evo/Mujoco_training_dataset/cache/mujoco_pickplace/videos/chunk-000/observation.images.wrist/episode_000194.mp4
2026-08-17 15:15:17,203 [INFO] full_path /home/user/mujoco+evo/Mujoco_training_dataset/cache/mujoco_pickplace/videos/chunk-000/observation.images.front/episode_000076.mp4
2026-08-17 15:15:17,203 [INFO] full_path /home/user/mujoco+evo/Mujoco_training_dataset/cache/mujoco_pickplace/videos/chunk-000/observation.images.wrist/episode_000191.mp4
2026-08-17 15:15:17,203 [INFO] full_path /home/user/mujoco+evo/Mujoco_training_dataset/cache/mujoco_pickplace/videos/chunk-000/observation.images.overhead/episode_000076.mp4
2026-08-17 15:15:17,203 [INFO] build 43_57.pkl
2026-08-17 15:15:17,203 [INFO] full_path /home/user/mujoco+evo/Mujoco_training_dataset/cache/mujoco_pickplace/videos/chunk-000/observation.images.wrist/episode_000076.mp4
2026-08-17 15:15:17,203 [INFO] full_path /home/user/mujoco+evo/Mujoco_training_dataset/cache/mujoco_pickplace/videos/chunk-000/observation.images.front/episode_000199.mp4
2026-08-17 15:15:17,204 [INFO] full_path /home/user/mujoco+evo/Mujoco_training_dataset/cache/mujoco_pickplace/videos/chunk-000/observation.images.overhead/episode_000199.mp4
2026-08-17 15:15:17,204 [INFO] build 32_46.pkl
2026-08-17 15:15:17,204 [INFO] full_path /home/user/mujoco+evo/Mujoco_training_dataset/cache/mujoco_pickplace/videos/chunk-000/observation.images.wrist/episode_000199.mp4
2026-08-17 15:15:17,204 [INFO] full_path /home/user/mujoco+evo/Mujoco_training_dataset/cache/mujoco_pickplace/videos/chunk-000/observation.images.front/episode_000192.mp4
2026-08-17 15:15:17,204 [INFO] full_path /home/user/mujoco+evo/Mujoco_training_dataset/cache/mujoco_pickplace/videos/chunk-000/observation.images.overhead/episode_000192.mp4
2026-08-17 15:15:17,204 [INFO] build 41_55.pkl
2026-08-17 15:15:17,204 [INFO] build 24_38.pkl
2026-08-17 15:15:17,204 [INFO] full_path /home/user/mujoco+evo/Mujoco_training_dataset/cache/mujoco_pickplace/videos/chunk-000/observation.images.wrist/episode_000192.mp4
2026-08-17 15:15:17,204 [INFO] full_path /home/user/mujoco+evo/Mujoco_training_dataset/cache/mujoco_pickplace/videos/chunk-000/observation.images.front/episode_000191.mp4
2026-08-17 15:15:17,204 [INFO] full_path /home/user/mujoco+evo/Mujoco_training_dataset/cache/mujoco_pickplace/videos/chunk-000/observation.images.front/episode_000195.mp4
2026-08-17 15:15:17,204 [INFO] full_path /home/user/mujoco+evo/Mujoco_training_dataset/cache/mujoco_pickplace/videos/chunk-000/observation.images.overhead/episode_000191.mp4
2026-08-17 15:15:17,204 [INFO] build 2_16.pkl
2026-08-17 15:15:17,204 [INFO] build 26_40.pkl
2026-08-17 15:15:17,205 [INFO] build 44_58.pkl
2026-08-17 15:15:17,205 [INFO] build 66_80.pkl
2026-08-17 15:15:17,205 [INFO] build 33_47.pkl
2026-08-17 15:15:17,206 [INFO] build 67_81.pkl
2026-08-17 15:15:17,206 [INFO] build 75_89.pkl
2026-08-17 15:15:17,207 [INFO] build 73_87.pkl
2026-08-17 15:15:17,209 [INFO] build 66_80.pkl
2026-08-17 15:15:17,212 [INFO] build 68_82.pkl
2026-08-17 15:15:17,216 [INFO] build 0_14.pkl
2026-08-17 15:15:17,220 [INFO] build 71_85.pkl
2026-08-17 15:15:17,225 [INFO] build 0_14.pkl
2026-08-17 15:15:17,230 [INFO] full_path /home/user/mujoco+evo/Mujoco_training_dataset/cache/mujoco_pickplace/videos/chunk-000/observation.images.overhead/episode_000195.mp4
2026-08-17 15:15:17,230 [INFO] full_path /home/user/mujoco+evo/Mujoco_training_dataset/cache/mujoco_pickplace/videos/chunk-000/observation.images.wrist/episode_000191.mp4
2026-08-17 15:15:17,230 [INFO] full_path /home/user/mujoco+evo/Mujoco_training_dataset/cache/mujoco_pickplace/videos/chunk-000/observation.images.wrist/episode_000195.mp4
2026-08-17 15:15:17,230 [INFO] full_path /home/user/mujoco+evo/Mujoco_training_dataset/cache/mujoco_pickplace/videos/chunk-000/observation.images.front/episode_000193.mp4
2026-08-17 15:15:17,231 [INFO] full_path /home/user/mujoco+evo/Mujoco_training_dataset/cache/mujoco_pickplace/videos/chunk-000/observation.images.overhead/episode_000193.mp4
2026-08-17 15:15:17,231 [INFO] full_path /home/user/mujoco+evo/Mujoco_training_dataset/cache/mujoco_pickplace/videos/chunk-000/observation.images.front/episode_000199.mp4
2026-08-17 15:15:17,231 [INFO] full_path /home/user/mujoco+evo/Mujoco_training_dataset/cache/mujoco_pickplace/videos/chunk-000/observation.images.front/episode_000194.mp4
2026-08-17 15:15:17,231 [INFO] full_path /home/user/mujoco+evo/Mujoco_training_dataset/cache/mujoco_pickplace/videos/chunk-000/observation.images.wrist/episode_000193.mp4
2026-08-17 15:15:17,231 [INFO] full_path /home/user/mujoco+evo/Mujoco_training_dataset/cache/mujoco_pickplace/videos/chunk-000/observation.images.front/episode_000122.mp4
2026-08-17 15:15:17,231 [INFO] full_path /home/user/mujoco+evo/Mujoco_training_dataset/cache/mujoco_pickplace/videos/chunk-000/observation.images.overhead/episode_000199.mp4
2026-08-17 15:15:17,231 [INFO] full_path /home/user/mujoco+evo/Mujoco_training_dataset/cache/mujoco_pickplace/videos/chunk-000/observation.images.front/episode_000192.mp4
2026-08-17 15:15:17,231 [INFO] full_path /home/user/mujoco+evo/Mujoco_training_dataset/cache/mujoco_pickplace/videos/chunk-000/observation.images.wrist/episode_000199.mp4
2026-08-17 15:15:17,231 [INFO] full_path /home/user/mujoco+evo/Mujoco_training_dataset/cache/mujoco_pickplace/videos/chunk-000/observation.images.overhead/episode_000122.mp4
2026-08-17 15:15:17,231 [INFO] full_path /home/user/mujoco+evo/Mujoco_training_dataset/cache/mujoco_pickplace/videos/chunk-000/observation.images.overhead/episode_000194.mp4
2026-08-17 15:15:17,231 [INFO] full_path /home/user/mujoco+evo/Mujoco_training_dataset/cache/mujoco_pickplace/videos/chunk-000/observation.images.overhead/episode_000192.mp4
2026-08-17 15:15:17,231 [INFO] full_path /home/user/mujoco+evo/Mujoco_training_dataset/cache/mujoco_pickplace/videos/chunk-000/observation.images.wrist/episode_000122.mp4
2026-08-17 15:15:17,231 [INFO] full_path /home/user/mujoco+evo/Mujoco_training_dataset/cache/mujoco_pickplace/videos/chunk-000/observation.images.wrist/episode_000192.mp4
2026-08-17 15:15:17,231 [INFO] full_path /home/user/mujoco+evo/Mujoco_training_dataset/cache/mujoco_pickplace/videos/chunk-000/observation.images.front/episode_000096.mp4
2026-08-17 15:15:17,231 [INFO] full_path /home/user/mujoco+evo/Mujoco_training_dataset/cache/mujoco_pickplace/videos/chunk-000/observation.images.wrist/episode_000194.mp4
2026-08-17 15:15:17,231 [INFO] full_path /home/user/mujoco+evo/Mujoco_training_dataset/cache/mujoco_pickplace/videos/chunk-000/observation.images.front/episode_000098.mp4
2026-08-17 15:15:17,231 [INFO] full_path /home/user/mujoco+evo/Mujoco_training_dataset/cache/mujoco_pickplace/videos/chunk-000/observation.images.front/episode_000066.mp4
2026-08-17 15:15:17,231 [INFO] full_path /home/user/mujoco+evo/Mujoco_training_dataset/cache/mujoco_pickplace/videos/chunk-000/observation.images.overhead/episode_000096.mp4
2026-08-17 15:15:17,231 [INFO] full_path /home/user/mujoco+evo/Mujoco_training_dataset/cache/mujoco_pickplace/videos/chunk-000/observation.images.overhead/episode_000098.mp4
2026-08-17 15:15:17,231 [INFO] full_path /home/user/mujoco+evo/Mujoco_training_dataset/cache/mujoco_pickplace/videos/chunk-000/observation.images.wrist/episode_000096.mp4
2026-08-17 15:15:17,231 [INFO] full_path /home/user/mujoco+evo/Mujoco_training_dataset/cache/mujoco_pickplace/videos/chunk-000/observation.images.front/episode_000047.mp4
2026-08-17 15:15:17,231 [INFO] full_path /home/user/mujoco+evo/Mujoco_training_dataset/cache/mujoco_pickplace/videos/chunk-000/observation.images.front/episode_000120.mp4
2026-08-17 15:15:17,231 [INFO] full_path /home/user/mujoco+evo/Mujoco_training_dataset/cache/mujoco_pickplace/videos/chunk-000/observation.images.overhead/episode_000066.mp4
2026-08-17 15:15:17,231 [INFO] full_path /home/user/mujoco+evo/Mujoco_training_dataset/cache/mujoco_pickplace/videos/chunk-000/observation.images.front/episode_000055.mp4
2026-08-17 15:15:17,231 [INFO] full_path /home/user/mujoco+evo/Mujoco_training_dataset/cache/mujoco_pickplace/videos/chunk-000/observation.images.front/episode_000198.mp4
2026-08-17 15:15:17,231 [INFO] build 25_39.pkl
2026-08-17 15:15:17,231 [INFO] full_path /home/user/mujoco+evo/Mujoco_training_dataset/cache/mujoco_pickplace/videos/chunk-000/observation.images.wrist/episode_000098.mp4
2026-08-17 15:15:17,231 [INFO] full_path /home/user/mujoco+evo/Mujoco_training_dataset/cache/mujoco_pickplace/videos/chunk-000/observation.images.overhead/episode_000120.mp4
2026-08-17 15:15:17,231 [INFO] full_path /home/user/mujoco+evo/Mujoco_training_dataset/cache/mujoco_pickplace/videos/chunk-000/observation.images.overhead/episode_000047.mp4
2026-08-17 15:15:17,231 [INFO] full_path /home/user/mujoco+evo/Mujoco_training_dataset/cache/mujoco_pickplace/videos/chunk-000/observation.images.front/episode_000196.mp4
2026-08-17 15:15:17,231 [INFO] full_path /home/user/mujoco+evo/Mujoco_training_dataset/cache/mujoco_pickplace/videos/chunk-000/observation.images.wrist/episode_000066.mp4
2026-08-17 15:15:17,231 [INFO] full_path /home/user/mujoco+evo/Mujoco_training_dataset/cache/mujoco_pickplace/videos/chunk-000/observation.images.overhead/episode_000198.mp4
2026-08-17 15:15:17,231 [INFO] build 42_56.pkl
2026-08-17 15:15:17,232 [INFO] full_path /home/user/mujoco+evo/Mujoco_training_dataset/cache/mujoco_pickplace/videos/chunk-000/observation.images.front/episode_000191.mp4
2026-08-17 15:15:17,232 [INFO] full_path /home/user/mujoco+evo/Mujoco_training_dataset/cache/mujoco_pickplace/videos/chunk-000/observation.images.overhead/episode_000055.mp4
2026-08-17 15:15:17,232 [INFO] full_path /home/user/mujoco+evo/Mujoco_training_dataset/cache/mujoco_pickplace/videos/chunk-000/observation.images.wrist/episode_000120.mp4
2026-08-17 15:15:17,232 [INFO] full_path /home/user/mujoco+evo/Mujoco_training_dataset/cache/mujoco_pickplace/videos/chunk-000/observation.images.overhead/episode_000191.mp4
2026-08-17 15:15:17,232 [INFO] full_path /home/user/mujoco+evo/Mujoco_training_dataset/cache/mujoco_pickplace/videos/chunk-000/observation.images.overhead/episode_000196.mp4
2026-08-17 15:15:17,232 [INFO] full_path /home/user/mujoco+evo/Mujoco_training_dataset/cache/mujoco_pickplace/videos/chunk-000/observation.images.wrist/episode_000198.mp4
2026-08-17 15:15:17,232 [INFO] full_path /home/user/mujoco+evo/Mujoco_training_dataset/cache/mujoco_pickplace/videos/chunk-000/observation.images.wrist/episode_000047.mp4
2026-08-17 15:15:17,232 [INFO] full_path /home/user/mujoco+evo/Mujoco_training_dataset/cache/mujoco_pickplace/videos/chunk-000/observation.images.wrist/episode_000191.mp4
2026-08-17 15:15:17,232 [INFO] full_path /home/user/mujoco+evo/Mujoco_training_dataset/cache/mujoco_pickplace/videos/chunk-000/observation.images.wrist/episode_000196.mp4
2026-08-17 15:15:17,232 [INFO] full_path /home/user/mujoco+evo/Mujoco_training_dataset/cache/mujoco_pickplace/videos/chunk-000/observation.images.wrist/episode_000055.mp4
2026-08-17 15:15:17,232 [INFO] full_path /home/user/mujoco+evo/Mujoco_training_dataset/cache/mujoco_pickplace/videos/chunk-000/observation.images.front/episode_000195.mp4
2026-08-17 15:15:17,232 [INFO] build 3_17.pkl
2026-08-17 15:15:17,232 [INFO] build 45_59.pkl
2026-08-17 15:15:17,232 [INFO] full_path /home/user/mujoco+evo/Mujoco_training_dataset/cache/mujoco_pickplace/videos/chunk-000/observation.images.overhead/episode_000195.mp4
2026-08-17 15:15:17,232 [INFO] build 34_48.pkl
2026-08-17 15:15:17,232 [INFO] full_path /home/user/mujoco+evo/Mujoco_training_dataset/cache/mujoco_pickplace/videos/chunk-000/observation.images.front/episode_000193.mp4
2026-08-17 15:15:17,232 [INFO] full_path /home/user/mujoco+evo/Mujoco_training_dataset/cache/mujoco_pickplace/videos/chunk-000/observation.images.wrist/episode_000195.mp4
2026-08-17 15:15:17,232 [INFO] full_path /home/user/mujoco+evo/Mujoco_training_dataset/cache/mujoco_pickplace/videos/chunk-000/observation.images.front/episode_000192.mp4
2026-08-17 15:15:17,232 [INFO] full_path /home/user/mujoco+evo/Mujoco_training_dataset/cache/mujoco_pickplace/videos/chunk-000/observation.images.overhead/episode_000192.mp4
2026-08-17 15:15:17,232 [INFO] full_path /home/user/mujoco+evo/Mujoco_training_dataset/cache/mujoco_pickplace/videos/chunk-000/observation.images.front/episode_000199.mp4
2026-08-17 15:15:17,232 [INFO] full_path /home/user/mujoco+evo/Mujoco_training_dataset/cache/mujoco_pickplace/videos/chunk-000/observation.images.overhead/episode_000193.mp4
2026-08-17 15:15:17,232 [INFO] full_path /home/user/mujoco+evo/Mujoco_training_dataset/cache/mujoco_pickplace/videos/chunk-000/observation.images.wrist/episode_000192.mp4
2026-08-17 15:15:17,232 [INFO] full_path /home/user/mujoco+evo/Mujoco_training_dataset/cache/mujoco_pickplace/videos/chunk-000/observation.images.overhead/episode_000199.mp4
2026-08-17 15:15:17,232 [INFO] full_path /home/user/mujoco+evo/Mujoco_training_dataset/cache/mujoco_pickplace/videos/chunk-000/observation.images.wrist/episode_000193.mp4
2026-08-17 15:15:17,232 [INFO] full_path /home/user/mujoco+evo/Mujoco_training_dataset/cache/mujoco_pickplace/videos/chunk-000/observation.images.wrist/episode_000199.mp4
2026-08-17 15:15:17,232 [INFO] build 26_40.pkl
2026-08-17 15:15:17,232 [INFO] full_path /home/user/mujoco+evo/Mujoco_training_dataset/cache/mujoco_pickplace/videos/chunk-000/observation.images.front/episode_000191.mp4
2026-08-17 15:15:17,232 [INFO] build 27_41.pkl
2026-08-17 15:15:17,233 [INFO] full_path /home/user/mujoco+evo/Mujoco_training_dataset/cache/mujoco_pickplace/videos/chunk-000/observation.images.overhead/episode_000191.mp4
2026-08-17 15:15:17,233 [INFO] full_path /home/user/mujoco+evo/Mujoco_training_dataset/cache/mujoco_pickplace/videos/chunk-000/observation.images.wrist/episode_000191.mp4
2026-08-17 15:15:17,233 [INFO] full_path /home/user/mujoco+evo/Mujoco_training_dataset/cache/mujoco_pickplace/videos/chunk-000/observation.images.front/episode_000194.mp4
2026-08-17 15:15:17,233 [INFO] build 35_49.pkl
2026-08-17 15:15:17,233 [INFO] full_path /home/user/mujoco+evo/Mujoco_training_dataset/cache/mujoco_pickplace/videos/chunk-000/observation.images.overhead/episode_000194.mp4
2026-08-17 15:15:17,233 [INFO] full_path /home/user/mujoco+evo/Mujoco_training_dataset/cache/mujoco_pickplace/videos/chunk-000/observation.images.front/episode_000192.mp4
2026-08-17 15:15:17,233 [INFO] full_path /home/user/mujoco+evo/Mujoco_training_dataset/cache/mujoco_pickplace/videos/chunk-000/observation.images.wrist/episode_000194.mp4
2026-08-17 15:15:17,233 [INFO] full_path /home/user/mujoco+evo/Mujoco_training_dataset/cache/mujoco_pickplace/videos/chunk-000/observation.images.overhead/episode_000192.mp4
2026-08-17 15:15:17,233 [INFO] build 43_57.pkl
2026-08-17 15:15:17,233 [INFO] full_path /home/user/mujoco+evo/Mujoco_training_dataset/cache/mujoco_pickplace/videos/chunk-000/observation.images.wrist/episode_000192.mp4
2026-08-17 15:15:17,233 [INFO] full_path /home/user/mujoco+evo/Mujoco_training_dataset/cache/mujoco_pickplace/videos/chunk-000/observation.images.front/episode_000195.mp4
2026-08-17 15:15:17,233 [INFO] build 4_18.pkl
2026-08-17 15:15:17,233 [INFO] full_path /home/user/mujoco+evo/Mujoco_training_dataset/cache/mujoco_pickplace/videos/chunk-000/observation.images.overhead/episode_000195.mp4
2026-08-17 15:15:17,233 [INFO] full_path /home/user/mujoco+evo/Mujoco_training_dataset/cache/mujoco_pickplace/videos/chunk-000/observation.images.front/episode_000193.mp4
2026-08-17 15:15:17,233 [INFO] full_path /home/user/mujoco+evo/Mujoco_training_dataset/cache/mujoco_pickplace/videos/chunk-000/observation.images.overhead/episode_000193.mp4
2026-08-17 15:15:17,233 [INFO] full_path /home/user/mujoco+evo/Mujoco_training_dataset/cache/mujoco_pickplace/videos/chunk-000/observation.images.wrist/episode_000195.mp4
2026-08-17 15:15:17,233 [INFO] full_path /home/user/mujoco+evo/Mujoco_training_dataset/cache/mujoco_pickplace/videos/chunk-000/observation.images.wrist/episode_000193.mp4
2026-08-17 15:15:17,233 [INFO] build 1_15.pkl
2026-08-17 15:15:17,234 [INFO] full_path /home/user/mujoco+evo/Mujoco_training_dataset/cache/mujoco_pickplace/videos/chunk-000/observation.images.front/episode_000198.mp4
2026-08-17 15:15:17,234 [INFO] full_path /home/user/mujoco+evo/Mujoco_training_dataset/cache/mujoco_pickplace/videos/chunk-000/observation.images.overhead/episode_000198.mp4
2026-08-17 15:15:17,234 [INFO] build 46_60.pkl
2026-08-17 15:15:17,234 [INFO] full_path /home/user/mujoco+evo/Mujoco_training_dataset/cache/mujoco_pickplace/videos/chunk-000/observation.images.wrist/episode_000198.mp4
2026-08-17 15:15:17,234 [INFO] full_path /home/user/mujoco+evo/Mujoco_training_dataset/cache/mujoco_pickplace/videos/chunk-000/observation.images.front/episode_000199.mp4
2026-08-17 15:15:17,234 [INFO] full_path /home/user/mujoco+evo/Mujoco_training_dataset/cache/mujoco_pickplace/videos/chunk-000/observation.images.overhead/episode_000199.mp4
2026-08-17 15:15:17,234 [INFO] full_path /home/user/mujoco+evo/Mujoco_training_dataset/cache/mujoco_pickplace/videos/chunk-000/observation.images.wrist/episode_000199.mp4
2026-08-17 15:15:17,234 [INFO] build 5_19.pkl
2026-08-17 15:15:17,234 [INFO] build 72_86.pkl
2026-08-17 15:15:17,234 [INFO] full_path /home/user/mujoco+evo/Mujoco_training_dataset/cache/mujoco_pickplace/videos/chunk-000/observation.images.front/episode_000193.mp4
2026-08-17 15:15:17,234 [INFO] full_path /home/user/mujoco+evo/Mujoco_training_dataset/cache/mujoco_pickplace/videos/chunk-000/observation.images.overhead/episode_000193.mp4
2026-08-17 15:15:17,234 [INFO] build 28_42.pkl
2026-08-17 15:15:17,234 [INFO] full_path /home/user/mujoco+evo/Mujoco_training_dataset/cache/mujoco_pickplace/videos/chunk-000/observation.images.wrist/episode_000193.mp4
2026-08-17 15:15:17,234 [INFO] build 1_15.pkl
2026-08-17 15:15:17,234 [INFO] full_path /home/user/mujoco+evo/Mujoco_training_dataset/cache/mujoco_pickplace/videos/chunk-000/observation.images.front/episode_000055.mp4
2026-08-17 15:15:17,234 [INFO] build 36_50.pkl
2026-08-17 15:15:17,234 [INFO] full_path /home/user/mujoco+evo/Mujoco_training_dataset/cache/mujoco_pickplace/videos/chunk-000/observation.images.front/episode_000194.mp4
2026-08-17 15:15:17,234 [INFO] build 27_41.pkl
2026-08-17 15:15:17,235 [INFO] build 44_58.pkl
2026-08-17 15:15:17,235 [INFO] full_path /home/user/mujoco+evo/Mujoco_training_dataset/cache/mujoco_pickplace/videos/chunk-000/observation.images.overhead/episode_000194.mp4
2026-08-17 15:15:17,235 [INFO] full_path /home/user/mujoco+evo/Mujoco_training_dataset/cache/mujoco_pickplace/videos/chunk-000/observation.images.overhead/episode_000055.mp4
2026-08-17 15:15:17,235 [INFO] build 2_16.pkl
2026-08-17 15:15:17,235 [INFO] full_path /home/user/mujoco+evo/Mujoco_training_dataset/cache/mujoco_pickplace/videos/chunk-000/observation.images.front/episode_000196.mp4
2026-08-17 15:15:17,235 [INFO] full_path /home/user/mujoco+evo/Mujoco_training_dataset/cache/mujoco_pickplace/videos/chunk-000/observation.images.wrist/episode_000194.mp4
2026-08-17 15:15:17,235 [INFO] full_path /home/user/mujoco+evo/Mujoco_training_dataset/cache/mujoco_pickplace/videos/chunk-000/observation.images.front/episode_000191.mp4
2026-08-17 15:15:17,235 [INFO] full_path /home/user/mujoco+evo/Mujoco_training_dataset/cache/mujoco_pickplace/videos/chunk-000/observation.images.front/episode_000195.mp4
2026-08-17 15:15:17,235 [INFO] full_path /home/user/mujoco+evo/Mujoco_training_dataset/cache/mujoco_pickplace/videos/chunk-000/observation.images.front/episode_000192.mp4
2026-08-17 15:15:17,235 [INFO] full_path /home/user/mujoco+evo/Mujoco_training_dataset/cache/mujoco_pickplace/videos/chunk-000/observation.images.wrist/episode_000055.mp4
2026-08-17 15:15:17,235 [INFO] build 47_61.pkl
2026-08-17 15:15:17,235 [INFO] full_path /home/user/mujoco+evo/Mujoco_training_dataset/cache/mujoco_pickplace/videos/chunk-000/observation.images.front/episode_000198.mp4
2026-08-17 15:15:17,235 [INFO] full_path /home/user/mujoco+evo/Mujoco_training_dataset/cache/mujoco_pickplace/videos/chunk-000/observation.images.overhead/episode_000196.mp4
2026-08-17 15:15:17,235 [INFO] full_path /home/user/mujoco+evo/Mujoco_training_dataset/cache/mujoco_pickplace/videos/chunk-000/observation.images.overhead/episode_000198.mp4
2026-08-17 15:15:17,235 [INFO] full_path /home/user/mujoco+evo/Mujoco_training_dataset/cache/mujoco_pickplace/videos/chunk-000/observation.images.overhead/episode_000195.mp4
2026-08-17 15:15:17,235 [INFO] full_path /home/user/mujoco+evo/Mujoco_training_dataset/cache/mujoco_pickplace/videos/chunk-000/observation.images.overhead/episode_000192.mp4
2026-08-17 15:15:17,235 [INFO] full_path /home/user/mujoco+evo/Mujoco_training_dataset/cache/mujoco_pickplace/videos/chunk-000/observation.images.overhead/episode_000191.mp4
2026-08-17 15:15:17,235 [INFO] full_path /home/user/mujoco+evo/Mujoco_training_dataset/cache/mujoco_pickplace/videos/chunk-000/observation.images.front/episode_000199.mp4
2026-08-17 15:15:17,235 [INFO] full_path /home/user/mujoco+evo/Mujoco_training_dataset/cache/mujoco_pickplace/videos/chunk-000/observation.images.wrist/episode_000198.mp4
2026-08-17 15:15:17,235 [INFO] full_path /home/user/mujoco+evo/Mujoco_training_dataset/cache/mujoco_pickplace/videos/chunk-000/observation.images.overhead/episode_000199.mp4
2026-08-17 15:15:17,235 [INFO] full_path /home/user/mujoco+evo/Mujoco_training_dataset/cache/mujoco_pickplace/videos/chunk-000/observation.images.wrist/episode_000196.mp4
2026-08-17 15:15:17,235 [INFO] full_path /home/user/mujoco+evo/Mujoco_training_dataset/cache/mujoco_pickplace/videos/chunk-000/observation.images.wrist/episode_000192.mp4
2026-08-17 15:15:17,235 [INFO] full_path /home/user/mujoco+evo/Mujoco_training_dataset/cache/mujoco_pickplace/videos/chunk-000/observation.images.wrist/episode_000191.mp4
2026-08-17 15:15:17,235 [INFO] full_path /home/user/mujoco+evo/Mujoco_training_dataset/cache/mujoco_pickplace/videos/chunk-000/observation.images.wrist/episode_000195.mp4
2026-08-17 15:15:17,235 [INFO] full_path /home/user/mujoco+evo/Mujoco_training_dataset/cache/mujoco_pickplace/videos/chunk-000/observation.images.wrist/episode_000199.mp4
2026-08-17 15:15:17,235 [INFO] build 6_20.pkl
2026-08-17 15:15:17,235 [INFO] full_path /home/user/mujoco+evo/Mujoco_training_dataset/cache/mujoco_pickplace/videos/chunk-000/observation.images.front/episode_000193.mp4
2026-08-17 15:15:17,236 [INFO] build 29_43.pkl
2026-08-17 15:15:17,236 [INFO] full_path /home/user/mujoco+evo/Mujoco_training_dataset/cache/mujoco_pickplace/videos/chunk-000/observation.images.overhead/episode_000193.mp4
2026-08-17 15:15:17,236 [INFO] build 3_17.pkl
2026-08-17 15:15:17,236 [INFO] full_path /home/user/mujoco+evo/Mujoco_training_dataset/cache/mujoco_pickplace/videos/chunk-000/observation.images.front/episode_000194.mp4
2026-08-17 15:15:17,236 [INFO] full_path /home/user/mujoco+evo/Mujoco_training_dataset/cache/mujoco_pickplace/videos/chunk-000/observation.images.wrist/episode_000193.mp4
2026-08-17 15:15:17,236 [INFO] full_path /home/user/mujoco+evo/Mujoco_training_dataset/cache/mujoco_pickplace/videos/chunk-000/observation.images.overhead/episode_000194.mp4
2026-08-17 15:15:17,236 [INFO] full_path /home/user/mujoco+evo/Mujoco_training_dataset/cache/mujoco_pickplace/videos/chunk-000/observation.images.front/episode_000198.mp4
2026-08-17 15:15:17,236 [INFO] full_path /home/user/mujoco+evo/Mujoco_training_dataset/cache/mujoco_pickplace/videos/chunk-000/observation.images.overhead/episode_000198.mp4
2026-08-17 15:15:17,236 [INFO] full_path /home/user/mujoco+evo/Mujoco_training_dataset/cache/mujoco_pickplace/videos/chunk-000/observation.images.wrist/episode_000194.mp4
2026-08-17 15:15:17,236 [INFO] build 48_62.pkl
2026-08-17 15:15:17,236 [INFO] full_path /home/user/mujoco+evo/Mujoco_training_dataset/cache/mujoco_pickplace/videos/chunk-000/observation.images.wrist/episode_000198.mp4
2026-08-17 15:15:17,236 [INFO] build 73_87.pkl
2026-08-17 15:15:17,236 [INFO] full_path /home/user/mujoco+evo/Mujoco_training_dataset/cache/mujoco_pickplace/videos/chunk-000/observation.images.front/episode_000199.mp4
2026-08-17 15:15:17,236 [INFO] build 45_59.pkl
2026-08-17 15:15:17,236 [INFO] full_path /home/user/mujoco+evo/Mujoco_training_dataset/cache/mujoco_pickplace/videos/chunk-000/observation.images.overhead/episode_000199.mp4
2026-08-17 15:15:17,236 [INFO] full_path /home/user/mujoco+evo/Mujoco_training_dataset/cache/mujoco_pickplace/videos/chunk-000/observation.images.front/episode_000055.mp4
2026-08-17 15:15:17,236 [INFO] build 37_51.pkl
2026-08-17 15:15:17,237 [INFO] build 28_42.pkl
2026-08-17 15:15:17,237 [INFO] full_path /home/user/mujoco+evo/Mujoco_training_dataset/cache/mujoco_pickplace/videos/chunk-000/observation.images.overhead/episode_000055.mp4
2026-08-17 15:15:17,237 [INFO] full_path /home/user/mujoco+evo/Mujoco_training_dataset/cache/mujoco_pickplace/videos/chunk-000/observation.images.wrist/episode_000199.mp4
2026-08-17 15:15:17,237 [INFO] full_path /home/user/mujoco+evo/Mujoco_training_dataset/cache/mujoco_pickplace/videos/chunk-000/observation.images.front/episode_000195.mp4
2026-08-17 15:15:17,237 [INFO] full_path /home/user/mujoco+evo/Mujoco_training_dataset/cache/mujoco_pickplace/videos/chunk-000/observation.images.wrist/episode_000055.mp4
2026-08-17 15:15:17,237 [INFO] full_path /home/user/mujoco+evo/Mujoco_training_dataset/cache/mujoco_pickplace/videos/chunk-000/observation.images.overhead/episode_000195.mp4
2026-08-17 15:15:17,237 [INFO] build 2_16.pkl
2026-08-17 15:15:17,237 [INFO] full_path /home/user/mujoco+evo/Mujoco_training_dataset/cache/mujoco_pickplace/videos/chunk-000/observation.images.front/episode_000192.mp4
2026-08-17 15:15:17,237 [INFO] build 7_21.pkl
2026-08-17 15:15:17,237 [INFO] build 0_14.pkl
2026-08-17 15:15:17,237 [INFO] full_path /home/user/mujoco+evo/Mujoco_training_dataset/cache/mujoco_pickplace/videos/chunk-000/observation.images.front/episode_000191.mp4
2026-08-17 15:15:17,237 [INFO] full_path /home/user/mujoco+evo/Mujoco_training_dataset/cache/mujoco_pickplace/videos/chunk-000/observation.images.wrist/episode_000195.mp4
2026-08-17 15:15:17,237 [INFO] full_path /home/user/mujoco+evo/Mujoco_training_dataset/cache/mujoco_pickplace/videos/chunk-000/observation.images.overhead/episode_000192.mp4
2026-08-17 15:15:17,237 [INFO] full_path /home/user/mujoco+evo/Mujoco_training_dataset/cache/mujoco_pickplace/videos/chunk-000/observation.images.wrist/episode_000192.mp4
2026-08-17 15:15:17,237 [INFO] full_path /home/user/mujoco+evo/Mujoco_training_dataset/cache/mujoco_pickplace/videos/chunk-000/observation.images.front/episode_000196.mp4
2026-08-17 15:15:17,237 [INFO] full_path /home/user/mujoco+evo/Mujoco_training_dataset/cache/mujoco_pickplace/videos/chunk-000/observation.images.overhead/episode_000191.mp4
2026-08-17 15:15:17,237 [INFO] build 30_44.pkl
2026-08-17 15:15:17,237 [INFO] full_path /home/user/mujoco+evo/Mujoco_training_dataset/cache/mujoco_pickplace/videos/chunk-000/observation.images.front/episode_000193.mp4
2026-08-17 15:15:17,237 [INFO] full_path /home/user/mujoco+evo/Mujoco_training_dataset/cache/mujoco_pickplace/videos/chunk-000/observation.images.front/episode_000190.mp4
2026-08-17 15:15:17,237 [INFO] full_path /home/user/mujoco+evo/Mujoco_training_dataset/cache/mujoco_pickplace/videos/chunk-000/observation.images.overhead/episode_000193.mp4
2026-08-17 15:15:17,237 [INFO] full_path /home/user/mujoco+evo/Mujoco_training_dataset/cache/mujoco_pickplace/videos/chunk-000/observation.images.wrist/episode_000191.mp4
2026-08-17 15:15:17,237 [INFO] full_path /home/user/mujoco+evo/Mujoco_training_dataset/cache/mujoco_pickplace/videos/chunk-000/observation.images.overhead/episode_000196.mp4
2026-08-17 15:15:17,237 [INFO] full_path /home/user/mujoco+evo/Mujoco_training_dataset/cache/mujoco_pickplace/videos/chunk-000/observation.images.front/episode_000194.mp4
2026-08-17 15:15:17,237 [INFO] build 4_18.pkl
2026-08-17 15:15:17,237 [INFO] full_path /home/user/mujoco+evo/Mujoco_training_dataset/cache/mujoco_pickplace/videos/chunk-000/observation.images.wrist/episode_000193.mp4
2026-08-17 15:15:17,237 [INFO] full_path /home/user/mujoco+evo/Mujoco_training_dataset/cache/mujoco_pickplace/videos/chunk-000/observation.images.overhead/episode_000194.mp4
2026-08-17 15:15:17,237 [INFO] full_path /home/user/mujoco+evo/Mujoco_training_dataset/cache/mujoco_pickplace/videos/chunk-000/observation.images.wrist/episode_000196.mp4
2026-08-17 15:15:17,238 [INFO] full_path /home/user/mujoco+evo/Mujoco_training_dataset/cache/mujoco_pickplace/videos/chunk-000/observation.images.overhead/episode_000190.mp4
2026-08-17 15:15:17,238 [INFO] full_path /home/user/mujoco+evo/Mujoco_training_dataset/cache/mujoco_pickplace/videos/chunk-000/observation.images.wrist/episode_000194.mp4
2026-08-17 15:15:17,238 [INFO] full_path /home/user/mujoco+evo/Mujoco_training_dataset/cache/mujoco_pickplace/videos/chunk-000/observation.images.front/episode_000198.mp4
2026-08-17 15:15:17,238 [INFO] build 49_63.pkl
2026-08-17 15:15:17,238 [INFO] full_path /home/user/mujoco+evo/Mujoco_training_dataset/cache/mujoco_pickplace/videos/chunk-000/observation.images.wrist/episode_000190.mp4
2026-08-17 15:15:17,238 [INFO] full_path /home/user/mujoco+evo/Mujoco_training_dataset/cache/mujoco_pickplace/videos/chunk-000/observation.images.overhead/episode_000198.mp4
2026-08-17 15:15:17,238 [INFO] full_path /home/user/mujoco+evo/Mujoco_training_dataset/cache/mujoco_pickplace/videos/chunk-000/observation.images.front/episode_000199.mp4
2026-08-17 15:15:17,238 [INFO] full_path /home/user/mujoco+evo/Mujoco_training_dataset/cache/mujoco_pickplace/videos/chunk-000/observation.images.overhead/episode_000199.mp4
2026-08-17 15:15:17,238 [INFO] full_path /home/user/mujoco+evo/Mujoco_training_dataset/cache/mujoco_pickplace/videos/chunk-000/observation.images.wrist/episode_000198.mp4
2026-08-17 15:15:17,238 [INFO] full_path /home/user/mujoco+evo/Mujoco_training_dataset/cache/mujoco_pickplace/videos/chunk-000/observation.images.wrist/episode_000199.mp4
2026-08-17 15:15:17,238 [INFO] build 74_88.pkl
2026-08-17 15:15:17,238 [INFO] build 46_60.pkl
2026-08-17 15:15:17,238 [INFO] build 8_22.pkl
2026-08-17 15:15:17,238 [INFO] full_path /home/user/mujoco+evo/Mujoco_training_dataset/cache/mujoco_pickplace/videos/chunk-000/observation.images.front/episode_000055.mp4
2026-08-17 15:15:17,238 [INFO] build 38_52.pkl
2026-08-17 15:15:17,238 [INFO] full_path /home/user/mujoco+evo/Mujoco_training_dataset/cache/mujoco_pickplace/videos/chunk-000/observation.images.front/episode_000195.mp4
2026-08-17 15:15:17,238 [INFO] full_path /home/user/mujoco+evo/Mujoco_training_dataset/cache/mujoco_pickplace/videos/chunk-000/observation.images.overhead/episode_000055.mp4
2026-08-17 15:15:17,238 [INFO] build 31_45.pkl
2026-08-17 15:15:17,238 [INFO] full_path /home/user/mujoco+evo/Mujoco_training_dataset/cache/mujoco_pickplace/videos/chunk-000/observation.images.front/episode_000193.mp4
2026-08-17 15:15:17,238 [INFO] full_path /home/user/mujoco+evo/Mujoco_training_dataset/cache/mujoco_pickplace/videos/chunk-000/observation.images.overhead/episode_000193.mp4
2026-08-17 15:15:17,238 [INFO] full_path /home/user/mujoco+evo/Mujoco_training_dataset/cache/mujoco_pickplace/videos/chunk-000/observation.images.front/episode_000192.mp4
2026-08-17 15:15:17,238 [INFO] full_path /home/user/mujoco+evo/Mujoco_training_dataset/cache/mujoco_pickplace/videos/chunk-000/observation.images.wrist/episode_000055.mp4
2026-08-17 15:15:17,238 [INFO] full_path /home/user/mujoco+evo/Mujoco_training_dataset/cache/mujoco_pickplace/videos/chunk-000/observation.images.front/episode_000194.mp4
2026-08-17 15:15:17,238 [INFO] full_path /home/user/mujoco+evo/Mujoco_training_dataset/cache/mujoco_pickplace/videos/chunk-000/observation.images.overhead/episode_000195.mp4
2026-08-17 15:15:17,238 [INFO] full_path /home/user/mujoco+evo/Mujoco_training_dataset/cache/mujoco_pickplace/videos/chunk-000/observation.images.wrist/episode_000193.mp4
2026-08-17 15:15:17,238 [INFO] full_path /home/user/mujoco+evo/Mujoco_training_dataset/cache/mujoco_pickplace/videos/chunk-000/observation.images.overhead/episode_000194.mp4
2026-08-17 15:15:17,238 [INFO] full_path /home/user/mujoco+evo/Mujoco_training_dataset/cache/mujoco_pickplace/videos/chunk-000/observation.images.overhead/episode_000192.mp4
2026-08-17 15:15:17,238 [INFO] full_path /home/user/mujoco+evo/Mujoco_training_dataset/cache/mujoco_pickplace/videos/chunk-000/observation.images.wrist/episode_000194.mp4
2026-08-17 15:15:17,238 [INFO] full_path /home/user/mujoco+evo/Mujoco_training_dataset/cache/mujoco_pickplace/videos/chunk-000/observation.images.wrist/episode_000195.mp4
2026-08-17 15:15:17,239 [INFO] full_path /home/user/mujoco+evo/Mujoco_training_dataset/cache/mujoco_pickplace/videos/chunk-000/observation.images.wrist/episode_000192.mp4
2026-08-17 15:15:17,239 [INFO] build 29_43.pkl
2026-08-17 15:15:17,239 [INFO] full_path /home/user/mujoco+evo/Mujoco_training_dataset/cache/mujoco_pickplace/videos/chunk-000/observation.images.front/episode_000191.mp4
2026-08-17 15:15:17,239 [INFO] build 50_64.pkl
2026-08-17 15:15:17,239 [INFO] full_path /home/user/mujoco+evo/Mujoco_training_dataset/cache/mujoco_pickplace/videos/chunk-000/observation.images.overhead/episode_000191.mp4
2026-08-17 15:15:17,239 [INFO] build 3_17.pkl
2026-08-17 15:15:17,239 [INFO] full_path /home/user/mujoco+evo/Mujoco_training_dataset/cache/mujoco_pickplace/videos/chunk-000/observation.images.front/episode_000199.mp4
2026-08-17 15:15:17,239 [INFO] full_path /home/user/mujoco+evo/Mujoco_training_dataset/cache/mujoco_pickplace/videos/chunk-000/observation.images.wrist/episode_000191.mp4
2026-08-17 15:15:17,239 [INFO] full_path /home/user/mujoco+evo/Mujoco_training_dataset/cache/mujoco_pickplace/videos/chunk-000/observation.images.front/episode_000196.mp4
2026-08-17 15:15:17,239 [INFO] full_path /home/user/mujoco+evo/Mujoco_training_dataset/cache/mujoco_pickplace/videos/chunk-000/observation.images.overhead/episode_000199.mp4
2026-08-17 15:15:17,239 [INFO] full_path /home/user/mujoco+evo/Mujoco_training_dataset/cache/mujoco_pickplace/videos/chunk-000/observation.images.overhead/episode_000196.mp4
2026-08-17 15:15:17,239 [INFO] build 9_23.pkl
2026-08-17 15:15:17,239 [INFO] build 5_19.pkl
2026-08-17 15:15:17,239 [INFO] full_path /home/user/mujoco+evo/Mujoco_training_dataset/cache/mujoco_pickplace/videos/chunk-000/observation.images.wrist/episode_000199.mp4
2026-08-17 15:15:17,239 [INFO] full_path /home/user/mujoco+evo/Mujoco_training_dataset/cache/mujoco_pickplace/videos/chunk-000/observation.images.wrist/episode_000196.mp4
2026-08-17 15:15:17,239 [INFO] build 47_61.pkl
2026-08-17 15:15:17,239 [INFO] build 1_15.pkl
2026-08-17 15:15:17,240 [INFO] full_path /home/user/mujoco+evo/Mujoco_training_dataset/cache/mujoco_pickplace/videos/chunk-000/observation.images.front/episode_000193.mp4
2026-08-17 15:15:17,240 [INFO] full_path /home/user/mujoco+evo/Mujoco_training_dataset/cache/mujoco_pickplace/videos/chunk-000/observation.images.front/episode_000198.mp4
2026-08-17 15:15:17,240 [INFO] full_path /home/user/mujoco+evo/Mujoco_training_dataset/cache/mujoco_pickplace/videos/chunk-000/observation.images.overhead/episode_000198.mp4
2026-08-17 15:15:17,240 [INFO] full_path /home/user/mujoco+evo/Mujoco_training_dataset/cache/mujoco_pickplace/videos/chunk-000/observation.images.overhead/episode_000193.mp4
2026-08-17 15:15:17,240 [INFO] full_path /home/user/mujoco+evo/Mujoco_training_dataset/cache/mujoco_pickplace/videos/chunk-000/observation.images.wrist/episode_000198.mp4
2026-08-17 15:15:17,240 [INFO] full_path /home/user/mujoco+evo/Mujoco_training_dataset/cache/mujoco_pickplace/videos/chunk-000/observation.images.front/episode_000195.mp4
2026-08-17 15:15:17,240 [INFO] full_path /home/user/mujoco+evo/Mujoco_training_dataset/cache/mujoco_pickplace/videos/chunk-000/observation.images.wrist/episode_000193.mp4
2026-08-17 15:15:17,240 [INFO] build 39_53.pkl
2026-08-17 15:15:17,240 [INFO] full_path /home/user/mujoco+evo/Mujoco_training_dataset/cache/mujoco_pickplace/videos/chunk-000/observation.images.overhead/episode_000195.mp4
2026-08-17 15:15:17,240 [INFO] full_path /home/user/mujoco+evo/Mujoco_training_dataset/cache/mujoco_pickplace/videos/chunk-000/observation.images.front/episode_000190.mp4
2026-08-17 15:15:17,240 [INFO] build 32_46.pkl
2026-08-17 15:15:17,240 [INFO] full_path /home/user/mujoco+evo/Mujoco_training_dataset/cache/mujoco_pickplace/videos/chunk-000/observation.images.wrist/episode_000195.mp4
2026-08-17 15:15:17,240 [INFO] full_path /home/user/mujoco+evo/Mujoco_training_dataset/cache/mujoco_pickplace/videos/chunk-000/observation.images.overhead/episode_000190.mp4
2026-08-17 15:15:17,240 [INFO] full_path /home/user/mujoco+evo/Mujoco_training_dataset/cache/mujoco_pickplace/videos/chunk-000/observation.images.front/episode_000192.mp4
2026-08-17 15:15:17,240 [INFO] full_path /home/user/mujoco+evo/Mujoco_training_dataset/cache/mujoco_pickplace/videos/chunk-000/observation.images.front/episode_000194.mp4
2026-08-17 15:15:17,240 [INFO] full_path /home/user/mujoco+evo/Mujoco_training_dataset/cache/mujoco_pickplace/videos/chunk-000/observation.images.wrist/episode_000190.mp4
2026-08-17 15:15:17,240 [INFO] full_path /home/user/mujoco+evo/Mujoco_training_dataset/cache/mujoco_pickplace/videos/chunk-000/observation.images.overhead/episode_000194.mp4
2026-08-17 15:15:17,240 [INFO] full_path /home/user/mujoco+evo/Mujoco_training_dataset/cache/mujoco_pickplace/videos/chunk-000/observation.images.overhead/episode_000192.mp4
2026-08-17 15:15:17,240 [INFO] full_path /home/user/mujoco+evo/Mujoco_training_dataset/cache/mujoco_pickplace/videos/chunk-000/observation.images.wrist/episode_000194.mp4
2026-08-17 15:15:17,240 [INFO] full_path /home/user/mujoco+evo/Mujoco_training_dataset/cache/mujoco_pickplace/videos/chunk-000/observation.images.wrist/episode_000192.mp4
2026-08-17 15:15:17,240 [INFO] build 30_44.pkl
2026-08-17 15:15:17,241 [INFO] full_path /home/user/mujoco+evo/Mujoco_training_dataset/cache/mujoco_pickplace/videos/chunk-000/observation.images.front/episode_000191.mp4
2026-08-17 15:15:17,241 [INFO] build 51_65.pkl
2026-08-17 15:15:17,241 [INFO] build 6_20.pkl
2026-08-17 15:15:17,241 [INFO] full_path /home/user/mujoco+evo/Mujoco_training_dataset/cache/mujoco_pickplace/videos/chunk-000/observation.images.overhead/episode_000191.mp4
2026-08-17 15:15:17,241 [INFO] full_path /home/user/mujoco+evo/Mujoco_training_dataset/cache/mujoco_pickplace/videos/chunk-000/observation.images.front/episode_000198.mp4
2026-08-17 15:15:17,241 [INFO] build 4_18.pkl
2026-08-17 15:15:17,241 [INFO] full_path /home/user/mujoco+evo/Mujoco_training_dataset/cache/mujoco_pickplace/videos/chunk-000/observation.images.wrist/episode_000191.mp4
2026-08-17 15:15:17,241 [INFO] build 10_24.pkl
2026-08-17 15:15:17,241 [INFO] build 48_62.pkl
2026-08-17 15:15:17,241 [INFO] full_path /home/user/mujoco+evo/Mujoco_training_dataset/cache/mujoco_pickplace/videos/chunk-000/observation.images.overhead/episode_000198.mp4
2026-08-17 15:15:17,241 [INFO] full_path /home/user/mujoco+evo/Mujoco_training_dataset/cache/mujoco_pickplace/videos/chunk-000/observation.images.front/episode_000199.mp4
2026-08-17 15:15:17,241 [INFO] full_path /home/user/mujoco+evo/Mujoco_training_dataset/cache/mujoco_pickplace/videos/chunk-000/observation.images.wrist/episode_000198.mp4
2026-08-17 15:15:17,241 [INFO] full_path /home/user/mujoco+evo/Mujoco_training_dataset/cache/mujoco_pickplace/videos/chunk-000/observation.images.overhead/episode_000199.mp4
2026-08-17 15:15:17,241 [INFO] full_path /home/user/mujoco+evo/Mujoco_training_dataset/cache/mujoco_pickplace/videos/chunk-000/observation.images.front/episode_000195.mp4
2026-08-17 15:15:17,241 [INFO] full_path /home/user/mujoco+evo/Mujoco_training_dataset/cache/mujoco_pickplace/videos/chunk-000/observation.images.overhead/episode_000195.mp4
2026-08-17 15:15:17,241 [INFO] full_path /home/user/mujoco+evo/Mujoco_training_dataset/cache/mujoco_pickplace/videos/chunk-000/observation.images.front/episode_000193.mp4
2026-08-17 15:15:17,241 [INFO] full_path /home/user/mujoco+evo/Mujoco_training_dataset/cache/mujoco_pickplace/videos/chunk-000/observation.images.front/episode_000196.mp4
2026-08-17 15:15:17,241 [INFO] full_path /home/user/mujoco+evo/Mujoco_training_dataset/cache/mujoco_pickplace/videos/chunk-000/observation.images.wrist/episode_000199.mp4
2026-08-17 15:15:17,241 [INFO] full_path /home/user/mujoco+evo/Mujoco_training_dataset/cache/mujoco_pickplace/videos/chunk-000/observation.images.wrist/episode_000195.mp4
2026-08-17 15:15:17,241 [INFO] build 2_16.pkl
2026-08-17 15:15:17,241 [INFO] full_path /home/user/mujoco+evo/Mujoco_training_dataset/cache/mujoco_pickplace/videos/chunk-000/observation.images.overhead/episode_000193.mp4
2026-08-17 15:15:17,241 [INFO] build 40_54.pkl
2026-08-17 15:15:17,241 [INFO] full_path /home/user/mujoco+evo/Mujoco_training_dataset/cache/mujoco_pickplace/videos/chunk-000/observation.images.overhead/episode_000196.mp4
2026-08-17 15:15:17,242 [INFO] full_path /home/user/mujoco+evo/Mujoco_training_dataset/cache/mujoco_pickplace/videos/chunk-000/observation.images.front/episode_000190.mp4
2026-08-17 15:15:17,242 [INFO] full_path /home/user/mujoco+evo/Mujoco_training_dataset/cache/mujoco_pickplace/videos/chunk-000/observation.images.wrist/episode_000193.mp4
2026-08-17 15:15:17,242 [INFO] full_path /home/user/mujoco+evo/Mujoco_training_dataset/cache/mujoco_pickplace/videos/chunk-000/observation.images.front/episode_000192.mp4
2026-08-17 15:15:17,242 [INFO] full_path /home/user/mujoco+evo/Mujoco_training_dataset/cache/mujoco_pickplace/videos/chunk-000/observation.images.wrist/episode_000196.mp4
2026-08-17 15:15:17,242 [INFO] build 33_47.pkl
2026-08-17 15:15:17,242 [INFO] full_path /home/user/mujoco+evo/Mujoco_training_dataset/cache/mujoco_pickplace/videos/chunk-000/observation.images.overhead/episode_000192.mp4
2026-08-17 15:15:17,242 [INFO] full_path /home/user/mujoco+evo/Mujoco_training_dataset/cache/mujoco_pickplace/videos/chunk-000/observation.images.overhead/episode_000190.mp4
2026-08-17 15:15:17,242 [INFO] full_path /home/user/mujoco+evo/Mujoco_training_dataset/cache/mujoco_pickplace/videos/chunk-000/observation.images.wrist/episode_000190.mp4
2026-08-17 15:15:17,242 [INFO] full_path /home/user/mujoco+evo/Mujoco_training_dataset/cache/mujoco_pickplace/videos/chunk-000/observation.images.wrist/episode_000192.mp4
2026-08-17 15:15:17,242 [INFO] full_path /home/user/mujoco+evo/Mujoco_training_dataset/cache/mujoco_pickplace/videos/chunk-000/observation.images.front/episode_000194.mp4
2026-08-17 15:15:17,242 [INFO] full_path /home/user/mujoco+evo/Mujoco_training_dataset/cache/mujoco_pickplace/videos/chunk-000/observation.images.overhead/episode_000194.mp4
2026-08-17 15:15:17,242 [INFO] build 49_63.pkl
2026-08-17 15:15:17,242 [INFO] full_path /home/user/mujoco+evo/Mujoco_training_dataset/cache/mujoco_pickplace/videos/chunk-000/observation.images.wrist/episode_000194.mp4
2026-08-17 15:15:17,242 [INFO] build 7_21.pkl
2026-08-17 15:15:17,242 [INFO] full_path /home/user/mujoco+evo/Mujoco_training_dataset/cache/mujoco_pickplace/videos/chunk-000/observation.images.front/episode_000195.mp4
2026-08-17 15:15:17,242 [INFO] build 31_45.pkl
2026-08-17 15:15:17,242 [INFO] full_path /home/user/mujoco+evo/Mujoco_training_dataset/cache/mujoco_pickplace/videos/chunk-000/observation.images.overhead/episode_000195.mp4
2026-08-17 15:15:17,242 [INFO] full_path /home/user/mujoco+evo/Mujoco_training_dataset/cache/mujoco_pickplace/videos/chunk-000/observation.images.front/episode_000198.mp4
2026-08-17 15:15:17,242 [INFO] full_path /home/user/mujoco+evo/Mujoco_training_dataset/cache/mujoco_pickplace/videos/chunk-000/observation.images.wrist/episode_000195.mp4
2026-08-17 15:15:17,242 [INFO] build 52_66.pkl
2026-08-17 15:15:17,242 [INFO] full_path /home/user/mujoco+evo/Mujoco_training_dataset/cache/mujoco_pickplace/videos/chunk-000/observation.images.overhead/episode_000198.mp4
2026-08-17 15:15:17,242 [INFO] full_path /home/user/mujoco+evo/Mujoco_training_dataset/cache/mujoco_pickplace/videos/chunk-000/observation.images.front/episode_000191.mp4
2026-08-17 15:15:17,243 [INFO] full_path /home/user/mujoco+evo/Mujoco_training_dataset/cache/mujoco_pickplace/videos/chunk-000/observation.images.wrist/episode_000198.mp4
2026-08-17 15:15:17,243 [INFO] full_path /home/user/mujoco+evo/Mujoco_training_dataset/cache/mujoco_pickplace/videos/chunk-000/observation.images.front/episode_000199.mp4
2026-08-17 15:15:17,243 [INFO] full_path /home/user/mujoco+evo/Mujoco_training_dataset/cache/mujoco_pickplace/videos/chunk-000/observation.images.overhead/episode_000191.mp4
2026-08-17 15:15:17,243 [INFO] full_path /home/user/mujoco+evo/Mujoco_training_dataset/cache/mujoco_pickplace/videos/chunk-000/observation.images.overhead/episode_000199.mp4
2026-08-17 15:15:17,243 [INFO] full_path /home/user/mujoco+evo/Mujoco_training_dataset/cache/mujoco_pickplace/videos/chunk-000/observation.images.wrist/episode_000191.mp4
2026-08-17 15:15:17,243 [INFO] build 41_55.pkl
2026-08-17 15:15:17,243 [INFO] build 11_25.pkl
2026-08-17 15:15:17,243 [INFO] build 5_19.pkl
2026-08-17 15:15:17,243 [INFO] full_path /home/user/mujoco+evo/Mujoco_training_dataset/cache/mujoco_pickplace/videos/chunk-000/observation.images.wrist/episode_000199.mp4
2026-08-17 15:15:17,243 [INFO] full_path /home/user/mujoco+evo/Mujoco_training_dataset/cache/mujoco_pickplace/videos/chunk-000/observation.images.front/episode_000192.mp4
2026-08-17 15:15:17,243 [INFO] build 50_64.pkl
2026-08-17 15:15:17,243 [INFO] full_path /home/user/mujoco+evo/Mujoco_training_dataset/cache/mujoco_pickplace/videos/chunk-000/observation.images.front/episode_000193.mp4
2026-08-17 15:15:17,243 [INFO] build 3_17.pkl
2026-08-17 15:15:17,243 [INFO] full_path /home/user/mujoco+evo/Mujoco_training_dataset/cache/mujoco_pickplace/videos/chunk-000/observation.images.overhead/episode_000192.mp4
2026-08-17 15:15:17,243 [INFO] full_path /home/user/mujoco+evo/Mujoco_training_dataset/cache/mujoco_pickplace/videos/chunk-000/observation.images.front/episode_000196.mp4
2026-08-17 15:15:17,243 [INFO] full_path /home/user/mujoco+evo/Mujoco_training_dataset/cache/mujoco_pickplace/videos/chunk-000/observation.images.front/episode_000195.mp4
2026-08-17 15:15:17,243 [INFO] full_path /home/user/mujoco+evo/Mujoco_training_dataset/cache/mujoco_pickplace/videos/chunk-000/observation.images.wrist/episode_000192.mp4
2026-08-17 15:15:17,243 [INFO] full_path /home/user/mujoco+evo/Mujoco_training_dataset/cache/mujoco_pickplace/videos/chunk-000/observation.images.overhead/episode_000196.mp4
2026-08-17 15:15:17,243 [INFO] full_path /home/user/mujoco+evo/Mujoco_training_dataset/cache/mujoco_pickplace/videos/chunk-000/observation.images.overhead/episode_000193.mp4
2026-08-17 15:15:17,243 [INFO] full_path /home/user/mujoco+evo/Mujoco_training_dataset/cache/mujoco_pickplace/videos/chunk-000/observation.images.front/episode_000190.mp4
2026-08-17 15:15:17,243 [INFO] full_path /home/user/mujoco+evo/Mujoco_training_dataset/cache/mujoco_pickplace/videos/chunk-000/observation.images.overhead/episode_000195.mp4
2026-08-17 15:15:17,243 [INFO] full_path /home/user/mujoco+evo/Mujoco_training_dataset/cache/mujoco_pickplace/videos/chunk-000/observation.images.wrist/episode_000196.mp4
2026-08-17 15:15:17,243 [INFO] full_path /home/user/mujoco+evo/Mujoco_training_dataset/cache/mujoco_pickplace/videos/chunk-000/observation.images.wrist/episode_000193.mp4
2026-08-17 15:15:17,243 [INFO] full_path /home/user/mujoco+evo/Mujoco_training_dataset/cache/mujoco_pickplace/videos/chunk-000/observation.images.wrist/episode_000195.mp4
2026-08-17 15:15:17,243 [INFO] full_path /home/user/mujoco+evo/Mujoco_training_dataset/cache/mujoco_pickplace/videos/chunk-000/observation.images.overhead/episode_000190.mp4
2026-08-17 15:15:17,243 [INFO] build 34_48.pkl
2026-08-17 15:15:17,243 [INFO] build 8_22.pkl
2026-08-17 15:15:17,243 [INFO] full_path /home/user/mujoco+evo/Mujoco_training_dataset/cache/mujoco_pickplace/videos/chunk-000/observation.images.wrist/episode_000190.mp4
2026-08-17 15:15:17,244 [INFO] full_path /home/user/mujoco+evo/Mujoco_training_dataset/cache/mujoco_pickplace/videos/chunk-000/observation.images.front/episode_000194.mp4
2026-08-17 15:15:17,244 [INFO] full_path /home/user/mujoco+evo/Mujoco_training_dataset/cache/mujoco_pickplace/videos/chunk-000/observation.images.front/episode_000198.mp4
2026-08-17 15:15:17,244 [INFO] full_path /home/user/mujoco+evo/Mujoco_training_dataset/cache/mujoco_pickplace/videos/chunk-000/observation.images.overhead/episode_000198.mp4
2026-08-17 15:15:17,244 [INFO] full_path /home/user/mujoco+evo/Mujoco_training_dataset/cache/mujoco_pickplace/videos/chunk-000/observation.images.overhead/episode_000194.mp4
2026-08-17 15:15:17,244 [INFO] full_path /home/user/mujoco+evo/Mujoco_training_dataset/cache/mujoco_pickplace/videos/chunk-000/observation.images.wrist/episode_000198.mp4
2026-08-17 15:15:17,244 [INFO] full_path /home/user/mujoco+evo/Mujoco_training_dataset/cache/mujoco_pickplace/videos/chunk-000/observation.images.wrist/episode_000194.mp4
2026-08-17 15:15:17,244 [INFO] build 51_65.pkl
2026-08-17 15:15:17,244 [INFO] build 32_46.pkl
2026-08-17 15:15:17,244 [INFO] full_path /home/user/mujoco+evo/Mujoco_training_dataset/cache/mujoco_pickplace/videos/chunk-000/observation.images.front/episode_000195.mp4
2026-08-17 15:15:17,244 [INFO] full_path /home/user/mujoco+evo/Mujoco_training_dataset/cache/mujoco_pickplace/videos/chunk-000/observation.images.overhead/episode_000195.mp4
2026-08-17 15:15:17,244 [INFO] full_path /home/user/mujoco+evo/Mujoco_training_dataset/cache/mujoco_pickplace/videos/chunk-000/observation.images.front/episode_000191.mp4
2026-08-17 15:15:17,244 [INFO] full_path /home/user/mujoco+evo/Mujoco_training_dataset/cache/mujoco_pickplace/videos/chunk-000/observation.images.wrist/episode_000195.mp4
2026-08-17 15:15:17,244 [INFO] full_path /home/user/mujoco+evo/Mujoco_training_dataset/cache/mujoco_pickplace/videos/chunk-000/observation.images.overhead/episode_000191.mp4
2026-08-17 15:15:17,244 [INFO] full_path /home/user/mujoco+evo/Mujoco_training_dataset/cache/mujoco_pickplace/videos/chunk-000/observation.images.wrist/episode_000191.mp4
2026-08-17 15:15:17,244 [INFO] build 42_56.pkl
2026-08-17 15:15:17,244 [INFO] build 6_20.pkl
2026-08-17 15:15:17,244 [INFO] build 12_26.pkl
2026-08-17 15:15:17,244 [INFO] build 53_67.pkl
2026-08-17 15:15:17,245 [INFO] full_path /home/user/mujoco+evo/Mujoco_training_dataset/cache/mujoco_pickplace/videos/chunk-000/observation.images.front/episode_000192.mp4
2026-08-17 15:15:17,245 [INFO] build 4_18.pkl
2026-08-17 15:15:17,245 [INFO] full_path /home/user/mujoco+evo/Mujoco_training_dataset/cache/mujoco_pickplace/videos/chunk-000/observation.images.overhead/episode_000192.mp4
2026-08-17 15:15:17,245 [INFO] full_path /home/user/mujoco+evo/Mujoco_training_dataset/cache/mujoco_pickplace/videos/chunk-000/observation.images.front/episode_000199.mp4
2026-08-17 15:15:17,245 [INFO] full_path /home/user/mujoco+evo/Mujoco_training_dataset/cache/mujoco_pickplace/videos/chunk-000/observation.images.front/episode_000196.mp4
2026-08-17 15:15:17,245 [INFO] full_path /home/user/mujoco+evo/Mujoco_training_dataset/cache/mujoco_pickplace/videos/chunk-000/observation.images.wrist/episode_000192.mp4
2026-08-17 15:15:17,245 [INFO] full_path /home/user/mujoco+evo/Mujoco_training_dataset/cache/mujoco_pickplace/videos/chunk-000/observation.images.front/episode_000193.mp4
2026-08-17 15:15:17,245 [INFO] full_path /home/user/mujoco+evo/Mujoco_training_dataset/cache/mujoco_pickplace/videos/chunk-000/observation.images.front/episode_000190.mp4
2026-08-17 15:15:17,245 [INFO] build 9_23.pkl
2026-08-17 15:15:17,245 [INFO] build 35_49.pkl
2026-08-17 15:15:17,245 [INFO] full_path /home/user/mujoco+evo/Mujoco_training_dataset/cache/mujoco_pickplace/videos/chunk-000/observation.images.overhead/episode_000196.mp4
2026-08-17 15:15:17,245 [INFO] build 52_66.pkl
2026-08-17 15:15:17,245 [INFO] full_path /home/user/mujoco+evo/Mujoco_training_dataset/cache/mujoco_pickplace/videos/chunk-000/observation.images.overhead/episode_000193.mp4
2026-08-17 15:15:17,245 [INFO] full_path /home/user/mujoco+evo/Mujoco_training_dataset/cache/mujoco_pickplace/videos/chunk-000/observation.images.overhead/episode_000190.mp4
2026-08-17 15:15:17,245 [INFO] full_path /home/user/mujoco+evo/Mujoco_training_dataset/cache/mujoco_pickplace/videos/chunk-000/observation.images.overhead/episode_000199.mp4
2026-08-17 15:15:17,245 [INFO] full_path /home/user/mujoco+evo/Mujoco_training_dataset/cache/mujoco_pickplace/videos/chunk-000/observation.images.front/episode_000194.mp4
2026-08-17 15:15:17,245 [INFO] full_path /home/user/mujoco+evo/Mujoco_training_dataset/cache/mujoco_pickplace/videos/chunk-000/observation.images.front/episode_000198.mp4
2026-08-17 15:15:17,245 [INFO] full_path /home/user/mujoco+evo/Mujoco_training_dataset/cache/mujoco_pickplace/videos/chunk-000/observation.images.wrist/episode_000193.mp4
2026-08-17 15:15:17,245 [INFO] full_path /home/user/mujoco+evo/Mujoco_training_dataset/cache/mujoco_pickplace/videos/chunk-000/observation.images.wrist/episode_000196.mp4
2026-08-17 15:15:17,245 [INFO] full_path /home/user/mujoco+evo/Mujoco_training_dataset/cache/mujoco_pickplace/videos/chunk-000/observation.images.front/episode_000195.mp4
2026-08-17 15:15:17,245 [INFO] full_path /home/user/mujoco+evo/Mujoco_training_dataset/cache/mujoco_pickplace/videos/chunk-000/observation.images.overhead/episode_000198.mp4
2026-08-17 15:15:17,245 [INFO] build 33_47.pkl
2026-08-17 15:15:17,245 [INFO] full_path /home/user/mujoco+evo/Mujoco_training_dataset/cache/mujoco_pickplace/videos/chunk-000/observation.images.wrist/episode_000199.mp4
2026-08-17 15:15:17,245 [INFO] full_path /home/user/mujoco+evo/Mujoco_training_dataset/cache/mujoco_pickplace/videos/chunk-000/observation.images.overhead/episode_000194.mp4
2026-08-17 15:15:17,245 [INFO] full_path /home/user/mujoco+evo/Mujoco_training_dataset/cache/mujoco_pickplace/videos/chunk-000/observation.images.wrist/episode_000190.mp4
2026-08-17 15:15:17,245 [INFO] full_path /home/user/mujoco+evo/Mujoco_training_dataset/cache/mujoco_pickplace/videos/chunk-000/observation.images.overhead/episode_000195.mp4
2026-08-17 15:15:17,245 [INFO] full_path /home/user/mujoco+evo/Mujoco_training_dataset/cache/mujoco_pickplace/videos/chunk-000/observation.images.wrist/episode_000198.mp4
2026-08-17 15:15:17,245 [INFO] full_path /home/user/mujoco+evo/Mujoco_training_dataset/cache/mujoco_pickplace/videos/chunk-000/observation.images.wrist/episode_000195.mp4
2026-08-17 15:15:17,245 [INFO] full_path /home/user/mujoco+evo/Mujoco_training_dataset/cache/mujoco_pickplace/videos/chunk-000/observation.images.wrist/episode_000194.mp4
2026-08-17 15:15:17,245 [INFO] full_path /home/user/mujoco+evo/Mujoco_training_dataset/cache/mujoco_pickplace/videos/chunk-000/observation.images.front/episode_000191.mp4
2026-08-17 15:15:17,246 [INFO] full_path /home/user/mujoco+evo/Mujoco_training_dataset/cache/mujoco_pickplace/videos/chunk-000/observation.images.overhead/episode_000191.mp4
2026-08-17 15:15:17,246 [INFO] build 43_57.pkl
2026-08-17 15:15:17,246 [INFO] full_path /home/user/mujoco+evo/Mujoco_training_dataset/cache/mujoco_pickplace/videos/chunk-000/observation.images.wrist/episode_000191.mp4
2026-08-17 15:15:17,246 [INFO] full_path /home/user/mujoco+evo/Mujoco_training_dataset/cache/mujoco_pickplace/videos/chunk-000/observation.images.front/episode_000192.mp4
2026-08-17 15:15:17,246 [INFO] full_path /home/user/mujoco+evo/Mujoco_training_dataset/cache/mujoco_pickplace/videos/chunk-000/observation.images.overhead/episode_000192.mp4
2026-08-17 15:15:17,246 [INFO] full_path /home/user/mujoco+evo/Mujoco_training_dataset/cache/mujoco_pickplace/videos/chunk-000/observation.images.wrist/episode_000192.mp4
2026-08-17 15:15:17,246 [INFO] build 34_48.pkl
2026-08-17 15:15:17,246 [INFO] build 53_67.pkl
2026-08-17 15:15:17,246 [INFO] build 10_24.pkl
2026-08-17 15:15:17,246 [INFO] build 5_19.pkl
2026-08-17 15:15:17,246 [INFO] build 7_21.pkl
2026-08-17 15:15:17,246 [INFO] full_path /home/user/mujoco+evo/Mujoco_training_dataset/cache/mujoco_pickplace/videos/chunk-000/observation.images.front/episode_000191.mp4
2026-08-17 15:15:17,246 [INFO] build 13_27.pkl
2026-08-17 15:15:17,246 [INFO] build 54_68.pkl
2026-08-17 15:15:17,247 [INFO] build 44_58.pkl
2026-08-17 15:15:17,247 [INFO] full_path /home/user/mujoco+evo/Mujoco_training_dataset/cache/mujoco_pickplace/videos/chunk-000/observation.images.overhead/episode_000191.mp4
2026-08-17 15:15:17,247 [INFO] full_path /home/user/mujoco+evo/Mujoco_training_dataset/cache/mujoco_pickplace/videos/chunk-000/observation.images.front/episode_000195.mp4
2026-08-17 15:15:17,247 [INFO] full_path /home/user/mujoco+evo/Mujoco_training_dataset/cache/mujoco_pickplace/videos/chunk-000/observation.images.front/episode_000198.mp4
2026-08-17 15:15:17,247 [INFO] build 36_50.pkl
2026-08-17 15:15:17,247 [INFO] full_path /home/user/mujoco+evo/Mujoco_training_dataset/cache/mujoco_pickplace/videos/chunk-000/observation.images.front/episode_000196.mp4
2026-08-17 15:15:17,247 [INFO] full_path /home/user/mujoco+evo/Mujoco_training_dataset/cache/mujoco_pickplace/videos/chunk-000/observation.images.front/episode_000193.mp4
2026-08-17 15:15:17,247 [INFO] full_path /home/user/mujoco+evo/Mujoco_training_dataset/cache/mujoco_pickplace/videos/chunk-000/observation.images.wrist/episode_000191.mp4
2026-08-17 15:15:17,247 [INFO] full_path /home/user/mujoco+evo/Mujoco_training_dataset/cache/mujoco_pickplace/videos/chunk-000/observation.images.front/episode_000190.mp4
2026-08-17 15:15:17,247 [INFO] full_path /home/user/mujoco+evo/Mujoco_training_dataset/cache/mujoco_pickplace/videos/chunk-000/observation.images.overhead/episode_000195.mp4
2026-08-17 15:15:17,247 [INFO] full_path /home/user/mujoco+evo/Mujoco_training_dataset/cache/mujoco_pickplace/videos/chunk-000/observation.images.overhead/episode_000198.mp4
2026-08-17 15:15:17,247 [INFO] full_path /home/user/mujoco+evo/Mujoco_training_dataset/cache/mujoco_pickplace/videos/chunk-000/observation.images.front/episode_000192.mp4
2026-08-17 15:15:17,247 [INFO] full_path /home/user/mujoco+evo/Mujoco_training_dataset/cache/mujoco_pickplace/videos/chunk-000/observation.images.overhead/episode_000192.mp4
2026-08-17 15:15:17,247 [INFO] full_path /home/user/mujoco+evo/Mujoco_training_dataset/cache/mujoco_pickplace/videos/chunk-000/observation.images.front/episode_000194.mp4
2026-08-17 15:15:17,247 [INFO] full_path /home/user/mujoco+evo/Mujoco_training_dataset/cache/mujoco_pickplace/videos/chunk-000/observation.images.wrist/episode_000195.mp4
2026-08-17 15:15:17,247 [INFO] full_path /home/user/mujoco+evo/Mujoco_training_dataset/cache/mujoco_pickplace/videos/chunk-000/observation.images.wrist/episode_000198.mp4
2026-08-17 15:15:17,247 [INFO] full_path /home/user/mujoco+evo/Mujoco_training_dataset/cache/mujoco_pickplace/videos/chunk-000/observation.images.front/episode_000199.mp4
2026-08-17 15:15:17,247 [INFO] full_path /home/user/mujoco+evo/Mujoco_training_dataset/cache/mujoco_pickplace/videos/chunk-000/observation.images.overhead/episode_000193.mp4
2026-08-17 15:15:17,247 [INFO] full_path /home/user/mujoco+evo/Mujoco_training_dataset/cache/mujoco_pickplace/videos/chunk-000/observation.images.overhead/episode_000190.mp4
2026-08-17 15:15:17,247 [INFO] full_path /home/user/mujoco+evo/Mujoco_training_dataset/cache/mujoco_pickplace/videos/chunk-000/observation.images.overhead/episode_000196.mp4
2026-08-17 15:15:17,247 [INFO] full_path /home/user/mujoco+evo/Mujoco_training_dataset/cache/mujoco_pickplace/videos/chunk-000/observation.images.wrist/episode_000192.mp4
2026-08-17 15:15:17,247 [INFO] full_path /home/user/mujoco+evo/Mujoco_training_dataset/cache/mujoco_pickplace/videos/chunk-000/observation.images.overhead/episode_000194.mp4
2026-08-17 15:15:17,247 [INFO] full_path /home/user/mujoco+evo/Mujoco_training_dataset/cache/mujoco_pickplace/videos/chunk-000/observation.images.overhead/episode_000199.mp4
2026-08-17 15:15:17,247 [INFO] full_path /home/user/mujoco+evo/Mujoco_training_dataset/cache/mujoco_pickplace/videos/chunk-000/observation.images.wrist/episode_000190.mp4
2026-08-17 15:15:17,247 [INFO] full_path /home/user/mujoco+evo/Mujoco_training_dataset/cache/mujoco_pickplace/videos/chunk-000/observation.images.wrist/episode_000196.mp4
2026-08-17 15:15:17,247 [INFO] full_path /home/user/mujoco+evo/Mujoco_training_dataset/cache/mujoco_pickplace/videos/chunk-000/observation.images.wrist/episode_000193.mp4
2026-08-17 15:15:17,247 [INFO] full_path /home/user/mujoco+evo/Mujoco_training_dataset/cache/mujoco_pickplace/videos/chunk-000/observation.images.wrist/episode_000194.mp4
2026-08-17 15:15:17,247 [INFO] full_path /home/user/mujoco+evo/Mujoco_training_dataset/cache/mujoco_pickplace/videos/chunk-000/observation.images.wrist/episode_000199.mp4
2026-08-17 15:15:17,247 [INFO] build 45_59.pkl
2026-08-17 15:15:17,247 [INFO] build 35_49.pkl
2026-08-17 15:15:17,247 [INFO] full_path /home/user/mujoco+evo/Mujoco_training_dataset/cache/mujoco_pickplace/videos/chunk-000/observation.images.front/episode_000192.mp4
2026-08-17 15:15:17,247 [INFO] full_path /home/user/mujoco+evo/Mujoco_training_dataset/cache/mujoco_pickplace/videos/chunk-000/observation.images.overhead/episode_000192.mp4
2026-08-17 15:15:17,248 [INFO] full_path /home/user/mujoco+evo/Mujoco_training_dataset/cache/mujoco_pickplace/videos/chunk-000/observation.images.front/episode_000191.mp4
2026-08-17 15:15:17,248 [INFO] full_path /home/user/mujoco+evo/Mujoco_training_dataset/cache/mujoco_pickplace/videos/chunk-000/observation.images.wrist/episode_000192.mp4
2026-08-17 15:15:17,248 [INFO] full_path /home/user/mujoco+evo/Mujoco_training_dataset/cache/mujoco_pickplace/videos/chunk-000/observation.images.overhead/episode_000191.mp4
2026-08-17 15:15:17,248 [INFO] build 11_25.pkl
2026-08-17 15:15:17,248 [INFO] build 54_68.pkl
2026-08-17 15:15:17,248 [INFO] full_path /home/user/mujoco+evo/Mujoco_training_dataset/cache/mujoco_pickplace/videos/chunk-000/observation.images.wrist/episode_000191.mp4
2026-08-17 15:15:17,248 [INFO] build 14_28.pkl
2026-08-17 15:15:17,248 [INFO] full_path /home/user/mujoco+evo/Mujoco_training_dataset/cache/mujoco_pickplace/videos/chunk-000/observation.images.front/episode_000195.mp4
2026-08-17 15:15:17,248 [INFO] full_path /home/user/mujoco+evo/Mujoco_training_dataset/cache/mujoco_pickplace/videos/chunk-000/observation.images.front/episode_000198.mp4
2026-08-17 15:15:17,248 [INFO] full_path /home/user/mujoco+evo/Mujoco_training_dataset/cache/mujoco_pickplace/videos/chunk-000/observation.images.front/episode_000193.mp4
2026-08-17 15:15:17,248 [INFO] build 58_72.pkl
2026-08-17 15:15:17,248 [INFO] full_path /home/user/mujoco+evo/Mujoco_training_dataset/cache/mujoco_pickplace/videos/chunk-000/observation.images.overhead/episode_000193.mp4
2026-08-17 15:15:17,248 [INFO] full_path /home/user/mujoco+evo/Mujoco_training_dataset/cache/mujoco_pickplace/videos/chunk-000/observation.images.overhead/episode_000198.mp4
2026-08-17 15:15:17,248 [INFO] full_path /home/user/mujoco+evo/Mujoco_training_dataset/cache/mujoco_pickplace/videos/chunk-000/observation.images.overhead/episode_000195.mp4
2026-08-17 15:15:17,248 [INFO] full_path /home/user/mujoco+evo/Mujoco_training_dataset/cache/mujoco_pickplace/videos/chunk-000/observation.images.wrist/episode_000193.mp4
2026-08-17 15:15:17,248 [INFO] full_path /home/user/mujoco+evo/Mujoco_training_dataset/cache/mujoco_pickplace/videos/chunk-000/observation.images.wrist/episode_000198.mp4
2026-08-17 15:15:17,248 [INFO] build 6_20.pkl
2026-08-17 15:15:17,248 [INFO] full_path /home/user/mujoco+evo/Mujoco_training_dataset/cache/mujoco_pickplace/videos/chunk-000/observation.images.wrist/episode_000195.mp4
2026-08-17 15:15:17,248 [INFO] build 37_51.pkl
2026-08-17 15:15:17,248 [INFO] full_path /home/user/mujoco+evo/Mujoco_training_dataset/cache/mujoco_pickplace/videos/chunk-000/observation.images.front/episode_000094.mp4
2026-08-17 15:15:17,248 [INFO] build 8_22.pkl
2026-08-17 15:15:17,248 [INFO] full_path /home/user/mujoco+evo/Mujoco_training_dataset/cache/mujoco_pickplace/videos/chunk-000/observation.images.front/episode_000194.mp4
2026-08-17 15:15:17,248 [INFO] full_path /home/user/mujoco+evo/Mujoco_training_dataset/cache/mujoco_pickplace/videos/chunk-000/observation.images.front/episode_000190.mp4
2026-08-17 15:15:17,248 [INFO] build 55_69.pkl
2026-08-17 15:15:17,248 [INFO] full_path /home/user/mujoco+evo/Mujoco_training_dataset/cache/mujoco_pickplace/videos/chunk-000/observation.images.overhead/episode_000094.mp4
2026-08-17 15:15:17,248 [INFO] build 46_60.pkl
2026-08-17 15:15:17,248 [INFO] full_path /home/user/mujoco+evo/Mujoco_training_dataset/cache/mujoco_pickplace/videos/chunk-000/observation.images.front/episode_000196.mp4
2026-08-17 15:15:17,248 [INFO] full_path /home/user/mujoco+evo/Mujoco_training_dataset/cache/mujoco_pickplace/videos/chunk-000/observation.images.overhead/episode_000190.mp4
2026-08-17 15:15:17,248 [INFO] full_path /home/user/mujoco+evo/Mujoco_training_dataset/cache/mujoco_pickplace/videos/chunk-000/observation.images.overhead/episode_000194.mp4
2026-08-17 15:15:17,248 [INFO] full_path /home/user/mujoco+evo/Mujoco_training_dataset/cache/mujoco_pickplace/videos/chunk-000/observation.images.wrist/episode_000094.mp4
2026-08-17 15:15:17,248 [INFO] full_path /home/user/mujoco+evo/Mujoco_training_dataset/cache/mujoco_pickplace/videos/chunk-000/observation.images.front/episode_000192.mp4
2026-08-17 15:15:17,248 [INFO] build 36_50.pkl
2026-08-17 15:15:17,248 [INFO] full_path /home/user/mujoco+evo/Mujoco_training_dataset/cache/mujoco_pickplace/videos/chunk-000/observation.images.wrist/episode_000190.mp4
2026-08-17 15:15:17,248 [INFO] full_path /home/user/mujoco+evo/Mujoco_training_dataset/cache/mujoco_pickplace/videos/chunk-000/observation.images.overhead/episode_000196.mp4
2026-08-17 15:15:17,248 [INFO] full_path /home/user/mujoco+evo/Mujoco_training_dataset/cache/mujoco_pickplace/videos/chunk-000/observation.images.front/episode_000199.mp4
2026-08-17 15:15:17,248 [INFO] full_path /home/user/mujoco+evo/Mujoco_training_dataset/cache/mujoco_pickplace/videos/chunk-000/observation.images.wrist/episode_000194.mp4
2026-08-17 15:15:17,248 [INFO] full_path /home/user/mujoco+evo/Mujoco_training_dataset/cache/mujoco_pickplace/videos/chunk-000/observation.images.overhead/episode_000192.mp4
2026-08-17 15:15:17,248 [INFO] full_path /home/user/mujoco+evo/Mujoco_training_dataset/cache/mujoco_pickplace/videos/chunk-000/observation.images.front/episode_000191.mp4
2026-08-17 15:15:17,248 [INFO] full_path /home/user/mujoco+evo/Mujoco_training_dataset/cache/mujoco_pickplace/videos/chunk-000/observation.images.wrist/episode_000196.mp4
2026-08-17 15:15:17,248 [INFO] full_path /home/user/mujoco+evo/Mujoco_training_dataset/cache/mujoco_pickplace/videos/chunk-000/observation.images.wrist/episode_000192.mp4
2026-08-17 15:15:17,248 [INFO] build 15_29.pkl
2026-08-17 15:15:17,248 [INFO] full_path /home/user/mujoco+evo/Mujoco_training_dataset/cache/mujoco_pickplace/videos/chunk-000/observation.images.overhead/episode_000191.mp4
2026-08-17 15:15:17,249 [INFO] full_path /home/user/mujoco+evo/Mujoco_training_dataset/cache/mujoco_pickplace/videos/chunk-000/observation.images.overhead/episode_000199.mp4
2026-08-17 15:15:17,249 [INFO] full_path /home/user/mujoco+evo/Mujoco_training_dataset/cache/mujoco_pickplace/videos/chunk-000/observation.images.wrist/episode_000191.mp4
2026-08-17 15:15:17,249 [INFO] full_path /home/user/mujoco+evo/Mujoco_training_dataset/cache/mujoco_pickplace/videos/chunk-000/observation.images.front/episode_000193.mp4
2026-08-17 15:15:17,249 [INFO] full_path /home/user/mujoco+evo/Mujoco_training_dataset/cache/mujoco_pickplace/videos/chunk-000/observation.images.wrist/episode_000199.mp4
2026-08-17 15:15:17,249 [INFO] full_path /home/user/mujoco+evo/Mujoco_training_dataset/cache/mujoco_pickplace/videos/chunk-000/observation.images.overhead/episode_000193.mp4
2026-08-17 15:15:17,249 [INFO] full_path /home/user/mujoco+evo/Mujoco_training_dataset/cache/mujoco_pickplace/videos/chunk-000/observation.images.wrist/episode_000193.mp4
2026-08-17 15:15:17,249 [INFO] build 55_69.pkl
2026-08-17 15:15:17,249 [INFO] build 12_26.pkl
2026-08-17 15:15:17,249 [INFO] full_path /home/user/mujoco+evo/Mujoco_training_dataset/cache/mujoco_pickplace/videos/chunk-000/observation.images.front/episode_000198.mp4
2026-08-17 15:15:17,249 [INFO] full_path /home/user/mujoco+evo/Mujoco_training_dataset/cache/mujoco_pickplace/videos/chunk-000/observation.images.front/episode_000195.mp4
2026-08-17 15:15:17,249 [INFO] build 47_61.pkl
2026-08-17 15:15:17,249 [INFO] build 7_21.pkl
2026-08-17 15:15:17,249 [INFO] full_path /home/user/mujoco+evo/Mujoco_training_dataset/cache/mujoco_pickplace/videos/chunk-000/observation.images.overhead/episode_000195.mp4
2026-08-17 15:15:17,249 [INFO] full_path /home/user/mujoco+evo/Mujoco_training_dataset/cache/mujoco_pickplace/videos/chunk-000/observation.images.overhead/episode_000198.mp4
2026-08-17 15:15:17,249 [INFO] build 37_51.pkl
2026-08-17 15:15:17,249 [INFO] full_path /home/user/mujoco+evo/Mujoco_training_dataset/cache/mujoco_pickplace/videos/chunk-000/observation.images.front/episode_000192.mp4
2026-08-17 15:15:17,249 [INFO] full_path /home/user/mujoco+evo/Mujoco_training_dataset/cache/mujoco_pickplace/videos/chunk-000/observation.images.front/episode_000190.mp4
2026-08-17 15:15:17,249 [INFO] full_path /home/user/mujoco+evo/Mujoco_training_dataset/cache/mujoco_pickplace/videos/chunk-000/observation.images.wrist/episode_000198.mp4
2026-08-17 15:15:17,249 [INFO] full_path /home/user/mujoco+evo/Mujoco_training_dataset/cache/mujoco_pickplace/videos/chunk-000/observation.images.wrist/episode_000195.mp4
2026-08-17 15:15:17,249 [INFO] full_path /home/user/mujoco+evo/Mujoco_training_dataset/cache/mujoco_pickplace/videos/chunk-000/observation.images.front/episode_000191.mp4
2026-08-17 15:15:17,249 [INFO] build 16_30.pkl
2026-08-17 15:15:17,249 [INFO] build 56_70.pkl
2026-08-17 15:15:17,249 [INFO] full_path /home/user/mujoco+evo/Mujoco_training_dataset/cache/mujoco_pickplace/videos/chunk-000/observation.images.overhead/episode_000192.mp4
2026-08-17 15:15:17,249 [INFO] full_path /home/user/mujoco+evo/Mujoco_training_dataset/cache/mujoco_pickplace/videos/chunk-000/observation.images.overhead/episode_000191.mp4
2026-08-17 15:15:17,249 [INFO] full_path /home/user/mujoco+evo/Mujoco_training_dataset/cache/mujoco_pickplace/videos/chunk-000/observation.images.overhead/episode_000190.mp4
2026-08-17 15:15:17,249 [INFO] full_path /home/user/mujoco+evo/Mujoco_training_dataset/cache/mujoco_pickplace/videos/chunk-000/observation.images.wrist/episode_000190.mp4
2026-08-17 15:15:17,249 [INFO] full_path /home/user/mujoco+evo/Mujoco_training_dataset/cache/mujoco_pickplace/videos/chunk-000/observation.images.wrist/episode_000191.mp4
2026-08-17 15:15:17,249 [INFO] full_path /home/user/mujoco+evo/Mujoco_training_dataset/cache/mujoco_pickplace/videos/chunk-000/observation.images.wrist/episode_000192.mp4
2026-08-17 15:15:17,249 [INFO] full_path /home/user/mujoco+evo/Mujoco_training_dataset/cache/mujoco_pickplace/videos/chunk-000/observation.images.front/episode_000193.mp4
2026-08-17 15:15:17,249 [INFO] full_path /home/user/mujoco+evo/Mujoco_training_dataset/cache/mujoco_pickplace/videos/chunk-000/observation.images.front/episode_000199.mp4
2026-08-17 15:15:17,249 [INFO] full_path /home/user/mujoco+evo/Mujoco_training_dataset/cache/mujoco_pickplace/videos/chunk-000/observation.images.overhead/episode_000193.mp4
2026-08-17 15:15:17,250 [INFO] full_path /home/user/mujoco+evo/Mujoco_training_dataset/cache/mujoco_pickplace/videos/chunk-000/observation.images.wrist/episode_000193.mp4
2026-08-17 15:15:17,250 [INFO] build 9_23.pkl
2026-08-17 15:15:17,250 [INFO] full_path /home/user/mujoco+evo/Mujoco_training_dataset/cache/mujoco_pickplace/videos/chunk-000/observation.images.overhead/episode_000199.mp4
2026-08-17 15:15:17,250 [INFO] build 38_52.pkl
2026-08-17 15:15:17,250 [INFO] full_path /home/user/mujoco+evo/Mujoco_training_dataset/cache/mujoco_pickplace/videos/chunk-000/observation.images.wrist/episode_000199.mp4
2026-08-17 15:15:17,250 [INFO] full_path /home/user/mujoco+evo/Mujoco_training_dataset/cache/mujoco_pickplace/videos/chunk-000/observation.images.front/episode_000196.mp4
2026-08-17 15:15:17,250 [INFO] full_path /home/user/mujoco+evo/Mujoco_training_dataset/cache/mujoco_pickplace/videos/chunk-000/observation.images.front/episode_000194.mp4
2026-08-17 15:15:17,250 [INFO] full_path /home/user/mujoco+evo/Mujoco_training_dataset/cache/mujoco_pickplace/videos/chunk-000/observation.images.overhead/episode_000196.mp4
2026-08-17 15:15:17,250 [INFO] full_path /home/user/mujoco+evo/Mujoco_training_dataset/cache/mujoco_pickplace/videos/chunk-000/observation.images.overhead/episode_000194.mp4
2026-08-17 15:15:17,250 [INFO] full_path /home/user/mujoco+evo/Mujoco_training_dataset/cache/mujoco_pickplace/videos/chunk-000/observation.images.wrist/episode_000196.mp4
2026-08-17 15:15:17,250 [INFO] build 38_52.pkl
2026-08-17 15:15:17,250 [INFO] full_path /home/user/mujoco+evo/Mujoco_training_dataset/cache/mujoco_pickplace/videos/chunk-000/observation.images.wrist/episode_000194.mp4
2026-08-17 15:15:17,250 [INFO] build 17_31.pkl
2026-08-17 15:15:17,250 [INFO] build 48_62.pkl
2026-08-17 15:15:17,250 [INFO] build 8_22.pkl
2026-08-17 15:15:17,250 [INFO] full_path /home/user/mujoco+evo/Mujoco_training_dataset/cache/mujoco_pickplace/videos/chunk-000/observation.images.front/episode_000191.mp4
2026-08-17 15:15:17,250 [INFO] full_path /home/user/mujoco+evo/Mujoco_training_dataset/cache/mujoco_pickplace/videos/chunk-000/observation.images.front/episode_000193.mp4
2026-08-17 15:15:17,250 [INFO] full_path /home/user/mujoco+evo/Mujoco_training_dataset/cache/mujoco_pickplace/videos/chunk-000/observation.images.overhead/episode_000191.mp4
2026-08-17 15:15:17,250 [INFO] full_path /home/user/mujoco+evo/Mujoco_training_dataset/cache/mujoco_pickplace/videos/chunk-000/observation.images.front/episode_000192.mp4
2026-08-17 15:15:17,250 [INFO] build 13_27.pkl
2026-08-17 15:15:17,250 [INFO] full_path /home/user/mujoco+evo/Mujoco_training_dataset/cache/mujoco_pickplace/videos/chunk-000/observation.images.wrist/episode_000191.mp4
2026-08-17 15:15:17,250 [INFO] full_path /home/user/mujoco+evo/Mujoco_training_dataset/cache/mujoco_pickplace/videos/chunk-000/observation.images.overhead/episode_000193.mp4
2026-08-17 15:15:17,250 [INFO] build 56_70.pkl
2026-08-17 15:15:17,250 [INFO] full_path /home/user/mujoco+evo/Mujoco_training_dataset/cache/mujoco_pickplace/videos/chunk-000/observation.images.front/episode_000190.mp4
2026-08-17 15:15:17,250 [INFO] full_path /home/user/mujoco+evo/Mujoco_training_dataset/cache/mujoco_pickplace/videos/chunk-000/observation.images.overhead/episode_000192.mp4
2026-08-17 15:15:17,250 [INFO] build 57_71.pkl
2026-08-17 15:15:17,250 [INFO] full_path /home/user/mujoco+evo/Mujoco_training_dataset/cache/mujoco_pickplace/videos/chunk-000/observation.images.wrist/episode_000193.mp4
2026-08-17 15:15:17,250 [INFO] full_path /home/user/mujoco+evo/Mujoco_training_dataset/cache/mujoco_pickplace/videos/chunk-000/observation.images.wrist/episode_000192.mp4
2026-08-17 15:15:17,250 [INFO] full_path /home/user/mujoco+evo/Mujoco_training_dataset/cache/mujoco_pickplace/videos/chunk-000/observation.images.overhead/episode_000190.mp4
2026-08-17 15:15:17,250 [INFO] full_path /home/user/mujoco+evo/Mujoco_training_dataset/cache/mujoco_pickplace/videos/chunk-000/observation.images.front/episode_000198.mp4
2026-08-17 15:15:17,250 [INFO] full_path /home/user/mujoco+evo/Mujoco_training_dataset/cache/mujoco_pickplace/videos/chunk-000/observation.images.front/episode_000195.mp4
2026-08-17 15:15:17,250 [INFO] full_path /home/user/mujoco+evo/Mujoco_training_dataset/cache/mujoco_pickplace/videos/chunk-000/observation.images.front/episode_000199.mp4
2026-08-17 15:15:17,250 [INFO] full_path /home/user/mujoco+evo/Mujoco_training_dataset/cache/mujoco_pickplace/videos/chunk-000/observation.images.overhead/episode_000198.mp4
2026-08-17 15:15:17,250 [INFO] full_path /home/user/mujoco+evo/Mujoco_training_dataset/cache/mujoco_pickplace/videos/chunk-000/observation.images.wrist/episode_000190.mp4
2026-08-17 15:15:17,250 [INFO] full_path /home/user/mujoco+evo/Mujoco_training_dataset/cache/mujoco_pickplace/videos/chunk-000/observation.images.overhead/episode_000199.mp4
2026-08-17 15:15:17,250 [INFO] full_path /home/user/mujoco+evo/Mujoco_training_dataset/cache/mujoco_pickplace/videos/chunk-000/observation.images.overhead/episode_000195.mp4
2026-08-17 15:15:17,251 [INFO] full_path /home/user/mujoco+evo/Mujoco_training_dataset/cache/mujoco_pickplace/videos/chunk-000/observation.images.wrist/episode_000199.mp4
2026-08-17 15:15:17,251 [INFO] full_path /home/user/mujoco+evo/Mujoco_training_dataset/cache/mujoco_pickplace/videos/chunk-000/observation.images.wrist/episode_000198.mp4
2026-08-17 15:15:17,251 [INFO] full_path /home/user/mujoco+evo/Mujoco_training_dataset/cache/mujoco_pickplace/videos/chunk-000/observation.images.wrist/episode_000195.mp4
2026-08-17 15:15:17,251 [INFO] build 18_32.pkl
2026-08-17 15:15:17,251 [INFO] full_path /home/user/mujoco+evo/Mujoco_training_dataset/cache/mujoco_pickplace/videos/chunk-000/observation.images.front/episode_000193.mp4
2026-08-17 15:15:17,251 [INFO] full_path /home/user/mujoco+evo/Mujoco_training_dataset/cache/mujoco_pickplace/videos/chunk-000/observation.images.overhead/episode_000193.mp4
2026-08-17 15:15:17,251 [INFO] build 39_53.pkl
2026-08-17 15:15:17,251 [INFO] full_path /home/user/mujoco+evo/Mujoco_training_dataset/cache/mujoco_pickplace/videos/chunk-000/observation.images.wrist/episode_000193.mp4
2026-08-17 15:15:17,251 [INFO] build 39_53.pkl
2026-08-17 15:15:17,251 [INFO] build 10_24.pkl
2026-08-17 15:15:17,251 [INFO] full_path /home/user/mujoco+evo/Mujoco_training_dataset/cache/mujoco_pickplace/videos/chunk-000/observation.images.front/episode_000191.mp4
2026-08-17 15:15:17,251 [INFO] build 58_72.pkl
2026-08-17 15:15:17,251 [INFO] full_path /home/user/mujoco+evo/Mujoco_training_dataset/cache/mujoco_pickplace/videos/chunk-000/observation.images.overhead/episode_000191.mp4
2026-08-17 15:15:17,251 [INFO] full_path /home/user/mujoco+evo/Mujoco_training_dataset/cache/mujoco_pickplace/videos/chunk-000/observation.images.wrist/episode_000191.mp4
2026-08-17 15:15:17,251 [INFO] full_path /home/user/mujoco+evo/Mujoco_training_dataset/cache/mujoco_pickplace/videos/chunk-000/observation.images.front/episode_000196.mp4
2026-08-17 15:15:17,251 [INFO] full_path /home/user/mujoco+evo/Mujoco_training_dataset/cache/mujoco_pickplace/videos/chunk-000/observation.images.front/episode_000199.mp4
2026-08-17 15:15:17,251 [INFO] full_path /home/user/mujoco+evo/Mujoco_training_dataset/cache/mujoco_pickplace/videos/chunk-000/observation.images.front/episode_000194.mp4
2026-08-17 15:15:17,251 [INFO] build 9_23.pkl
2026-08-17 15:15:17,252 [INFO] full_path /home/user/mujoco+evo/Mujoco_training_dataset/cache/mujoco_pickplace/videos/chunk-000/observation.images.overhead/episode_000199.mp4
2026-08-17 15:15:17,252 [INFO] build 57_71.pkl
2026-08-17 15:15:17,252 [INFO] build 14_28.pkl
2026-08-17 15:15:17,252 [INFO] full_path /home/user/mujoco+evo/Mujoco_training_dataset/cache/mujoco_pickplace/videos/chunk-000/observation.images.overhead/episode_000196.mp4
2026-08-17 15:15:17,252 [INFO] full_path /home/user/mujoco+evo/Mujoco_training_dataset/cache/mujoco_pickplace/videos/chunk-000/observation.images.wrist/episode_000199.mp4
2026-08-17 15:15:17,252 [INFO] full_path /home/user/mujoco+evo/Mujoco_training_dataset/cache/mujoco_pickplace/videos/chunk-000/observation.images.overhead/episode_000194.mp4
2026-08-17 15:15:17,252 [INFO] full_path /home/user/mujoco+evo/Mujoco_training_dataset/cache/mujoco_pickplace/videos/chunk-000/observation.images.wrist/episode_000196.mp4
2026-08-17 15:15:17,252 [INFO] full_path /home/user/mujoco+evo/Mujoco_training_dataset/cache/mujoco_pickplace/videos/chunk-000/observation.images.front/episode_000190.mp4
2026-08-17 15:15:17,252 [INFO] full_path /home/user/mujoco+evo/Mujoco_training_dataset/cache/mujoco_pickplace/videos/chunk-000/observation.images.front/episode_000195.mp4
2026-08-17 15:15:17,252 [INFO] full_path /home/user/mujoco+evo/Mujoco_training_dataset/cache/mujoco_pickplace/videos/chunk-000/observation.images.front/episode_000198.mp4
2026-08-17 15:15:17,252 [INFO] full_path /home/user/mujoco+evo/Mujoco_training_dataset/cache/mujoco_pickplace/videos/chunk-000/observation.images.wrist/episode_000194.mp4
2026-08-17 15:15:17,252 [INFO] build 19_33.pkl
2026-08-17 15:15:17,252 [INFO] full_path /home/user/mujoco+evo/Mujoco_training_dataset/cache/mujoco_pickplace/videos/chunk-000/observation.images.overhead/episode_000190.mp4
2026-08-17 15:15:17,252 [INFO] full_path /home/user/mujoco+evo/Mujoco_training_dataset/cache/mujoco_pickplace/videos/chunk-000/observation.images.overhead/episode_000195.mp4
2026-08-17 15:15:17,252 [INFO] full_path /home/user/mujoco+evo/Mujoco_training_dataset/cache/mujoco_pickplace/videos/chunk-000/observation.images.overhead/episode_000198.mp4
2026-08-17 15:15:17,252 [INFO] build 49_63.pkl
2026-08-17 15:15:17,252 [INFO] full_path /home/user/mujoco+evo/Mujoco_training_dataset/cache/mujoco_pickplace/videos/chunk-000/observation.images.front/episode_000193.mp4
2026-08-17 15:15:17,252 [INFO] full_path /home/user/mujoco+evo/Mujoco_training_dataset/cache/mujoco_pickplace/videos/chunk-000/observation.images.wrist/episode_000190.mp4
2026-08-17 15:15:17,252 [INFO] full_path /home/user/mujoco+evo/Mujoco_training_dataset/cache/mujoco_pickplace/videos/chunk-000/observation.images.wrist/episode_000198.mp4
2026-08-17 15:15:17,252 [INFO] full_path /home/user/mujoco+evo/Mujoco_training_dataset/cache/mujoco_pickplace/videos/chunk-000/observation.images.wrist/episode_000195.mp4
2026-08-17 15:15:17,252 [INFO] full_path /home/user/mujoco+evo/Mujoco_training_dataset/cache/mujoco_pickplace/videos/chunk-000/observation.images.overhead/episode_000193.mp4
2026-08-17 15:15:17,252 [INFO] full_path /home/user/mujoco+evo/Mujoco_training_dataset/cache/mujoco_pickplace/videos/chunk-000/observation.images.wrist/episode_000193.mp4
2026-08-17 15:15:17,252 [INFO] full_path /home/user/mujoco+evo/Mujoco_training_dataset/cache/mujoco_pickplace/videos/chunk-000/observation.images.front/episode_000192.mp4
2026-08-17 15:15:17,252 [INFO] full_path /home/user/mujoco+evo/Mujoco_training_dataset/cache/mujoco_pickplace/videos/chunk-000/observation.images.overhead/episode_000192.mp4
2026-08-17 15:15:17,252 [INFO] build 59_73.pkl
2026-08-17 15:15:17,252 [INFO] build 40_54.pkl
2026-08-17 15:15:17,252 [INFO] full_path /home/user/mujoco+evo/Mujoco_training_dataset/cache/mujoco_pickplace/videos/chunk-000/observation.images.wrist/episode_000192.mp4
2026-08-17 15:15:17,252 [INFO] full_path /home/user/mujoco+evo/Mujoco_training_dataset/cache/mujoco_pickplace/videos/chunk-000/observation.images.front/episode_000191.mp4
2026-08-17 15:15:17,252 [INFO] full_path /home/user/mujoco+evo/Mujoco_training_dataset/cache/mujoco_pickplace/videos/chunk-000/observation.images.front/episode_000199.mp4
2026-08-17 15:15:17,253 [INFO] full_path /home/user/mujoco+evo/Mujoco_training_dataset/cache/mujoco_pickplace/videos/chunk-000/observation.images.overhead/episode_000199.mp4
2026-08-17 15:15:17,253 [INFO] full_path /home/user/mujoco+evo/Mujoco_training_dataset/cache/mujoco_pickplace/videos/chunk-000/observation.images.overhead/episode_000191.mp4
2026-08-17 15:15:17,253 [INFO] full_path /home/user/mujoco+evo/Mujoco_training_dataset/cache/mujoco_pickplace/videos/chunk-000/observation.images.wrist/episode_000191.mp4
2026-08-17 15:15:17,253 [INFO] full_path /home/user/mujoco+evo/Mujoco_training_dataset/cache/mujoco_pickplace/videos/chunk-000/observation.images.wrist/episode_000199.mp4
2026-08-17 15:15:17,253 [INFO] build 20_34.pkl
2026-08-17 15:15:17,253 [INFO] full_path /home/user/mujoco+evo/Mujoco_training_dataset/cache/mujoco_pickplace/videos/chunk-000/observation.images.front/episode_000193.mp4
2026-08-17 15:15:17,253 [INFO] full_path /home/user/mujoco+evo/Mujoco_training_dataset/cache/mujoco_pickplace/videos/chunk-000/observation.images.overhead/episode_000193.mp4
2026-08-17 15:15:17,253 [INFO] build 11_25.pkl
2026-08-17 15:15:17,253 [INFO] build 40_54.pkl
2026-08-17 15:15:17,253 [INFO] build 10_24.pkl
2026-08-17 15:15:17,253 [INFO] full_path /home/user/mujoco+evo/Mujoco_training_dataset/cache/mujoco_pickplace/videos/chunk-000/observation.images.wrist/episode_000193.mp4
2026-08-17 15:15:17,253 [INFO] build 58_72.pkl
2026-08-17 15:15:17,253 [INFO] build 15_29.pkl
2026-08-17 15:15:17,253 [INFO] full_path /home/user/mujoco+evo/Mujoco_training_dataset/cache/mujoco_pickplace/videos/chunk-000/observation.images.front/episode_000196.mp4
2026-08-17 15:15:17,253 [INFO] full_path /home/user/mujoco+evo/Mujoco_training_dataset/cache/mujoco_pickplace/videos/chunk-000/observation.images.front/episode_000194.mp4
2026-08-17 15:15:17,253 [INFO] full_path /home/user/mujoco+evo/Mujoco_training_dataset/cache/mujoco_pickplace/videos/chunk-000/observation.images.front/episode_000190.mp4
2026-08-17 15:15:17,253 [INFO] full_path /home/user/mujoco+evo/Mujoco_training_dataset/cache/mujoco_pickplace/videos/chunk-000/observation.images.front/episode_000198.mp4
2026-08-17 15:15:17,253 [INFO] full_path /home/user/mujoco+evo/Mujoco_training_dataset/cache/mujoco_pickplace/videos/chunk-000/observation.images.front/episode_000195.mp4
2026-08-17 15:15:17,253 [INFO] full_path /home/user/mujoco+evo/Mujoco_training_dataset/cache/mujoco_pickplace/videos/chunk-000/observation.images.overhead/episode_000190.mp4
2026-08-17 15:15:17,253 [INFO] full_path /home/user/mujoco+evo/Mujoco_training_dataset/cache/mujoco_pickplace/videos/chunk-000/observation.images.overhead/episode_000194.mp4
2026-08-17 15:15:17,253 [INFO] full_path /home/user/mujoco+evo/Mujoco_training_dataset/cache/mujoco_pickplace/videos/chunk-000/observation.images.overhead/episode_000196.mp4
2026-08-17 15:15:17,253 [INFO] full_path /home/user/mujoco+evo/Mujoco_training_dataset/cache/mujoco_pickplace/videos/chunk-000/observation.images.overhead/episode_000198.mp4
2026-08-17 15:15:17,253 [INFO] full_path /home/user/mujoco+evo/Mujoco_training_dataset/cache/mujoco_pickplace/videos/chunk-000/observation.images.overhead/episode_000195.mp4
2026-08-17 15:15:17,253 [INFO] build 60_74.pkl
2026-08-17 15:15:17,253 [INFO] full_path /home/user/mujoco+evo/Mujoco_training_dataset/cache/mujoco_pickplace/videos/chunk-000/observation.images.wrist/episode_000190.mp4
2026-08-17 15:15:17,253 [INFO] full_path /home/user/mujoco+evo/Mujoco_training_dataset/cache/mujoco_pickplace/videos/chunk-000/observation.images.wrist/episode_000194.mp4
2026-08-17 15:15:17,253 [INFO] full_path /home/user/mujoco+evo/Mujoco_training_dataset/cache/mujoco_pickplace/videos/chunk-000/observation.images.wrist/episode_000195.mp4
2026-08-17 15:15:17,253 [INFO] full_path /home/user/mujoco+evo/Mujoco_training_dataset/cache/mujoco_pickplace/videos/chunk-000/observation.images.wrist/episode_000198.mp4
2026-08-17 15:15:17,253 [INFO] build 41_55.pkl
2026-08-17 15:15:17,253 [INFO] full_path /home/user/mujoco+evo/Mujoco_training_dataset/cache/mujoco_pickplace/videos/chunk-000/observation.images.wrist/episode_000196.mp4
2026-08-17 15:15:17,253 [INFO] full_path /home/user/mujoco+evo/Mujoco_training_dataset/cache/mujoco_pickplace/videos/chunk-000/observation.images.front/episode_000199.mp4
2026-08-17 15:15:17,253 [INFO] full_path /home/user/mujoco+evo/Mujoco_training_dataset/cache/mujoco_pickplace/videos/chunk-000/observation.images.overhead/episode_000199.mp4
2026-08-17 15:15:17,253 [INFO] full_path /home/user/mujoco+evo/Mujoco_training_dataset/cache/mujoco_pickplace/videos/chunk-000/observation.images.front/episode_000191.mp4
2026-08-17 15:15:17,253 [INFO] full_path /home/user/mujoco+evo/Mujoco_training_dataset/cache/mujoco_pickplace/videos/chunk-000/observation.images.wrist/episode_000199.mp4
2026-08-17 15:15:17,254 [INFO] full_path /home/user/mujoco+evo/Mujoco_training_dataset/cache/mujoco_pickplace/videos/chunk-000/observation.images.overhead/episode_000191.mp4
2026-08-17 15:15:17,254 [INFO] build 21_35.pkl
2026-08-17 15:15:17,254 [INFO] full_path /home/user/mujoco+evo/Mujoco_training_dataset/cache/mujoco_pickplace/videos/chunk-000/observation.images.wrist/episode_000191.mp4
2026-08-17 15:15:17,254 [INFO] build 50_64.pkl
2026-08-17 15:15:17,254 [INFO] full_path /home/user/mujoco+evo/Mujoco_training_dataset/cache/mujoco_pickplace/videos/chunk-000/observation.images.front/episode_000193.mp4
2026-08-17 15:15:17,254 [INFO] full_path /home/user/mujoco+evo/Mujoco_training_dataset/cache/mujoco_pickplace/videos/chunk-000/observation.images.overhead/episode_000193.mp4
2026-08-17 15:15:17,254 [INFO] full_path /home/user/mujoco+evo/Mujoco_training_dataset/cache/mujoco_pickplace/videos/chunk-000/observation.images.wrist/episode_000193.mp4
2026-08-17 15:15:17,254 [INFO] full_path /home/user/mujoco+evo/Mujoco_training_dataset/cache/mujoco_pickplace/videos/chunk-000/observation.images.front/episode_000192.mp4
2026-08-17 15:15:17,254 [INFO] full_path /home/user/mujoco+evo/Mujoco_training_dataset/cache/mujoco_pickplace/videos/chunk-000/observation.images.overhead/episode_000192.mp4
2026-08-17 15:15:17,254 [INFO] build 11_25.pkl
2026-08-17 15:15:17,254 [INFO] full_path /home/user/mujoco+evo/Mujoco_training_dataset/cache/mujoco_pickplace/videos/chunk-000/observation.images.wrist/episode_000192.mp4
2026-08-17 15:15:17,254 [INFO] full_path /home/user/mujoco+evo/Mujoco_training_dataset/cache/mujoco_pickplace/videos/chunk-000/observation.images.front/episode_000190.mp4
2026-08-17 15:15:17,254 [INFO] full_path /home/user/mujoco+evo/Mujoco_training_dataset/cache/mujoco_pickplace/videos/chunk-000/observation.images.overhead/episode_000190.mp4
2026-08-17 15:15:17,254 [INFO] full_path /home/user/mujoco+evo/Mujoco_training_dataset/cache/mujoco_pickplace/videos/chunk-000/observation.images.wrist/episode_000190.mp4
2026-08-17 15:15:17,254 [INFO] build 59_73.pkl
2026-08-17 15:15:17,254 [INFO] build 16_30.pkl
2026-08-17 15:15:17,254 [INFO] build 42_56.pkl
2026-08-17 15:15:17,254 [INFO] build 61_75.pkl
2026-08-17 15:15:17,254 [INFO] build 41_55.pkl
2026-08-17 15:15:17,254 [INFO] full_path /home/user/mujoco+evo/Mujoco_training_dataset/cache/mujoco_pickplace/videos/chunk-000/observation.images.front/episode_000195.mp4
2026-08-17 15:15:17,254 [INFO] full_path /home/user/mujoco+evo/Mujoco_training_dataset/cache/mujoco_pickplace/videos/chunk-000/observation.images.front/episode_000198.mp4
2026-08-17 15:15:17,254 [INFO] build 12_26.pkl
2026-08-17 15:15:17,254 [INFO] full_path /home/user/mujoco+evo/Mujoco_training_dataset/cache/mujoco_pickplace/videos/chunk-000/observation.images.front/episode_000191.mp4
2026-08-17 15:15:17,254 [INFO] build 22_36.pkl
2026-08-17 15:15:17,254 [INFO] full_path /home/user/mujoco+evo/Mujoco_training_dataset/cache/mujoco_pickplace/videos/chunk-000/observation.images.front/episode_000199.mp4
2026-08-17 15:15:17,254 [INFO] full_path /home/user/mujoco+evo/Mujoco_training_dataset/cache/mujoco_pickplace/videos/chunk-000/observation.images.overhead/episode_000195.mp4
2026-08-17 15:15:17,254 [INFO] full_path /home/user/mujoco+evo/Mujoco_training_dataset/cache/mujoco_pickplace/videos/chunk-000/observation.images.overhead/episode_000198.mp4
2026-08-17 15:15:17,254 [INFO] full_path /home/user/mujoco+evo/Mujoco_training_dataset/cache/mujoco_pickplace/videos/chunk-000/observation.images.front/episode_000194.mp4
2026-08-17 15:15:17,254 [INFO] full_path /home/user/mujoco+evo/Mujoco_training_dataset/cache/mujoco_pickplace/videos/chunk-000/observation.images.overhead/episode_000191.mp4
2026-08-17 15:15:17,254 [INFO] full_path /home/user/mujoco+evo/Mujoco_training_dataset/cache/mujoco_pickplace/videos/chunk-000/observation.images.overhead/episode_000199.mp4
2026-08-17 15:15:17,254 [INFO] full_path /home/user/mujoco+evo/Mujoco_training_dataset/cache/mujoco_pickplace/videos/chunk-000/observation.images.wrist/episode_000195.mp4
2026-08-17 15:15:17,255 [INFO] full_path /home/user/mujoco+evo/Mujoco_training_dataset/cache/mujoco_pickplace/videos/chunk-000/observation.images.front/episode_000193.mp4
2026-08-17 15:15:17,255 [INFO] full_path /home/user/mujoco+evo/Mujoco_training_dataset/cache/mujoco_pickplace/videos/chunk-000/observation.images.wrist/episode_000198.mp4
2026-08-17 15:15:17,255 [INFO] full_path /home/user/mujoco+evo/Mujoco_training_dataset/cache/mujoco_pickplace/videos/chunk-000/observation.images.wrist/episode_000199.mp4
2026-08-17 15:15:17,255 [INFO] full_path /home/user/mujoco+evo/Mujoco_training_dataset/cache/mujoco_pickplace/videos/chunk-000/observation.images.wrist/episode_000191.mp4
2026-08-17 15:15:17,255 [INFO] full_path /home/user/mujoco+evo/Mujoco_training_dataset/cache/mujoco_pickplace/videos/chunk-000/observation.images.front/episode_000196.mp4
2026-08-17 15:15:17,255 [INFO] full_path /home/user/mujoco+evo/Mujoco_training_dataset/cache/mujoco_pickplace/videos/chunk-000/observation.images.overhead/episode_000194.mp4
2026-08-17 15:15:17,255 [INFO] build 12_26.pkl
2026-08-17 15:15:17,255 [INFO] build 51_65.pkl
2026-08-17 15:15:17,263 [INFO] build 61_75.pkl
2026-08-17 15:15:17,264 [INFO] build 63_77.pkl
2026-08-17 15:15:17,265 [INFO] build 69_83.pkl
2026-08-17 15:15:17,265 [INFO] full_path /home/user/mujoco+evo/Mujoco_training_dataset/cache/mujoco_pickplace/videos/chunk-000/observation.images.front/episode_000040.mp4
2026-08-17 15:15:17,265 [INFO] full_path /home/user/mujoco+evo/Mujoco_training_dataset/cache/mujoco_pickplace/videos/chunk-000/observation.images.front/episode_000087.mp4
2026-08-17 15:15:17,265 [INFO] full_path /home/user/mujoco+evo/Mujoco_training_dataset/cache/mujoco_pickplace/videos/chunk-000/observation.images.overhead/episode_000193.mp4
2026-08-17 15:15:17,265 [INFO] full_path /home/user/mujoco+evo/Mujoco_training_dataset/cache/mujoco_pickplace/videos/chunk-000/observation.images.wrist/episode_000193.mp4
2026-08-17 15:15:17,265 [INFO] full_path /home/user/mujoco+evo/Mujoco_training_dataset/cache/mujoco_pickplace/videos/chunk-000/observation.images.overhead/episode_000087.mp4
2026-08-17 15:15:17,265 [INFO] full_path /home/user/mujoco+evo/Mujoco_training_dataset/cache/mujoco_pickplace/videos/chunk-000/observation.images.overhead/episode_000196.mp4
2026-08-17 15:15:17,265 [INFO] full_path /home/user/mujoco+evo/Mujoco_training_dataset/cache/mujoco_pickplace/videos/chunk-000/observation.images.wrist/episode_000194.mp4
2026-08-17 15:15:17,265 [INFO] full_path /home/user/mujoco+evo/Mujoco_training_dataset/cache/mujoco_pickplace/videos/chunk-000/observation.images.wrist/episode_000196.mp4
2026-08-17 15:15:17,266 [INFO] full_path /home/user/mujoco+evo/Mujoco_training_dataset/cache/mujoco_pickplace/videos/chunk-000/observation.images.front/episode_000190.mp4
2026-08-17 15:15:17,266 [INFO] full_path /home/user/mujoco+evo/Mujoco_training_dataset/cache/mujoco_pickplace/videos/chunk-000/observation.images.front/episode_000192.mp4
2026-08-17 15:15:17,266 [INFO] full_path /home/user/mujoco+evo/Mujoco_training_dataset/cache/mujoco_pickplace/videos/chunk-000/observation.images.overhead/episode_000190.mp4
2026-08-17 15:15:17,266 [INFO] full_path /home/user/mujoco+evo/Mujoco_training_dataset/cache/mujoco_pickplace/videos/chunk-000/observation.images.overhead/episode_000192.mp4
2026-08-17 15:15:17,266 [INFO] full_path /home/user/mujoco+evo/Mujoco_training_dataset/cache/mujoco_pickplace/videos/chunk-000/observation.images.wrist/episode_000192.mp4
2026-08-17 15:15:17,266 [INFO] full_path /home/user/mujoco+evo/Mujoco_training_dataset/cache/mujoco_pickplace/videos/chunk-000/observation.images.wrist/episode_000190.mp4
2026-08-17 15:15:17,266 [INFO] full_path /home/user/mujoco+evo/Mujoco_training_dataset/cache/mujoco_pickplace/videos/chunk-000/observation.images.front/episode_000188.mp4
2026-08-17 15:15:17,266 [INFO] build 62_76.pkl
2026-08-17 15:15:17,266 [INFO] build 60_74.pkl
2026-08-17 15:15:17,266 [INFO] full_path /home/user/mujoco+evo/Mujoco_training_dataset/cache/mujoco_pickplace/videos/chunk-000/observation.images.front/episode_000199.mp4
2026-08-17 15:15:17,267 [INFO] full_path /home/user/mujoco+evo/Mujoco_training_dataset/cache/mujoco_pickplace/videos/chunk-000/observation.images.overhead/episode_000199.mp4
2026-08-17 15:15:17,266 [INFO] build 17_31.pkl
2026-08-17 15:15:17,267 [INFO] build 43_57.pkl
2026-08-17 15:15:17,267 [INFO] full_path /home/user/mujoco+evo/Mujoco_training_dataset/cache/mujoco_pickplace/videos/chunk-000/observation.images.front/episode_000195.mp4
2026-08-17 15:15:17,267 [INFO] full_path /home/user/mujoco+evo/Mujoco_training_dataset/cache/mujoco_pickplace/videos/chunk-000/observation.images.wrist/episode_000199.mp4
2026-08-17 15:15:17,267 [INFO] full_path /home/user/mujoco+evo/Mujoco_training_dataset/cache/mujoco_pickplace/videos/chunk-000/observation.images.front/episode_000198.mp4
2026-08-17 15:15:17,267 [INFO] full_path /home/user/mujoco+evo/Mujoco_training_dataset/cache/mujoco_pickplace/videos/chunk-000/observation.images.overhead/episode_000195.mp4
2026-08-17 15:15:17,267 [INFO] full_path /home/user/mujoco+evo/Mujoco_training_dataset/cache/mujoco_pickplace/videos/chunk-000/observation.images.wrist/episode_000087.mp4
2026-08-17 15:15:17,267 [INFO] full_path /home/user/mujoco+evo/Mujoco_training_dataset/cache/mujoco_pickplace/videos/chunk-000/observation.images.front/episode_000191.mp4
2026-08-17 15:15:17,267 [INFO] full_path /home/user/mujoco+evo/Mujoco_training_dataset/cache/mujoco_pickplace/videos/chunk-000/observation.images.overhead/episode_000188.mp4
2026-08-17 15:15:17,267 [INFO] full_path /home/user/mujoco+evo/Mujoco_training_dataset/cache/mujoco_pickplace/videos/chunk-000/observation.images.wrist/episode_000195.mp4
2026-08-17 15:15:17,267 [INFO] full_path /home/user/mujoco+evo/Mujoco_training_dataset/cache/mujoco_pickplace/videos/chunk-000/observation.images.overhead/episode_000198.mp4
2026-08-17 15:15:17,267 [INFO] full_path /home/user/mujoco+evo/Mujoco_training_dataset/cache/mujoco_pickplace/videos/chunk-000/observation.images.overhead/episode_000191.mp4
2026-08-17 15:15:17,267 [INFO] build 42_56.pkl
2026-08-17 15:15:17,267 [INFO] full_path /home/user/mujoco+evo/Mujoco_training_dataset/cache/mujoco_pickplace/videos/chunk-000/observation.images.wrist/episode_000198.mp4
2026-08-17 15:15:17,267 [INFO] full_path /home/user/mujoco+evo/Mujoco_training_dataset/cache/mujoco_pickplace/videos/chunk-000/observation.images.front/episode_000194.mp4
2026-08-17 15:15:17,266 [INFO] full_path /home/user/mujoco+evo/Mujoco_training_dataset/cache/mujoco_pickplace/videos/chunk-000/observation.images.overhead/episode_000040.mp4
2026-08-17 15:15:17,267 [INFO] build 52_66.pkl
2026-08-17 15:15:17,267 [INFO] full_path /home/user/mujoco+evo/Mujoco_training_dataset/cache/mujoco_pickplace/videos/chunk-000/observation.images.wrist/episode_000188.mp4
2026-08-17 15:15:17,267 [INFO] build 13_27.pkl
2026-08-17 15:15:17,267 [INFO] full_path /home/user/mujoco+evo/Mujoco_training_dataset/cache/mujoco_pickplace/videos/chunk-000/observation.images.wrist/episode_000191.mp4
2026-08-17 15:15:17,268 [INFO] full_path /home/user/mujoco+evo/Mujoco_training_dataset/cache/mujoco_pickplace/videos/chunk-000/observation.images.overhead/episode_000194.mp4
2026-08-17 15:15:17,268 [INFO] full_path /home/user/mujoco+evo/Mujoco_training_dataset/cache/mujoco_pickplace/videos/chunk-000/observation.images.front/episode_000192.mp4
2026-08-17 15:15:17,268 [INFO] full_path /home/user/mujoco+evo/Mujoco_training_dataset/cache/mujoco_pickplace/videos/chunk-000/observation.images.wrist/episode_000040.mp4
2026-08-17 15:15:17,268 [INFO] full_path /home/user/mujoco+evo/Mujoco_training_dataset/cache/mujoco_pickplace/videos/chunk-000/observation.images.overhead/episode_000192.mp4
2026-08-17 15:15:17,268 [INFO] full_path /home/user/mujoco+evo/Mujoco_training_dataset/cache/mujoco_pickplace/videos/chunk-000/observation.images.front/episode_000190.mp4
2026-08-17 15:15:17,268 [INFO] full_path /home/user/mujoco+evo/Mujoco_training_dataset/cache/mujoco_pickplace/videos/chunk-000/observation.images.wrist/episode_000194.mp4
2026-08-17 15:15:17,268 [INFO] full_path /home/user/mujoco+evo/Mujoco_training_dataset/cache/mujoco_pickplace/videos/chunk-000/observation.images.wrist/episode_000192.mp4
2026-08-17 15:15:17,268 [INFO] build 63_77.pkl
2026-08-17 15:15:17,268 [INFO] full_path /home/user/mujoco+evo/Mujoco_training_dataset/cache/mujoco_pickplace/videos/chunk-000/observation.images.overhead/episode_000190.mp4
2026-08-17 15:15:17,268 [INFO] build 13_27.pkl
2026-08-17 15:15:17,268 [INFO] full_path /home/user/mujoco+evo/Mujoco_training_dataset/cache/mujoco_pickplace/videos/chunk-000/observation.images.front/episode_000199.mp4
2026-08-17 15:15:17,268 [INFO] full_path /home/user/mujoco+evo/Mujoco_training_dataset/cache/mujoco_pickplace/videos/chunk-000/observation.images.overhead/episode_000199.mp4
2026-08-17 15:15:17,268 [INFO] full_path /home/user/mujoco+evo/Mujoco_training_dataset/cache/mujoco_pickplace/videos/chunk-000/observation.images.wrist/episode_000190.mp4
2026-08-17 15:15:17,268 [INFO] build 23_37.pkl
2026-08-17 15:15:17,268 [INFO] full_path /home/user/mujoco+evo/Mujoco_training_dataset/cache/mujoco_pickplace/videos/chunk-000/observation.images.wrist/episode_000199.mp4
2026-08-17 15:15:17,268 [INFO] full_path /home/user/mujoco+evo/Mujoco_training_dataset/cache/mujoco_pickplace/videos/chunk-000/observation.images.front/episode_000196.mp4
2026-08-17 15:15:17,268 [INFO] full_path /home/user/mujoco+evo/Mujoco_training_dataset/cache/mujoco_pickplace/videos/chunk-000/observation.images.overhead/episode_000196.mp4
2026-08-17 15:15:17,268 [INFO] build 18_32.pkl
2026-08-17 15:15:17,268 [INFO] full_path /home/user/mujoco+evo/Mujoco_training_dataset/cache/mujoco_pickplace/videos/chunk-000/observation.images.front/episode_000193.mp4
2026-08-17 15:15:17,268 [INFO] full_path /home/user/mujoco+evo/Mujoco_training_dataset/cache/mujoco_pickplace/videos/chunk-000/observation.images.wrist/episode_000196.mp4
2026-08-17 15:15:17,269 [INFO] full_path /home/user/mujoco+evo/Mujoco_training_dataset/cache/mujoco_pickplace/videos/chunk-000/observation.images.overhead/episode_000193.mp4
2026-08-17 15:15:17,269 [INFO] full_path /home/user/mujoco+evo/Mujoco_training_dataset/cache/mujoco_pickplace/videos/chunk-000/observation.images.front/episode_000198.mp4
2026-08-17 15:15:17,269 [INFO] full_path /home/user/mujoco+evo/Mujoco_training_dataset/cache/mujoco_pickplace/videos/chunk-000/observation.images.wrist/episode_000193.mp4
2026-08-17 15:15:17,269 [INFO] build 53_67.pkl
2026-08-17 15:15:17,269 [INFO] full_path /home/user/mujoco+evo/Mujoco_training_dataset/cache/mujoco_pickplace/videos/chunk-000/observation.images.overhead/episode_000198.mp4
2026-08-17 15:15:17,269 [INFO] full_path /home/user/mujoco+evo/Mujoco_training_dataset/cache/mujoco_pickplace/videos/chunk-000/observation.images.wrist/episode_000198.mp4
2026-08-17 15:15:17,269 [INFO] full_path /home/user/mujoco+evo/Mujoco_training_dataset/cache/mujoco_pickplace/videos/chunk-000/observation.images.front/episode_000192.mp4
2026-08-17 15:15:17,269 [INFO] full_path /home/user/mujoco+evo/Mujoco_training_dataset/cache/mujoco_pickplace/videos/chunk-000/observation.images.overhead/episode_000192.mp4
2026-08-17 15:15:17,269 [INFO] build 70_84.pkl
2026-08-17 15:15:17,269 [INFO] build 64_78.pkl
2026-08-17 15:15:17,269 [INFO] full_path /home/user/mujoco+evo/Mujoco_training_dataset/cache/mujoco_pickplace/videos/chunk-000/observation.images.wrist/episode_000192.mp4
2026-08-17 15:15:17,269 [INFO] build 44_58.pkl
2026-08-17 15:15:17,269 [INFO] full_path /home/user/mujoco+evo/Mujoco_training_dataset/cache/mujoco_pickplace/videos/chunk-000/observation.images.front/episode_000087.mp4
2026-08-17 15:15:17,269 [INFO] full_path /home/user/mujoco+evo/Mujoco_training_dataset/cache/mujoco_pickplace/videos/chunk-000/observation.images.front/episode_000199.mp4
2026-08-17 15:15:17,269 [INFO] build 43_57.pkl
2026-08-17 15:15:17,269 [INFO] build 14_28.pkl
2026-08-17 15:15:17,270 [INFO] build 14_28.pkl
2026-08-17 15:15:17,270 [INFO] full_path /home/user/mujoco+evo/Mujoco_training_dataset/cache/mujoco_pickplace/videos/chunk-000/observation.images.front/episode_000191.mp4
2026-08-17 15:15:17,270 [INFO] full_path /home/user/mujoco+evo/Mujoco_training_dataset/cache/mujoco_pickplace/videos/chunk-000/observation.images.overhead/episode_000087.mp4
2026-08-17 15:15:17,270 [INFO] full_path /home/user/mujoco+evo/Mujoco_training_dataset/cache/mujoco_pickplace/videos/chunk-000/observation.images.overhead/episode_000199.mp4
2026-08-17 15:15:17,270 [INFO] full_path /home/user/mujoco+evo/Mujoco_training_dataset/cache/mujoco_pickplace/videos/chunk-000/observation.images.front/episode_000196.mp4
2026-08-17 15:15:17,270 [INFO] full_path /home/user/mujoco+evo/Mujoco_training_dataset/cache/mujoco_pickplace/videos/chunk-000/observation.images.overhead/episode_000191.mp4
2026-08-17 15:15:17,270 [INFO] full_path /home/user/mujoco+evo/Mujoco_training_dataset/cache/mujoco_pickplace/videos/chunk-000/observation.images.front/episode_000190.mp4
2026-08-17 15:15:17,270 [INFO] full_path /home/user/mujoco+evo/Mujoco_training_dataset/cache/mujoco_pickplace/videos/chunk-000/observation.images.wrist/episode_000199.mp4
2026-08-17 15:15:17,270 [INFO] full_path /home/user/mujoco+evo/Mujoco_training_dataset/cache/mujoco_pickplace/videos/chunk-000/observation.images.overhead/episode_000196.mp4
2026-08-17 15:15:17,270 [INFO] full_path /home/user/mujoco+evo/Mujoco_training_dataset/cache/mujoco_pickplace/videos/chunk-000/observation.images.wrist/episode_000087.mp4
2026-08-17 15:15:17,270 [INFO] full_path /home/user/mujoco+evo/Mujoco_training_dataset/cache/mujoco_pickplace/videos/chunk-000/observation.images.wrist/episode_000191.mp4
2026-08-17 15:15:17,270 [INFO] full_path /home/user/mujoco+evo/Mujoco_training_dataset/cache/mujoco_pickplace/videos/chunk-000/observation.images.overhead/episode_000190.mp4
2026-08-17 15:15:17,270 [INFO] full_path /home/user/mujoco+evo/Mujoco_training_dataset/cache/mujoco_pickplace/videos/chunk-000/observation.images.front/episode_000194.mp4
2026-08-17 15:15:17,270 [INFO] full_path /home/user/mujoco+evo/Mujoco_training_dataset/cache/mujoco_pickplace/videos/chunk-000/observation.images.wrist/episode_000196.mp4
2026-08-17 15:15:17,270 [INFO] build 19_33.pkl
2026-08-17 15:15:17,270 [INFO] build 24_38.pkl
2026-08-17 15:15:17,270 [INFO] full_path /home/user/mujoco+evo/Mujoco_training_dataset/cache/mujoco_pickplace/videos/chunk-000/observation.images.wrist/episode_000190.mp4
2026-08-17 15:15:17,270 [INFO] full_path /home/user/mujoco+evo/Mujoco_training_dataset/cache/mujoco_pickplace/videos/chunk-000/observation.images.front/episode_000198.mp4
2026-08-17 15:15:17,270 [INFO] full_path /home/user/mujoco+evo/Mujoco_training_dataset/cache/mujoco_pickplace/videos/chunk-000/observation.images.front/episode_000193.mp4
2026-08-17 15:15:17,270 [INFO] full_path /home/user/mujoco+evo/Mujoco_training_dataset/cache/mujoco_pickplace/videos/chunk-000/observation.images.overhead/episode_000198.mp4
2026-08-17 15:15:17,271 [INFO] full_path /home/user/mujoco+evo/Mujoco_training_dataset/cache/mujoco_pickplace/videos/chunk-000/observation.images.wrist/episode_000198.mp4
2026-08-17 15:15:17,271 [INFO] full_path /home/user/mujoco+evo/Mujoco_training_dataset/cache/mujoco_pickplace/videos/chunk-000/observation.images.overhead/episode_000193.mp4
2026-08-17 15:15:17,270 [INFO] full_path /home/user/mujoco+evo/Mujoco_training_dataset/cache/mujoco_pickplace/videos/chunk-000/observation.images.overhead/episode_000194.mp4
2026-08-17 15:15:17,271 [INFO] full_path /home/user/mujoco+evo/Mujoco_training_dataset/cache/mujoco_pickplace/videos/chunk-000/observation.images.wrist/episode_000193.mp4
2026-08-17 15:15:17,271 [INFO] full_path /home/user/mujoco+evo/Mujoco_training_dataset/cache/mujoco_pickplace/videos/chunk-000/observation.images.wrist/episode_000194.mp4
2026-08-17 15:15:17,271 [INFO] build 54_68.pkl
2026-08-17 15:15:17,271 [INFO] build 65_79.pkl
2026-08-17 15:15:17,271 [INFO] full_path /home/user/mujoco+evo/Mujoco_training_dataset/cache/mujoco_pickplace/videos/chunk-000/observation.images.front/episode_000192.mp4
2026-08-17 15:15:17,272 [INFO] full_path /home/user/mujoco+evo/Mujoco_training_dataset/cache/mujoco_pickplace/videos/chunk-000/observation.images.overhead/episode_000192.mp4
2026-08-17 15:15:17,272 [INFO] build 45_59.pkl
2026-08-17 15:15:17,272 [INFO] full_path /home/user/mujoco+evo/Mujoco_training_dataset/cache/mujoco_pickplace/videos/chunk-000/observation.images.wrist/episode_000192.mp4
2026-08-17 15:15:17,272 [INFO] full_path /home/user/mujoco+evo/Mujoco_training_dataset/cache/mujoco_pickplace/videos/chunk-000/observation.images.front/episode_000199.mp4
2026-08-17 15:15:17,272 [INFO] build 20_34.pkl
2026-08-17 15:15:17,272 [INFO] build 44_58.pkl
2026-08-17 15:15:17,272 [INFO] build 25_39.pkl
2026-08-17 15:15:17,272 [INFO] full_path /home/user/mujoco+evo/Mujoco_training_dataset/cache/mujoco_pickplace/videos/chunk-000/observation.images.front/episode_000191.mp4
2026-08-17 15:15:17,272 [INFO] full_path /home/user/mujoco+evo/Mujoco_training_dataset/cache/mujoco_pickplace/videos/chunk-000/observation.images.front/episode_000198.mp4
2026-08-17 15:15:17,272 [INFO] full_path /home/user/mujoco+evo/Mujoco_training_dataset/cache/mujoco_pickplace/videos/chunk-000/observation.images.front/episode_000194.mp4
2026-08-17 15:15:17,272 [INFO] full_path /home/user/mujoco+evo/Mujoco_training_dataset/cache/mujoco_pickplace/videos/chunk-000/observation.images.overhead/episode_000199.mp4
2026-08-17 15:15:17,272 [INFO] full_path /home/user/mujoco+evo/Mujoco_training_dataset/cache/mujoco_pickplace/videos/chunk-000/observation.images.overhead/episode_000191.mp4
2026-08-17 15:15:17,272 [INFO] full_path /home/user/mujoco+evo/Mujoco_training_dataset/cache/mujoco_pickplace/videos/chunk-000/observation.images.overhead/episode_000194.mp4
2026-08-17 15:15:17,272 [INFO] full_path /home/user/mujoco+evo/Mujoco_training_dataset/cache/mujoco_pickplace/videos/chunk-000/observation.images.overhead/episode_000198.mp4
2026-08-17 15:15:17,272 [INFO] full_path /home/user/mujoco+evo/Mujoco_training_dataset/cache/mujoco_pickplace/videos/chunk-000/observation.images.front/episode_000193.mp4
2026-08-17 15:15:17,272 [INFO] full_path /home/user/mujoco+evo/Mujoco_training_dataset/cache/mujoco_pickplace/videos/chunk-000/observation.images.wrist/episode_000194.mp4
2026-08-17 15:15:17,272 [INFO] build 15_29.pkl
2026-08-17 15:15:17,272 [INFO] full_path /home/user/mujoco+evo/Mujoco_training_dataset/cache/mujoco_pickplace/videos/chunk-000/observation.images.overhead/episode_000193.mp4
2026-08-17 15:15:17,272 [INFO] full_path /home/user/mujoco+evo/Mujoco_training_dataset/cache/mujoco_pickplace/videos/chunk-000/observation.images.wrist/episode_000191.mp4
2026-08-17 15:15:17,272 [INFO] full_path /home/user/mujoco+evo/Mujoco_training_dataset/cache/mujoco_pickplace/videos/chunk-000/observation.images.wrist/episode_000198.mp4
2026-08-17 15:15:17,272 [INFO] full_path /home/user/mujoco+evo/Mujoco_training_dataset/cache/mujoco_pickplace/videos/chunk-000/observation.images.wrist/episode_000199.mp4
2026-08-17 15:15:17,273 [INFO] full_path /home/user/mujoco+evo/Mujoco_training_dataset/cache/mujoco_pickplace/videos/chunk-000/observation.images.wrist/episode_000193.mp4
2026-08-17 15:15:17,273 [INFO] full_path /home/user/mujoco+evo/Mujoco_training_dataset/cache/mujoco_pickplace/videos/chunk-000/observation.images.front/episode_000190.mp4
2026-08-17 15:15:17,273 [INFO] build 55_69.pkl
2026-08-17 15:15:17,273 [INFO] full_path /home/user/mujoco+evo/Mujoco_training_dataset/cache/mujoco_pickplace/videos/chunk-000/observation.images.overhead/episode_000190.mp4
2026-08-17 15:15:17,273 [INFO] build 15_29.pkl
2026-08-17 15:15:17,274 [INFO] full_path /home/user/mujoco+evo/Mujoco_training_dataset/cache/mujoco_pickplace/videos/chunk-000/observation.images.front/episode_000192.mp4
2026-08-17 15:15:17,274 [INFO] build 45_59.pkl
2026-08-17 15:15:17,274 [INFO] full_path /home/user/mujoco+evo/Mujoco_training_dataset/cache/mujoco_pickplace/videos/chunk-000/observation.images.overhead/episode_000192.mp4
2026-08-17 15:15:17,274 [INFO] full_path /home/user/mujoco+evo/Mujoco_training_dataset/cache/mujoco_pickplace/videos/chunk-000/observation.images.wrist/episode_000190.mp4
2026-08-17 15:15:17,274 [INFO] full_path /home/user/mujoco+evo/Mujoco_training_dataset/cache/mujoco_pickplace/videos/chunk-000/observation.images.front/episode_000194.mp4
2026-08-17 15:15:17,274 [INFO] full_path /home/user/mujoco+evo/Mujoco_training_dataset/cache/mujoco_pickplace/videos/chunk-000/observation.images.front/episode_000196.mp4
2026-08-17 15:15:17,274 [INFO] full_path /home/user/mujoco+evo/Mujoco_training_dataset/cache/mujoco_pickplace/videos/chunk-000/observation.images.overhead/episode_000194.mp4
2026-08-17 15:15:17,274 [INFO] full_path /home/user/mujoco+evo/Mujoco_training_dataset/cache/mujoco_pickplace/videos/chunk-000/observation.images.wrist/episode_000192.mp4
2026-08-17 15:15:17,274 [INFO] full_path /home/user/mujoco+evo/Mujoco_training_dataset/cache/mujoco_pickplace/videos/chunk-000/observation.images.wrist/episode_000194.mp4
2026-08-17 15:15:17,274 [INFO] full_path /home/user/mujoco+evo/Mujoco_training_dataset/cache/mujoco_pickplace/videos/chunk-000/observation.images.overhead/episode_000196.mp4
2026-08-17 15:15:17,275 [INFO] full_path /home/user/mujoco+evo/Mujoco_training_dataset/cache/mujoco_pickplace/videos/chunk-000/observation.images.wrist/episode_000196.mp4
2026-08-17 15:15:17,275 [INFO] build 46_60.pkl
2026-08-17 15:15:17,275 [INFO] build 46_60.pkl
2026-08-17 15:15:17,275 [INFO] build 56_70.pkl
2026-08-17 15:15:17,275 [INFO] build 26_40.pkl
2026-08-17 15:15:17,275 [INFO] full_path /home/user/mujoco+evo/Mujoco_training_dataset/cache/mujoco_pickplace/videos/chunk-000/observation.images.front/episode_000194.mp4
2026-08-17 15:15:17,275 [INFO] build 66_80.pkl
2026-08-17 15:15:17,276 [INFO] full_path /home/user/mujoco+evo/Mujoco_training_dataset/cache/mujoco_pickplace/videos/chunk-000/observation.images.overhead/episode_000194.mp4
2026-08-17 15:15:17,276 [INFO] full_path /home/user/mujoco+evo/Mujoco_training_dataset/cache/mujoco_pickplace/videos/chunk-000/observation.images.front/episode_000192.mp4
2026-08-17 15:15:17,276 [INFO] full_path /home/user/mujoco+evo/Mujoco_training_dataset/cache/mujoco_pickplace/videos/chunk-000/observation.images.front/episode_000193.mp4
2026-08-17 15:15:17,276 [INFO] full_path /home/user/mujoco+evo/Mujoco_training_dataset/cache/mujoco_pickplace/videos/chunk-000/observation.images.front/episode_000191.mp4
2026-08-17 15:15:17,276 [INFO] full_path /home/user/mujoco+evo/Mujoco_training_dataset/cache/mujoco_pickplace/videos/chunk-000/observation.images.wrist/episode_000194.mp4
2026-08-17 15:15:17,276 [INFO] build 21_35.pkl
2026-08-17 15:15:17,276 [INFO] full_path /home/user/mujoco+evo/Mujoco_training_dataset/cache/mujoco_pickplace/videos/chunk-000/observation.images.front/episode_000005.mp4
2026-08-17 15:15:17,276 [INFO] full_path /home/user/mujoco+evo/Mujoco_training_dataset/cache/mujoco_pickplace/videos/chunk-000/observation.images.overhead/episode_000192.mp4
2026-08-17 15:15:17,276 [INFO] full_path /home/user/mujoco+evo/Mujoco_training_dataset/cache/mujoco_pickplace/videos/chunk-000/observation.images.overhead/episode_000193.mp4
2026-08-17 15:15:17,276 [INFO] full_path /home/user/mujoco+evo/Mujoco_training_dataset/cache/mujoco_pickplace/videos/chunk-000/observation.images.overhead/episode_000191.mp4
2026-08-17 15:15:17,276 [INFO] full_path /home/user/mujoco+evo/Mujoco_training_dataset/cache/mujoco_pickplace/videos/chunk-000/observation.images.wrist/episode_000192.mp4
2026-08-17 15:15:17,276 [INFO] full_path /home/user/mujoco+evo/Mujoco_training_dataset/cache/mujoco_pickplace/videos/chunk-000/observation.images.wrist/episode_000193.mp4
2026-08-17 15:15:17,276 [INFO] full_path /home/user/mujoco+evo/Mujoco_training_dataset/cache/mujoco_pickplace/videos/chunk-000/observation.images.overhead/episode_000005.mp4
2026-08-17 15:15:17,276 [INFO] full_path /home/user/mujoco+evo/Mujoco_training_dataset/cache/mujoco_pickplace/videos/chunk-000/observation.images.wrist/episode_000191.mp4
2026-08-17 15:15:17,276 [INFO] full_path /home/user/mujoco+evo/Mujoco_training_dataset/cache/mujoco_pickplace/videos/chunk-000/observation.images.front/episode_000198.mp4
2026-08-17 15:15:17,276 [INFO] build 16_30.pkl
2026-08-17 15:15:17,276 [INFO] full_path /home/user/mujoco+evo/Mujoco_training_dataset/cache/mujoco_pickplace/videos/chunk-000/observation.images.wrist/episode_000005.mp4
2026-08-17 15:15:17,276 [INFO] full_path /home/user/mujoco+evo/Mujoco_training_dataset/cache/mujoco_pickplace/videos/chunk-000/observation.images.overhead/episode_000198.mp4
2026-08-17 15:15:17,276 [INFO] full_path /home/user/mujoco+evo/Mujoco_training_dataset/cache/mujoco_pickplace/videos/chunk-000/observation.images.front/episode_000190.mp4
2026-08-17 15:15:17,276 [INFO] build 66_80.pkl
2026-08-17 15:15:17,276 [INFO] build 66_80.pkl
2026-08-17 15:15:17,277 [INFO] full_path /home/user/mujoco+evo/Mujoco_training_dataset/cache/mujoco_pickplace/videos/chunk-000/observation.images.overhead/episode_000190.mp4
2026-08-17 15:15:17,277 [INFO] build 16_30.pkl
2026-08-17 15:15:17,277 [INFO] full_path /home/user/mujoco+evo/Mujoco_training_dataset/cache/mujoco_pickplace/videos/chunk-000/observation.images.wrist/episode_000190.mp4
2026-08-17 15:15:17,277 [INFO] full_path /home/user/mujoco+evo/Mujoco_training_dataset/cache/mujoco_pickplace/videos/chunk-000/observation.images.wrist/episode_000198.mp4
2026-08-17 15:15:17,277 [INFO] full_path /home/user/mujoco+evo/Mujoco_training_dataset/cache/mujoco_pickplace/videos/chunk-000/observation.images.front/episode_000008.mp4
2026-08-17 15:15:17,277 [INFO] build 47_61.pkl
2026-08-17 15:15:17,277 [INFO] full_path /home/user/mujoco+evo/Mujoco_training_dataset/cache/mujoco_pickplace/videos/chunk-000/observation.images.front/episode_000199.mp4
2026-08-17 15:15:17,277 [INFO] full_path /home/user/mujoco+evo/Mujoco_training_dataset/cache/mujoco_pickplace/videos/chunk-000/observation.images.overhead/episode_000008.mp4
2026-08-17 15:15:17,277 [INFO] full_path /home/user/mujoco+evo/Mujoco_training_dataset/cache/mujoco_pickplace/videos/chunk-000/observation.images.overhead/episode_000199.mp4
2026-08-17 15:15:17,277 [INFO] full_path /home/user/mujoco+evo/Mujoco_training_dataset/cache/mujoco_pickplace/videos/chunk-000/observation.images.wrist/episode_000008.mp4
2026-08-17 15:15:17,277 [INFO] full_path /home/user/mujoco+evo/Mujoco_training_dataset/cache/mujoco_pickplace/videos/chunk-000/observation.images.front/episode_000196.mp4
2026-08-17 15:15:17,277 [INFO] build 57_71.pkl
2026-08-17 15:15:17,277 [INFO] full_path /home/user/mujoco+evo/Mujoco_training_dataset/cache/mujoco_pickplace/videos/chunk-000/observation.images.front/episode_000194.mp4
2026-08-17 15:15:17,277 [INFO] full_path /home/user/mujoco+evo/Mujoco_training_dataset/cache/mujoco_pickplace/videos/chunk-000/observation.images.overhead/episode_000194.mp4
2026-08-17 15:15:17,277 [INFO] full_path /home/user/mujoco+evo/Mujoco_training_dataset/cache/mujoco_pickplace/videos/chunk-000/observation.images.overhead/episode_000196.mp4
2026-08-17 15:15:17,277 [INFO] full_path /home/user/mujoco+evo/Mujoco_training_dataset/cache/mujoco_pickplace/videos/chunk-000/observation.images.front/episode_000192.mp4
2026-08-17 15:15:17,278 [INFO] full_path /home/user/mujoco+evo/Mujoco_training_dataset/cache/mujoco_pickplace/videos/chunk-000/observation.images.wrist/episode_000194.mp4
2026-08-17 15:15:17,278 [INFO] full_path /home/user/mujoco+evo/Mujoco_training_dataset/cache/mujoco_pickplace/videos/chunk-000/observation.images.overhead/episode_000192.mp4
2026-08-17 15:15:17,278 [INFO] full_path /home/user/mujoco+evo/Mujoco_training_dataset/cache/mujoco_pickplace/videos/chunk-000/observation.images.wrist/episode_000199.mp4
2026-08-17 15:15:17,278 [INFO] full_path /home/user/mujoco+evo/Mujoco_training_dataset/cache/mujoco_pickplace/videos/chunk-000/observation.images.wrist/episode_000196.mp4
2026-08-17 15:15:17,278 [INFO] build 69_83.pkl
2026-08-17 15:15:17,278 [INFO] full_path /home/user/mujoco+evo/Mujoco_training_dataset/cache/mujoco_pickplace/videos/chunk-000/observation.images.wrist/episode_000192.mp4
2026-08-17 15:15:17,278 [INFO] build 27_41.pkl
2026-08-17 15:15:17,278 [INFO] full_path /home/user/mujoco+evo/Mujoco_training_dataset/cache/mujoco_pickplace/videos/chunk-000/observation.images.front/episode_000063.mp4
2026-08-17 15:15:17,278 [INFO] full_path /home/user/mujoco+evo/Mujoco_training_dataset/cache/mujoco_pickplace/videos/chunk-000/observation.images.front/episode_000193.mp4
2026-08-17 15:15:17,278 [INFO] full_path /home/user/mujoco+evo/Mujoco_training_dataset/cache/mujoco_pickplace/videos/chunk-000/observation.images.overhead/episode_000063.mp4
2026-08-17 15:15:17,278 [INFO] build 47_61.pkl
2026-08-17 15:15:17,278 [INFO] full_path /home/user/mujoco+evo/Mujoco_training_dataset/cache/mujoco_pickplace/videos/chunk-000/observation.images.wrist/episode_000063.mp4
2026-08-17 15:15:17,278 [INFO] full_path /home/user/mujoco+evo/Mujoco_training_dataset/cache/mujoco_pickplace/videos/chunk-000/observation.images.overhead/episode_000193.mp4
2026-08-17 15:15:17,278 [INFO] build 0_14.pkl
2026-08-17 15:15:17,278 [INFO] full_path /home/user/mujoco+evo/Mujoco_training_dataset/cache/mujoco_pickplace/videos/chunk-000/observation.images.wrist/episode_000193.mp4
2026-08-17 15:15:17,279 [INFO] build 17_31.pkl
2026-08-17 15:15:17,279 [INFO] full_path /home/user/mujoco+evo/Mujoco_training_dataset/cache/mujoco_pickplace/videos/chunk-000/observation.images.front/episode_000191.mp4
2026-08-17 15:15:17,279 [INFO] full_path /home/user/mujoco+evo/Mujoco_training_dataset/cache/mujoco_pickplace/videos/chunk-000/observation.images.front/episode_000197.mp4
2026-08-17 15:15:17,279 [INFO] full_path /home/user/mujoco+evo/Mujoco_training_dataset/cache/mujoco_pickplace/videos/chunk-000/observation.images.overhead/episode_000197.mp4
2026-08-17 15:15:17,279 [INFO] full_path /home/user/mujoco+evo/Mujoco_training_dataset/cache/mujoco_pickplace/videos/chunk-000/observation.images.overhead/episode_000191.mp4
2026-08-17 15:15:17,279 [INFO] full_path /home/user/mujoco+evo/Mujoco_training_dataset/cache/mujoco_pickplace/videos/chunk-000/observation.images.wrist/episode_000191.mp4
2026-08-17 15:15:17,279 [INFO] full_path /home/user/mujoco+evo/Mujoco_training_dataset/cache/mujoco_pickplace/videos/chunk-000/observation.images.front/episode_000190.mp4
2026-08-17 15:15:17,279 [INFO] full_path /home/user/mujoco+evo/Mujoco_training_dataset/cache/mujoco_pickplace/videos/chunk-000/observation.images.wrist/episode_000197.mp4
2026-08-17 15:15:17,279 [INFO] build 48_62.pkl
2026-08-17 15:15:17,279 [INFO] build 22_36.pkl
2026-08-17 15:15:17,279 [INFO] build 17_31.pkl
2026-08-17 15:15:17,279 [INFO] build 58_72.pkl
2026-08-17 15:15:17,279 [INFO] full_path /home/user/mujoco+evo/Mujoco_training_dataset/cache/mujoco_pickplace/videos/chunk-000/observation.images.front/episode_000198.mp4
2026-08-17 15:15:17,279 [INFO] full_path /home/user/mujoco+evo/Mujoco_training_dataset/cache/mujoco_pickplace/videos/chunk-000/observation.images.front/episode_000196.mp4
2026-08-17 15:15:17,279 [INFO] full_path /home/user/mujoco+evo/Mujoco_training_dataset/cache/mujoco_pickplace/videos/chunk-000/observation.images.overhead/episode_000190.mp4
2026-08-17 15:15:17,279 [INFO] full_path /home/user/mujoco+evo/Mujoco_training_dataset/cache/mujoco_pickplace/videos/chunk-000/observation.images.front/episode_000194.mp4
2026-08-17 15:15:17,279 [INFO] full_path /home/user/mujoco+evo/Mujoco_training_dataset/cache/mujoco_pickplace/videos/chunk-000/observation.images.overhead/episode_000198.mp4
2026-08-17 15:15:17,279 [INFO] build 67_81.pkl
2026-08-17 15:15:17,279 [INFO] full_path /home/user/mujoco+evo/Mujoco_training_dataset/cache/mujoco_pickplace/videos/chunk-000/observation.images.wrist/episode_000198.mp4
2026-08-17 15:15:17,279 [INFO] full_path /home/user/mujoco+evo/Mujoco_training_dataset/cache/mujoco_pickplace/videos/chunk-000/observation.images.front/episode_000192.mp4
2026-08-17 15:15:17,279 [INFO] full_path /home/user/mujoco+evo/Mujoco_training_dataset/cache/mujoco_pickplace/videos/chunk-000/observation.images.overhead/episode_000194.mp4
2026-08-17 15:15:17,280 [INFO] full_path /home/user/mujoco+evo/Mujoco_training_dataset/cache/mujoco_pickplace/videos/chunk-000/observation.images.front/episode_000199.mp4
2026-08-17 15:15:17,279 [INFO] full_path /home/user/mujoco+evo/Mujoco_training_dataset/cache/mujoco_pickplace/videos/chunk-000/observation.images.wrist/episode_000190.mp4
2026-08-17 15:15:17,280 [INFO] full_path /home/user/mujoco+evo/Mujoco_training_dataset/cache/mujoco_pickplace/videos/chunk-000/observation.images.overhead/episode_000192.mp4
2026-08-17 15:15:17,280 [INFO] full_path /home/user/mujoco+evo/Mujoco_training_dataset/cache/mujoco_pickplace/videos/chunk-000/observation.images.wrist/episode_000194.mp4
2026-08-17 15:15:17,280 [INFO] full_path /home/user/mujoco+evo/Mujoco_training_dataset/cache/mujoco_pickplace/videos/chunk-000/observation.images.overhead/episode_000199.mp4
2026-08-17 15:15:17,280 [INFO] full_path /home/user/mujoco+evo/Mujoco_training_dataset/cache/mujoco_pickplace/videos/chunk-000/observation.images.overhead/episode_000196.mp4
2026-08-17 15:15:17,280 [INFO] build 70_84.pkl
2026-08-17 15:15:17,280 [INFO] full_path /home/user/mujoco+evo/Mujoco_training_dataset/cache/mujoco_pickplace/videos/chunk-000/observation.images.wrist/episode_000192.mp4
2026-08-17 15:15:17,280 [INFO] full_path /home/user/mujoco+evo/Mujoco_training_dataset/cache/mujoco_pickplace/videos/chunk-000/observation.images.wrist/episode_000199.mp4
2026-08-17 15:15:17,280 [INFO] full_path /home/user/mujoco+evo/Mujoco_training_dataset/cache/mujoco_pickplace/videos/chunk-000/observation.images.wrist/episode_000196.mp4
2026-08-17 15:15:17,280 [INFO] build 48_62.pkl
2026-08-17 15:15:17,280 [INFO] full_path /home/user/mujoco+evo/Mujoco_training_dataset/cache/mujoco_pickplace/videos/chunk-000/observation.images.front/episode_000063.mp4
2026-08-17 15:15:17,280 [INFO] build 28_42.pkl
2026-08-17 15:15:17,280 [INFO] full_path /home/user/mujoco+evo/Mujoco_training_dataset/cache/mujoco_pickplace/videos/chunk-000/observation.images.overhead/episode_000063.mp4
2026-08-17 15:15:17,280 [INFO] full_path /home/user/mujoco+evo/Mujoco_training_dataset/cache/mujoco_pickplace/videos/chunk-000/observation.images.front/episode_000191.mp4
2026-08-17 15:15:17,280 [INFO] full_path /home/user/mujoco+evo/Mujoco_training_dataset/cache/mujoco_pickplace/videos/chunk-000/observation.images.wrist/episode_000063.mp4
2026-08-17 15:15:17,280 [INFO] full_path /home/user/mujoco+evo/Mujoco_training_dataset/cache/mujoco_pickplace/videos/chunk-000/observation.images.overhead/episode_000191.mp4
2026-08-17 15:15:17,280 [INFO] full_path /home/user/mujoco+evo/Mujoco_training_dataset/cache/mujoco_pickplace/videos/chunk-000/observation.images.front/episode_000193.mp4
2026-08-17 15:15:17,280 [INFO] full_path /home/user/mujoco+evo/Mujoco_training_dataset/cache/mujoco_pickplace/videos/chunk-000/observation.images.wrist/episode_000191.mp4
2026-08-17 15:15:17,281 [INFO] full_path /home/user/mujoco+evo/Mujoco_training_dataset/cache/mujoco_pickplace/videos/chunk-000/observation.images.overhead/episode_000193.mp4
2026-08-17 15:15:17,281 [INFO] full_path /home/user/mujoco+evo/Mujoco_training_dataset/cache/mujoco_pickplace/videos/chunk-000/observation.images.wrist/episode_000193.mp4
2026-08-17 15:15:17,281 [INFO] build 1_15.pkl
2026-08-17 15:15:17,281 [INFO] full_path /home/user/mujoco+evo/Mujoco_training_dataset/cache/mujoco_pickplace/videos/chunk-000/observation.images.front/episode_000197.mp4
2026-08-17 15:15:17,281 [INFO] build 68_82.pkl
2026-08-17 15:15:17,281 [INFO] full_path /home/user/mujoco+evo/Mujoco_training_dataset/cache/mujoco_pickplace/videos/chunk-000/observation.images.overhead/episode_000197.mp4
2026-08-17 15:15:17,281 [INFO] build 23_37.pkl
2026-08-17 15:15:17,281 [INFO] build 59_73.pkl
2026-08-17 15:15:17,281 [INFO] full_path /home/user/mujoco+evo/Mujoco_training_dataset/cache/mujoco_pickplace/videos/chunk-000/observation.images.front/episode_000199.mp4
2026-08-17 15:15:17,281 [INFO] build 49_63.pkl
2026-08-17 15:15:17,281 [INFO] full_path /home/user/mujoco+evo/Mujoco_training_dataset/cache/mujoco_pickplace/videos/chunk-000/observation.images.wrist/episode_000197.mp4
2026-08-17 15:15:17,281 [INFO] full_path /home/user/mujoco+evo/Mujoco_training_dataset/cache/mujoco_pickplace/videos/chunk-000/observation.images.overhead/episode_000199.mp4
2026-08-17 15:15:17,281 [INFO] full_path /home/user/mujoco+evo/Mujoco_training_dataset/cache/mujoco_pickplace/videos/chunk-000/observation.images.front/episode_000192.mp4
2026-08-17 15:15:17,281 [INFO] full_path /home/user/mujoco+evo/Mujoco_training_dataset/cache/mujoco_pickplace/videos/chunk-000/observation.images.front/episode_000198.mp4
2026-08-17 15:15:17,281 [INFO] full_path /home/user/mujoco+evo/Mujoco_training_dataset/cache/mujoco_pickplace/videos/chunk-000/observation.images.front/episode_000194.mp4
2026-08-17 15:15:17,281 [INFO] full_path /home/user/mujoco+evo/Mujoco_training_dataset/cache/mujoco_pickplace/videos/chunk-000/observation.images.overhead/episode_000192.mp4
2026-08-17 15:15:17,281 [INFO] build 18_32.pkl
2026-08-17 15:15:17,282 [INFO] build 49_63.pkl
2026-08-17 15:15:17,282 [INFO] build 18_32.pkl
2026-08-17 15:15:17,282 [INFO] full_path /home/user/mujoco+evo/Mujoco_training_dataset/cache/mujoco_pickplace/videos/chunk-000/observation.images.wrist/episode_000192.mp4
2026-08-17 15:15:17,282 [INFO] full_path /home/user/mujoco+evo/Mujoco_training_dataset/cache/mujoco_pickplace/videos/chunk-000/observation.images.overhead/episode_000198.mp4
2026-08-17 15:15:17,282 [INFO] full_path /home/user/mujoco+evo/Mujoco_training_dataset/cache/mujoco_pickplace/videos/chunk-000/observation.images.front/episode_000191.mp4
2026-08-17 15:15:17,282 [INFO] full_path /home/user/mujoco+evo/Mujoco_training_dataset/cache/mujoco_pickplace/videos/chunk-000/observation.images.wrist/episode_000199.mp4
2026-08-17 15:15:17,282 [INFO] full_path /home/user/mujoco+evo/Mujoco_training_dataset/cache/mujoco_pickplace/videos/chunk-000/observation.images.front/episode_000190.mp4
2026-08-17 15:15:17,282 [INFO] full_path /home/user/mujoco+evo/Mujoco_training_dataset/cache/mujoco_pickplace/videos/chunk-000/observation.images.overhead/episode_000194.mp4
2026-08-17 15:15:17,282 [INFO] full_path /home/user/mujoco+evo/Mujoco_training_dataset/cache/mujoco_pickplace/videos/chunk-000/observation.images.front/episode_000196.mp4
2026-08-17 15:15:17,282 [INFO] full_path /home/user/mujoco+evo/Mujoco_training_dataset/cache/mujoco_pickplace/videos/chunk-000/observation.images.overhead/episode_000191.mp4
2026-08-17 15:15:17,282 [INFO] full_path /home/user/mujoco+evo/Mujoco_training_dataset/cache/mujoco_pickplace/videos/chunk-000/observation.images.wrist/episode_000198.mp4
2026-08-17 15:15:17,282 [INFO] full_path /home/user/mujoco+evo/Mujoco_training_dataset/cache/mujoco_pickplace/videos/chunk-000/observation.images.overhead/episode_000190.mp4
2026-08-17 15:15:17,282 [INFO] full_path /home/user/mujoco+evo/Mujoco_training_dataset/cache/mujoco_pickplace/videos/chunk-000/observation.images.wrist/episode_000194.mp4
2026-08-17 15:15:17,282 [INFO] full_path /home/user/mujoco+evo/Mujoco_training_dataset/cache/mujoco_pickplace/videos/chunk-000/observation.images.overhead/episode_000196.mp4
2026-08-17 15:15:17,282 [INFO] build 29_43.pkl
2026-08-17 15:15:17,282 [INFO] full_path /home/user/mujoco+evo/Mujoco_training_dataset/cache/mujoco_pickplace/videos/chunk-000/observation.images.wrist/episode_000190.mp4
2026-08-17 15:15:17,282 [INFO] full_path /home/user/mujoco+evo/Mujoco_training_dataset/cache/mujoco_pickplace/videos/chunk-000/observation.images.wrist/episode_000191.mp4
2026-08-17 15:15:17,282 [INFO] full_path /home/user/mujoco+evo/Mujoco_training_dataset/cache/mujoco_pickplace/videos/chunk-000/observation.images.wrist/episode_000196.mp4
2026-08-17 15:15:17,282 [INFO] full_path /home/user/mujoco+evo/Mujoco_training_dataset/cache/mujoco_pickplace/videos/chunk-000/observation.images.front/episode_000193.mp4
2026-08-17 15:15:17,282 [INFO] build 2_16.pkl
2026-08-17 15:15:17,282 [INFO] full_path /home/user/mujoco+evo/Mujoco_training_dataset/cache/mujoco_pickplace/videos/chunk-000/observation.images.overhead/episode_000193.mp4
2026-08-17 15:15:17,283 [INFO] full_path /home/user/mujoco+evo/Mujoco_training_dataset/cache/mujoco_pickplace/videos/chunk-000/observation.images.front/episode_000197.mp4
2026-08-17 15:15:17,283 [INFO] full_path /home/user/mujoco+evo/Mujoco_training_dataset/cache/mujoco_pickplace/videos/chunk-000/observation.images.wrist/episode_000193.mp4
2026-08-17 15:15:17,283 [INFO] full_path /home/user/mujoco+evo/Mujoco_training_dataset/cache/mujoco_pickplace/videos/chunk-000/observation.images.overhead/episode_000197.mp4
2026-08-17 15:15:17,283 [INFO] full_path /home/user/mujoco+evo/Mujoco_training_dataset/cache/mujoco_pickplace/videos/chunk-000/observation.images.wrist/episode_000197.mp4
2026-08-17 15:15:17,283 [INFO] build 60_74.pkl
2026-08-17 15:15:17,283 [INFO] full_path /home/user/mujoco+evo/Mujoco_training_dataset/cache/mujoco_pickplace/videos/chunk-000/observation.images.front/episode_000192.mp4
2026-08-17 15:15:17,283 [INFO] full_path /home/user/mujoco+evo/Mujoco_training_dataset/cache/mujoco_pickplace/videos/chunk-000/observation.images.overhead/episode_000192.mp4
2026-08-17 15:15:17,283 [INFO] full_path /home/user/mujoco+evo/Mujoco_training_dataset/cache/mujoco_pickplace/videos/chunk-000/observation.images.wrist/episode_000192.mp4
2026-08-17 15:15:17,283 [INFO] build 24_38.pkl
2026-08-17 15:15:17,284 [INFO] build 19_33.pkl
2026-08-17 15:15:17,284 [INFO] build 50_64.pkl
2026-08-17 15:15:17,284 [INFO] full_path /home/user/mujoco+evo/Mujoco_training_dataset/cache/mujoco_pickplace/videos/chunk-000/observation.images.front/episode_000198.mp4
2026-08-17 15:15:17,284 [INFO] full_path /home/user/mujoco+evo/Mujoco_training_dataset/cache/mujoco_pickplace/videos/chunk-000/observation.images.overhead/episode_000198.mp4
2026-08-17 15:15:17,284 [INFO] full_path /home/user/mujoco+evo/Mujoco_training_dataset/cache/mujoco_pickplace/videos/chunk-000/observation.images.wrist/episode_000198.mp4
2026-08-17 15:15:17,284 [INFO] build 19_33.pkl
2026-08-17 15:15:17,284 [INFO] full_path /home/user/mujoco+evo/Mujoco_training_dataset/cache/mujoco_pickplace/videos/chunk-000/observation.images.front/episode_000190.mp4
2026-08-17 15:15:17,284 [INFO] full_path /home/user/mujoco+evo/Mujoco_training_dataset/cache/mujoco_pickplace/videos/chunk-000/observation.images.front/episode_000191.mp4
2026-08-17 15:15:17,284 [INFO] full_path /home/user/mujoco+evo/Mujoco_training_dataset/cache/mujoco_pickplace/videos/chunk-000/observation.images.overhead/episode_000190.mp4
2026-08-17 15:15:17,284 [INFO] build 50_64.pkl
2026-08-17 15:15:17,284 [INFO] full_path /home/user/mujoco+evo/Mujoco_training_dataset/cache/mujoco_pickplace/videos/chunk-000/observation.images.overhead/episode_000191.mp4
2026-08-17 15:15:17,284 [INFO] full_path /home/user/mujoco+evo/Mujoco_training_dataset/cache/mujoco_pickplace/videos/chunk-000/observation.images.front/episode_000196.mp4
2026-08-17 15:15:17,284 [INFO] full_path /home/user/mujoco+evo/Mujoco_training_dataset/cache/mujoco_pickplace/videos/chunk-000/observation.images.overhead/episode_000196.mp4
2026-08-17 15:15:17,284 [INFO] full_path /home/user/mujoco+evo/Mujoco_training_dataset/cache/mujoco_pickplace/videos/chunk-000/observation.images.wrist/episode_000190.mp4
2026-08-17 15:15:17,284 [INFO] full_path /home/user/mujoco+evo/Mujoco_training_dataset/cache/mujoco_pickplace/videos/chunk-000/observation.images.wrist/episode_000191.mp4
2026-08-17 15:15:17,284 [INFO] full_path /home/user/mujoco+evo/Mujoco_training_dataset/cache/mujoco_pickplace/videos/chunk-000/observation.images.front/episode_000194.mp4
2026-08-17 15:15:17,284 [INFO] full_path /home/user/mujoco+evo/Mujoco_training_dataset/cache/mujoco_pickplace/videos/chunk-000/observation.images.wrist/episode_000196.mp4
2026-08-17 15:15:17,284 [INFO] build 3_17.pkl
2026-08-17 15:15:17,284 [INFO] build 30_44.pkl
2026-08-17 15:15:17,284 [INFO] full_path /home/user/mujoco+evo/Mujoco_training_dataset/cache/mujoco_pickplace/videos/chunk-000/observation.images.overhead/episode_000194.mp4
2026-08-17 15:15:17,284 [INFO] full_path /home/user/mujoco+evo/Mujoco_training_dataset/cache/mujoco_pickplace/videos/chunk-000/observation.images.front/episode_000197.mp4
2026-08-17 15:15:17,284 [INFO] full_path /home/user/mujoco+evo/Mujoco_training_dataset/cache/mujoco_pickplace/videos/chunk-000/observation.images.wrist/episode_000194.mp4
2026-08-17 15:15:17,285 [INFO] full_path /home/user/mujoco+evo/Mujoco_training_dataset/cache/mujoco_pickplace/videos/chunk-000/observation.images.overhead/episode_000197.mp4
2026-08-17 15:15:17,285 [INFO] full_path /home/user/mujoco+evo/Mujoco_training_dataset/cache/mujoco_pickplace/videos/chunk-000/observation.images.front/episode_000193.mp4
2026-08-17 15:15:17,285 [INFO] full_path /home/user/mujoco+evo/Mujoco_training_dataset/cache/mujoco_pickplace/videos/chunk-000/observation.images.wrist/episode_000197.mp4
2026-08-17 15:15:17,285 [INFO] full_path /home/user/mujoco+evo/Mujoco_training_dataset/cache/mujoco_pickplace/videos/chunk-000/observation.images.overhead/episode_000193.mp4
2026-08-17 15:15:17,285 [INFO] build 25_39.pkl
2026-08-17 15:15:17,285 [INFO] build 61_75.pkl
2026-08-17 15:15:17,285 [INFO] full_path /home/user/mujoco+evo/Mujoco_training_dataset/cache/mujoco_pickplace/videos/chunk-000/observation.images.wrist/episode_000193.mp4
2026-08-17 15:15:17,285 [INFO] build 67_81.pkl
2026-08-17 15:15:17,285 [INFO] full_path /home/user/mujoco+evo/Mujoco_training_dataset/cache/mujoco_pickplace/videos/chunk-000/observation.images.front/episode_000198.mp4
2026-08-17 15:15:17,285 [INFO] full_path /home/user/mujoco+evo/Mujoco_training_dataset/cache/mujoco_pickplace/videos/chunk-000/observation.images.front/episode_000192.mp4
2026-08-17 15:15:17,285 [INFO] full_path /home/user/mujoco+evo/Mujoco_training_dataset/cache/mujoco_pickplace/videos/chunk-000/observation.images.overhead/episode_000192.mp4
2026-08-17 15:15:17,285 [INFO] full_path /home/user/mujoco+evo/Mujoco_training_dataset/cache/mujoco_pickplace/videos/chunk-000/observation.images.overhead/episode_000198.mp4
2026-08-17 15:15:17,285 [INFO] full_path /home/user/mujoco+evo/Mujoco_training_dataset/cache/mujoco_pickplace/videos/chunk-000/observation.images.front/episode_000015.mp4
2026-08-17 15:15:17,285 [INFO] full_path /home/user/mujoco+evo/Mujoco_training_dataset/cache/mujoco_pickplace/videos/chunk-000/observation.images.wrist/episode_000198.mp4
2026-08-17 15:15:17,285 [INFO] full_path /home/user/mujoco+evo/Mujoco_training_dataset/cache/mujoco_pickplace/videos/chunk-000/observation.images.wrist/episode_000192.mp4
2026-08-17 15:15:17,285 [INFO] full_path /home/user/mujoco+evo/Mujoco_training_dataset/cache/mujoco_pickplace/videos/chunk-000/observation.images.overhead/episode_000015.mp4
2026-08-17 15:15:17,285 [INFO] build 20_34.pkl
2026-08-17 15:15:17,285 [INFO] build 51_65.pkl
2026-08-17 15:15:17,285 [INFO] build 20_34.pkl
2026-08-17 15:15:17,286 [INFO] full_path /home/user/mujoco+evo/Mujoco_training_dataset/cache/mujoco_pickplace/videos/chunk-000/observation.images.wrist/episode_000015.mp4
2026-08-17 15:15:17,286 [INFO] full_path /home/user/mujoco+evo/Mujoco_training_dataset/cache/mujoco_pickplace/videos/chunk-000/observation.images.front/episode_000190.mp4
2026-08-17 15:15:17,286 [INFO] full_path /home/user/mujoco+evo/Mujoco_training_dataset/cache/mujoco_pickplace/videos/chunk-000/observation.images.front/episode_000191.mp4
2026-08-17 15:15:17,286 [INFO] full_path /home/user/mujoco+evo/Mujoco_training_dataset/cache/mujoco_pickplace/videos/chunk-000/observation.images.front/episode_000196.mp4
2026-08-17 15:15:17,286 [INFO] full_path /home/user/mujoco+evo/Mujoco_training_dataset/cache/mujoco_pickplace/videos/chunk-000/observation.images.overhead/episode_000190.mp4
2026-08-17 15:15:17,286 [INFO] full_path /home/user/mujoco+evo/Mujoco_training_dataset/cache/mujoco_pickplace/videos/chunk-000/observation.images.overhead/episode_000196.mp4
2026-08-17 15:15:17,286 [INFO] full_path /home/user/mujoco+evo/Mujoco_training_dataset/cache/mujoco_pickplace/videos/chunk-000/observation.images.overhead/episode_000191.mp4
2026-08-17 15:15:17,286 [INFO] build 51_65.pkl
2026-08-17 15:15:17,286 [INFO] full_path /home/user/mujoco+evo/Mujoco_training_dataset/cache/mujoco_pickplace/videos/chunk-000/observation.images.wrist/episode_000196.mp4
2026-08-17 15:15:17,286 [INFO] full_path /home/user/mujoco+evo/Mujoco_training_dataset/cache/mujoco_pickplace/videos/chunk-000/observation.images.wrist/episode_000190.mp4
2026-08-17 15:15:17,286 [INFO] full_path /home/user/mujoco+evo/Mujoco_training_dataset/cache/mujoco_pickplace/videos/chunk-000/observation.images.wrist/episode_000191.mp4
2026-08-17 15:15:17,286 [INFO] build 4_18.pkl
2026-08-17 15:15:17,286 [INFO] full_path /home/user/mujoco+evo/Mujoco_training_dataset/cache/mujoco_pickplace/videos/chunk-000/observation.images.front/episode_000194.mp4
2026-08-17 15:15:17,286 [INFO] full_path /home/user/mujoco+evo/Mujoco_training_dataset/cache/mujoco_pickplace/videos/chunk-000/observation.images.overhead/episode_000194.mp4
2026-08-17 15:15:17,286 [INFO] full_path /home/user/mujoco+evo/Mujoco_training_dataset/cache/mujoco_pickplace/videos/chunk-000/observation.images.front/episode_000197.mp4
2026-08-17 15:15:17,286 [INFO] build 31_45.pkl
2026-08-17 15:15:17,286 [INFO] full_path /home/user/mujoco+evo/Mujoco_training_dataset/cache/mujoco_pickplace/videos/chunk-000/observation.images.overhead/episode_000197.mp4
2026-08-17 15:15:17,286 [INFO] full_path /home/user/mujoco+evo/Mujoco_training_dataset/cache/mujoco_pickplace/videos/chunk-000/observation.images.wrist/episode_000194.mp4
2026-08-17 15:15:17,286 [INFO] full_path /home/user/mujoco+evo/Mujoco_training_dataset/cache/mujoco_pickplace/videos/chunk-000/observation.images.wrist/episode_000197.mp4
2026-08-17 15:15:17,286 [INFO] build 26_40.pkl
2026-08-17 15:15:17,286 [INFO] build 62_76.pkl
2026-08-17 15:15:17,286 [INFO] full_path /home/user/mujoco+evo/Mujoco_training_dataset/cache/mujoco_pickplace/videos/chunk-000/observation.images.front/episode_000193.mp4
2026-08-17 15:15:17,287 [INFO] full_path /home/user/mujoco+evo/Mujoco_training_dataset/cache/mujoco_pickplace/videos/chunk-000/observation.images.overhead/episode_000193.mp4
2026-08-17 15:15:17,287 [INFO] full_path /home/user/mujoco+evo/Mujoco_training_dataset/cache/mujoco_pickplace/videos/chunk-000/observation.images.front/episode_000192.mp4
2026-08-17 15:15:17,287 [INFO] full_path /home/user/mujoco+evo/Mujoco_training_dataset/cache/mujoco_pickplace/videos/chunk-000/observation.images.front/episode_000198.mp4
2026-08-17 15:15:17,287 [INFO] build 72_86.pkl
2026-08-17 15:15:17,287 [INFO] full_path /home/user/mujoco+evo/Mujoco_training_dataset/cache/mujoco_pickplace/videos/chunk-000/observation.images.wrist/episode_000193.mp4
2026-08-17 15:15:17,287 [INFO] build 52_66.pkl
2026-08-17 15:15:17,287 [INFO] full_path /home/user/mujoco+evo/Mujoco_training_dataset/cache/mujoco_pickplace/videos/chunk-000/observation.images.overhead/episode_000198.mp4
2026-08-17 15:15:17,287 [INFO] full_path /home/user/mujoco+evo/Mujoco_training_dataset/cache/mujoco_pickplace/videos/chunk-000/observation.images.overhead/episode_000192.mp4
2026-08-17 15:15:17,287 [INFO] build 21_35.pkl
2026-08-17 15:15:17,287 [INFO] full_path /home/user/mujoco+evo/Mujoco_training_dataset/cache/mujoco_pickplace/videos/chunk-000/observation.images.front/episode_000191.mp4
2026-08-17 15:15:17,287 [INFO] full_path /home/user/mujoco+evo/Mujoco_training_dataset/cache/mujoco_pickplace/videos/chunk-000/observation.images.wrist/episode_000198.mp4
2026-08-17 15:15:17,287 [INFO] full_path /home/user/mujoco+evo/Mujoco_training_dataset/cache/mujoco_pickplace/videos/chunk-000/observation.images.wrist/episode_000192.mp4
2026-08-17 15:15:17,287 [INFO] full_path /home/user/mujoco+evo/Mujoco_training_dataset/cache/mujoco_pickplace/videos/chunk-000/observation.images.front/episode_000064.mp4
2026-08-17 15:15:17,287 [INFO] full_path /home/user/mujoco+evo/Mujoco_training_dataset/cache/mujoco_pickplace/videos/chunk-000/observation.images.overhead/episode_000191.mp4
2026-08-17 15:15:17,287 [INFO] build 21_35.pkl
2026-08-17 15:15:17,287 [INFO] full_path /home/user/mujoco+evo/Mujoco_training_dataset/cache/mujoco_pickplace/videos/chunk-000/observation.images.front/episode_000196.mp4
2026-08-17 15:15:17,287 [INFO] full_path /home/user/mujoco+evo/Mujoco_training_dataset/cache/mujoco_pickplace/videos/chunk-000/observation.images.overhead/episode_000064.mp4
2026-08-17 15:15:17,287 [INFO] build 68_82.pkl
2026-08-17 15:15:17,287 [INFO] full_path /home/user/mujoco+evo/Mujoco_training_dataset/cache/mujoco_pickplace/videos/chunk-000/observation.images.wrist/episode_000191.mp4
2026-08-17 15:15:17,287 [INFO] full_path /home/user/mujoco+evo/Mujoco_training_dataset/cache/mujoco_pickplace/videos/chunk-000/observation.images.overhead/episode_000196.mp4
2026-08-17 15:15:17,287 [INFO] full_path /home/user/mujoco+evo/Mujoco_training_dataset/cache/mujoco_pickplace/videos/chunk-000/observation.images.front/episode_000190.mp4
2026-08-17 15:15:17,287 [INFO] full_path /home/user/mujoco+evo/Mujoco_training_dataset/cache/mujoco_pickplace/videos/chunk-000/observation.images.wrist/episode_000196.mp4
2026-08-17 15:15:17,287 [INFO] full_path /home/user/mujoco+evo/Mujoco_training_dataset/cache/mujoco_pickplace/videos/chunk-000/observation.images.wrist/episode_000064.mp4
2026-08-17 15:15:17,287 [INFO] full_path /home/user/mujoco+evo/Mujoco_training_dataset/cache/mujoco_pickplace/videos/chunk-000/observation.images.overhead/episode_000190.mp4
2026-08-17 15:15:17,287 [INFO] full_path /home/user/mujoco+evo/Mujoco_training_dataset/cache/mujoco_pickplace/videos/chunk-000/observation.images.front/episode_000015.mp4
2026-08-17 15:15:17,288 [INFO] build 52_66.pkl
2026-08-17 15:15:17,288 [INFO] full_path /home/user/mujoco+evo/Mujoco_training_dataset/cache/mujoco_pickplace/videos/chunk-000/observation.images.overhead/episode_000015.mp4
2026-08-17 15:15:17,288 [INFO] full_path /home/user/mujoco+evo/Mujoco_training_dataset/cache/mujoco_pickplace/videos/chunk-000/observation.images.wrist/episode_000190.mp4
2026-08-17 15:15:17,288 [INFO] full_path /home/user/mujoco+evo/Mujoco_training_dataset/cache/mujoco_pickplace/videos/chunk-000/observation.images.wrist/episode_000015.mp4
2026-08-17 15:15:17,288 [INFO] build 5_19.pkl
2026-08-17 15:15:17,288 [INFO] build 32_46.pkl
2026-08-17 15:15:17,288 [INFO] full_path /home/user/mujoco+evo/Mujoco_training_dataset/cache/mujoco_pickplace/videos/chunk-000/observation.images.front/episode_000194.mp4
2026-08-17 15:15:17,288 [INFO] full_path /home/user/mujoco+evo/Mujoco_training_dataset/cache/mujoco_pickplace/videos/chunk-000/observation.images.overhead/episode_000194.mp4
2026-08-17 15:15:17,288 [INFO] full_path /home/user/mujoco+evo/Mujoco_training_dataset/cache/mujoco_pickplace/videos/chunk-000/observation.images.front/episode_000197.mp4
2026-08-17 15:15:17,288 [INFO] full_path /home/user/mujoco+evo/Mujoco_training_dataset/cache/mujoco_pickplace/videos/chunk-000/observation.images.front/episode_000193.mp4
2026-08-17 15:15:17,288 [INFO] full_path /home/user/mujoco+evo/Mujoco_training_dataset/cache/mujoco_pickplace/videos/chunk-000/observation.images.wrist/episode_000194.mp4
2026-08-17 15:15:17,288 [INFO] full_path /home/user/mujoco+evo/Mujoco_training_dataset/cache/mujoco_pickplace/videos/chunk-000/observation.images.overhead/episode_000193.mp4
2026-08-17 15:15:17,288 [INFO] full_path /home/user/mujoco+evo/Mujoco_training_dataset/cache/mujoco_pickplace/videos/chunk-000/observation.images.overhead/episode_000197.mp4
2026-08-17 15:15:17,288 [INFO] build 63_77.pkl
2026-08-17 15:15:17,288 [INFO] full_path /home/user/mujoco+evo/Mujoco_training_dataset/cache/mujoco_pickplace/videos/chunk-000/observation.images.wrist/episode_000193.mp4
2026-08-17 15:15:17,288 [INFO] build 68_82.pkl
2026-08-17 15:15:17,288 [INFO] build 22_36.pkl
2026-08-17 15:15:17,288 [INFO] build 53_67.pkl
2026-08-17 15:15:17,288 [INFO] full_path /home/user/mujoco+evo/Mujoco_training_dataset/cache/mujoco_pickplace/videos/chunk-000/observation.images.front/episode_000192.mp4
2026-08-17 15:15:17,288 [INFO] full_path /home/user/mujoco+evo/Mujoco_training_dataset/cache/mujoco_pickplace/videos/chunk-000/observation.images.wrist/episode_000197.mp4
2026-08-17 15:15:17,288 [INFO] build 27_41.pkl
2026-08-17 15:15:17,289 [INFO] full_path /home/user/mujoco+evo/Mujoco_training_dataset/cache/mujoco_pickplace/videos/chunk-000/observation.images.overhead/episode_000192.mp4
2026-08-17 15:15:17,289 [INFO] full_path /home/user/mujoco+evo/Mujoco_training_dataset/cache/mujoco_pickplace/videos/chunk-000/observation.images.front/episode_000196.mp4
2026-08-17 15:15:17,289 [INFO] full_path /home/user/mujoco+evo/Mujoco_training_dataset/cache/mujoco_pickplace/videos/chunk-000/observation.images.front/episode_000159.mp4
2026-08-17 15:15:17,289 [INFO] full_path /home/user/mujoco+evo/Mujoco_training_dataset/cache/mujoco_pickplace/videos/chunk-000/observation.images.front/episode_000191.mp4
2026-08-17 15:15:17,289 [INFO] full_path /home/user/mujoco+evo/Mujoco_training_dataset/cache/mujoco_pickplace/videos/chunk-000/observation.images.front/episode_000198.mp4
2026-08-17 15:15:17,289 [INFO] full_path /home/user/mujoco+evo/Mujoco_training_dataset/cache/mujoco_pickplace/videos/chunk-000/observation.images.overhead/episode_000196.mp4
2026-08-17 15:15:17,289 [INFO] full_path /home/user/mujoco+evo/Mujoco_training_dataset/cache/mujoco_pickplace/videos/chunk-000/observation.images.wrist/episode_000192.mp4
2026-08-17 15:15:17,289 [INFO] full_path /home/user/mujoco+evo/Mujoco_training_dataset/cache/mujoco_pickplace/videos/chunk-000/observation.images.wrist/episode_000196.mp4
2026-08-17 15:15:17,289 [INFO] full_path /home/user/mujoco+evo/Mujoco_training_dataset/cache/mujoco_pickplace/videos/chunk-000/observation.images.overhead/episode_000198.mp4
2026-08-17 15:15:17,289 [INFO] full_path /home/user/mujoco+evo/Mujoco_training_dataset/cache/mujoco_pickplace/videos/chunk-000/observation.images.overhead/episode_000159.mp4
2026-08-17 15:15:17,289 [INFO] full_path /home/user/mujoco+evo/Mujoco_training_dataset/cache/mujoco_pickplace/videos/chunk-000/observation.images.overhead/episode_000191.mp4
2026-08-17 15:15:17,289 [INFO] full_path /home/user/mujoco+evo/Mujoco_training_dataset/cache/mujoco_pickplace/videos/chunk-000/observation.images.wrist/episode_000198.mp4
2026-08-17 15:15:17,289 [INFO] build 73_87.pkl
2026-08-17 15:15:17,289 [INFO] full_path /home/user/mujoco+evo/Mujoco_training_dataset/cache/mujoco_pickplace/videos/chunk-000/observation.images.wrist/episode_000159.mp4
2026-08-17 15:15:17,289 [INFO] full_path /home/user/mujoco+evo/Mujoco_training_dataset/cache/mujoco_pickplace/videos/chunk-000/observation.images.wrist/episode_000191.mp4
2026-08-17 15:15:17,289 [INFO] build 22_36.pkl
2026-08-17 15:15:17,289 [INFO] full_path /home/user/mujoco+evo/Mujoco_training_dataset/cache/mujoco_pickplace/videos/chunk-000/observation.images.front/episode_000064.mp4
2026-08-17 15:15:17,289 [INFO] full_path /home/user/mujoco+evo/Mujoco_training_dataset/cache/mujoco_pickplace/videos/chunk-000/observation.images.front/episode_000190.mp4
2026-08-17 15:15:17,289 [INFO] full_path /home/user/mujoco+evo/Mujoco_training_dataset/cache/mujoco_pickplace/videos/chunk-000/observation.images.overhead/episode_000064.mp4
2026-08-17 15:15:17,289 [INFO] build 53_67.pkl
2026-08-17 15:15:17,289 [INFO] build 33_47.pkl
2026-08-17 15:15:17,289 [INFO] build 69_83.pkl
2026-08-17 15:15:17,289 [INFO] full_path /home/user/mujoco+evo/Mujoco_training_dataset/cache/mujoco_pickplace/videos/chunk-000/observation.images.wrist/episode_000064.mp4
2026-08-17 15:15:17,289 [INFO] full_path /home/user/mujoco+evo/Mujoco_training_dataset/cache/mujoco_pickplace/videos/chunk-000/observation.images.front/episode_000194.mp4
2026-08-17 15:15:17,289 [INFO] full_path /home/user/mujoco+evo/Mujoco_training_dataset/cache/mujoco_pickplace/videos/chunk-000/observation.images.front/episode_000193.mp4
2026-08-17 15:15:17,290 [INFO] full_path /home/user/mujoco+evo/Mujoco_training_dataset/cache/mujoco_pickplace/videos/chunk-000/observation.images.front/episode_000015.mp4
2026-08-17 15:15:17,290 [INFO] full_path /home/user/mujoco+evo/Mujoco_training_dataset/cache/mujoco_pickplace/videos/chunk-000/observation.images.overhead/episode_000190.mp4
2026-08-17 15:15:17,290 [INFO] full_path /home/user/mujoco+evo/Mujoco_training_dataset/cache/mujoco_pickplace/videos/chunk-000/observation.images.overhead/episode_000015.mp4
2026-08-17 15:15:17,290 [INFO] full_path /home/user/mujoco+evo/Mujoco_training_dataset/cache/mujoco_pickplace/videos/chunk-000/observation.images.overhead/episode_000194.mp4
2026-08-17 15:15:17,290 [INFO] full_path /home/user/mujoco+evo/Mujoco_training_dataset/cache/mujoco_pickplace/videos/chunk-000/observation.images.overhead/episode_000193.mp4
2026-08-17 15:15:17,290 [INFO] full_path /home/user/mujoco+evo/Mujoco_training_dataset/cache/mujoco_pickplace/videos/chunk-000/observation.images.wrist/episode_000190.mp4
2026-08-17 15:15:17,290 [INFO] full_path /home/user/mujoco+evo/Mujoco_training_dataset/cache/mujoco_pickplace/videos/chunk-000/observation.images.wrist/episode_000194.mp4
2026-08-17 15:15:17,290 [INFO] full_path /home/user/mujoco+evo/Mujoco_training_dataset/cache/mujoco_pickplace/videos/chunk-000/observation.images.wrist/episode_000193.mp4
2026-08-17 15:15:17,290 [INFO] full_path /home/user/mujoco+evo/Mujoco_training_dataset/cache/mujoco_pickplace/videos/chunk-000/observation.images.wrist/episode_000015.mp4
2026-08-17 15:15:17,290 [INFO] build 23_37.pkl
2026-08-17 15:15:17,290 [INFO] build 6_20.pkl
2026-08-17 15:15:17,290 [INFO] full_path /home/user/mujoco+evo/Mujoco_training_dataset/cache/mujoco_pickplace/videos/chunk-000/observation.images.front/episode_000196.mp4
2026-08-17 15:15:17,290 [INFO] build 54_68.pkl
2026-08-17 15:15:17,290 [INFO] build 64_78.pkl
2026-08-17 15:15:17,290 [INFO] build 28_42.pkl
2026-08-17 15:15:17,290 [INFO] full_path /home/user/mujoco+evo/Mujoco_training_dataset/cache/mujoco_pickplace/videos/chunk-000/observation.images.overhead/episode_000196.mp4
2026-08-17 15:15:17,290 [INFO] build 69_83.pkl
2026-08-17 15:15:17,290 [INFO] full_path /home/user/mujoco+evo/Mujoco_training_dataset/cache/mujoco_pickplace/videos/chunk-000/observation.images.front/episode_000197.mp4
2026-08-17 15:15:17,290 [INFO] full_path /home/user/mujoco+evo/Mujoco_training_dataset/cache/mujoco_pickplace/videos/chunk-000/observation.images.front/episode_000191.mp4
2026-08-17 15:15:17,290 [INFO] full_path /home/user/mujoco+evo/Mujoco_training_dataset/cache/mujoco_pickplace/videos/chunk-000/observation.images.overhead/episode_000197.mp4
2026-08-17 15:15:17,290 [INFO] full_path /home/user/mujoco+evo/Mujoco_training_dataset/cache/mujoco_pickplace/videos/chunk-000/observation.images.wrist/episode_000196.mp4
2026-08-17 15:15:17,291 [INFO] full_path /home/user/mujoco+evo/Mujoco_training_dataset/cache/mujoco_pickplace/videos/chunk-000/observation.images.overhead/episode_000191.mp4
2026-08-17 15:15:17,291 [INFO] full_path /home/user/mujoco+evo/Mujoco_training_dataset/cache/mujoco_pickplace/videos/chunk-000/observation.images.front/episode_000192.mp4
2026-08-17 15:15:17,291 [INFO] full_path /home/user/mujoco+evo/Mujoco_training_dataset/cache/mujoco_pickplace/videos/chunk-000/observation.images.front/episode_000198.mp4
2026-08-17 15:15:17,291 [INFO] full_path /home/user/mujoco+evo/Mujoco_training_dataset/cache/mujoco_pickplace/videos/chunk-000/observation.images.wrist/episode_000197.mp4
2026-08-17 15:15:17,291 [INFO] full_path /home/user/mujoco+evo/Mujoco_training_dataset/cache/mujoco_pickplace/videos/chunk-000/observation.images.front/episode_000159.mp4
2026-08-17 15:15:17,291 [INFO] full_path /home/user/mujoco+evo/Mujoco_training_dataset/cache/mujoco_pickplace/videos/chunk-000/observation.images.wrist/episode_000191.mp4
2026-08-17 15:15:17,291 [INFO] full_path /home/user/mujoco+evo/Mujoco_training_dataset/cache/mujoco_pickplace/videos/chunk-000/observation.images.overhead/episode_000198.mp4
2026-08-17 15:15:17,291 [INFO] full_path /home/user/mujoco+evo/Mujoco_training_dataset/cache/mujoco_pickplace/videos/chunk-000/observation.images.overhead/episode_000192.mp4
2026-08-17 15:15:17,291 [INFO] full_path /home/user/mujoco+evo/Mujoco_training_dataset/cache/mujoco_pickplace/videos/chunk-000/observation.images.wrist/episode_000198.mp4
2026-08-17 15:15:17,291 [INFO] full_path /home/user/mujoco+evo/Mujoco_training_dataset/cache/mujoco_pickplace/videos/chunk-000/observation.images.overhead/episode_000159.mp4
2026-08-17 15:15:17,291 [INFO] full_path /home/user/mujoco+evo/Mujoco_training_dataset/cache/mujoco_pickplace/videos/chunk-000/observation.images.wrist/episode_000159.mp4
2026-08-17 15:15:17,291 [INFO] full_path /home/user/mujoco+evo/Mujoco_training_dataset/cache/mujoco_pickplace/videos/chunk-000/observation.images.wrist/episode_000192.mp4
2026-08-17 15:15:17,291 [INFO] build 34_48.pkl
2026-08-17 15:15:17,291 [INFO] build 54_68.pkl
2026-08-17 15:15:17,291 [INFO] full_path /home/user/mujoco+evo/Mujoco_training_dataset/cache/mujoco_pickplace/videos/chunk-000/observation.images.front/episode_000193.mp4
2026-08-17 15:15:17,291 [INFO] build 23_37.pkl
2026-08-17 15:15:17,292 [INFO] full_path /home/user/mujoco+evo/Mujoco_training_dataset/cache/mujoco_pickplace/videos/chunk-000/observation.images.front/episode_000194.mp4
2026-08-17 15:15:17,292 [INFO] full_path /home/user/mujoco+evo/Mujoco_training_dataset/cache/mujoco_pickplace/videos/chunk-000/observation.images.overhead/episode_000193.mp4
2026-08-17 15:15:17,292 [INFO] full_path /home/user/mujoco+evo/Mujoco_training_dataset/cache/mujoco_pickplace/videos/chunk-000/observation.images.front/episode_000190.mp4
2026-08-17 15:15:17,292 [INFO] full_path /home/user/mujoco+evo/Mujoco_training_dataset/cache/mujoco_pickplace/videos/chunk-000/observation.images.overhead/episode_000194.mp4
2026-08-17 15:15:17,292 [INFO] full_path /home/user/mujoco+evo/Mujoco_training_dataset/cache/mujoco_pickplace/videos/chunk-000/observation.images.wrist/episode_000193.mp4
2026-08-17 15:15:17,292 [INFO] build 24_38.pkl
2026-08-17 15:15:17,292 [INFO] full_path /home/user/mujoco+evo/Mujoco_training_dataset/cache/mujoco_pickplace/videos/chunk-000/observation.images.wrist/episode_000194.mp4
2026-08-17 15:15:17,292 [INFO] full_path /home/user/mujoco+evo/Mujoco_training_dataset/cache/mujoco_pickplace/videos/chunk-000/observation.images.overhead/episode_000190.mp4
2026-08-17 15:15:17,292 [INFO] build 7_21.pkl
2026-08-17 15:15:17,292 [INFO] build 55_69.pkl
2026-08-17 15:15:17,292 [INFO] full_path /home/user/mujoco+evo/Mujoco_training_dataset/cache/mujoco_pickplace/videos/chunk-000/observation.images.wrist/episode_000190.mp4
2026-08-17 15:15:17,292 [INFO] full_path /home/user/mujoco+evo/Mujoco_training_dataset/cache/mujoco_pickplace/videos/chunk-000/observation.images.front/episode_000197.mp4
2026-08-17 15:15:17,292 [INFO] full_path /home/user/mujoco+evo/Mujoco_training_dataset/cache/mujoco_pickplace/videos/chunk-000/observation.images.front/episode_000196.mp4
2026-08-17 15:15:17,292 [INFO] full_path /home/user/mujoco+evo/Mujoco_training_dataset/cache/mujoco_pickplace/videos/chunk-000/observation.images.overhead/episode_000197.mp4
2026-08-17 15:15:17,292 [INFO] full_path /home/user/mujoco+evo/Mujoco_training_dataset/cache/mujoco_pickplace/videos/chunk-000/observation.images.wrist/episode_000197.mp4
2026-08-17 15:15:17,292 [INFO] full_path /home/user/mujoco+evo/Mujoco_training_dataset/cache/mujoco_pickplace/videos/chunk-000/observation.images.front/episode_000191.mp4
2026-08-17 15:15:17,292 [INFO] build 29_43.pkl
2026-08-17 15:15:17,292 [INFO] full_path /home/user/mujoco+evo/Mujoco_training_dataset/cache/mujoco_pickplace/videos/chunk-000/observation.images.overhead/episode_000196.mp4
2026-08-17 15:15:17,292 [INFO] full_path /home/user/mujoco+evo/Mujoco_training_dataset/cache/mujoco_pickplace/videos/chunk-000/observation.images.wrist/episode_000196.mp4
2026-08-17 15:15:17,292 [INFO] full_path /home/user/mujoco+evo/Mujoco_training_dataset/cache/mujoco_pickplace/videos/chunk-000/observation.images.overhead/episode_000191.mp4
2026-08-17 15:15:17,292 [INFO] build 65_79.pkl
2026-08-17 15:15:17,292 [INFO] full_path /home/user/mujoco+evo/Mujoco_training_dataset/cache/mujoco_pickplace/videos/chunk-000/observation.images.front/episode_000198.mp4
2026-08-17 15:15:17,292 [INFO] full_path /home/user/mujoco+evo/Mujoco_training_dataset/cache/mujoco_pickplace/videos/chunk-000/observation.images.wrist/episode_000191.mp4
2026-08-17 15:15:17,292 [INFO] full_path /home/user/mujoco+evo/Mujoco_training_dataset/cache/mujoco_pickplace/videos/chunk-000/observation.images.front/episode_000192.mp4
2026-08-17 15:15:17,292 [INFO] full_path /home/user/mujoco+evo/Mujoco_training_dataset/cache/mujoco_pickplace/videos/chunk-000/observation.images.overhead/episode_000198.mp4
2026-08-17 15:15:17,293 [INFO] full_path /home/user/mujoco+evo/Mujoco_training_dataset/cache/mujoco_pickplace/videos/chunk-000/observation.images.wrist/episode_000198.mp4
2026-08-17 15:15:17,293 [INFO] full_path /home/user/mujoco+evo/Mujoco_training_dataset/cache/mujoco_pickplace/videos/chunk-000/observation.images.overhead/episode_000192.mp4
2026-08-17 15:15:17,293 [INFO] full_path /home/user/mujoco+evo/Mujoco_training_dataset/cache/mujoco_pickplace/videos/chunk-000/observation.images.wrist/episode_000192.mp4
2026-08-17 15:15:17,293 [INFO] build 35_49.pkl
2026-08-17 15:15:17,293 [INFO] build 8_22.pkl
2026-08-17 15:15:17,293 [INFO] full_path /home/user/mujoco+evo/Mujoco_training_dataset/cache/mujoco_pickplace/videos/chunk-000/observation.images.front/episode_000193.mp4
2026-08-17 15:15:17,293 [INFO] full_path /home/user/mujoco+evo/Mujoco_training_dataset/cache/mujoco_pickplace/videos/chunk-000/observation.images.overhead/episode_000193.mp4
2026-08-17 15:15:17,293 [INFO] build 55_69.pkl
2026-08-17 15:15:17,293 [INFO] full_path /home/user/mujoco+evo/Mujoco_training_dataset/cache/mujoco_pickplace/videos/chunk-000/observation.images.front/episode_000197.mp4
2026-08-17 15:15:17,293 [INFO] full_path /home/user/mujoco+evo/Mujoco_training_dataset/cache/mujoco_pickplace/videos/chunk-000/observation.images.wrist/episode_000193.mp4
2026-08-17 15:15:17,293 [INFO] build 25_39.pkl
2026-08-17 15:15:17,294 [INFO] full_path /home/user/mujoco+evo/Mujoco_training_dataset/cache/mujoco_pickplace/videos/chunk-000/observation.images.front/episode_000194.mp4
2026-08-17 15:15:17,293 [INFO] full_path /home/user/mujoco+evo/Mujoco_training_dataset/cache/mujoco_pickplace/videos/chunk-000/observation.images.overhead/episode_000197.mp4
2026-08-17 15:15:17,294 [INFO] full_path /home/user/mujoco+evo/Mujoco_training_dataset/cache/mujoco_pickplace/videos/chunk-000/observation.images.overhead/episode_000194.mp4
2026-08-17 15:15:17,294 [INFO] full_path /home/user/mujoco+evo/Mujoco_training_dataset/cache/mujoco_pickplace/videos/chunk-000/observation.images.front/episode_000196.mp4
2026-08-17 15:15:17,294 [INFO] build 24_38.pkl
2026-08-17 15:15:17,294 [INFO] full_path /home/user/mujoco+evo/Mujoco_training_dataset/cache/mujoco_pickplace/videos/chunk-000/observation.images.wrist/episode_000194.mp4
2026-08-17 15:15:17,294 [INFO] full_path /home/user/mujoco+evo/Mujoco_training_dataset/cache/mujoco_pickplace/videos/chunk-000/observation.images.wrist/episode_000197.mp4
2026-08-17 15:15:17,294 [INFO] build 56_70.pkl
2026-08-17 15:15:17,294 [INFO] full_path /home/user/mujoco+evo/Mujoco_training_dataset/cache/mujoco_pickplace/videos/chunk-000/observation.images.overhead/episode_000196.mp4
2026-08-17 15:15:17,294 [INFO] build 66_80.pkl
2026-08-17 15:15:17,294 [INFO] full_path /home/user/mujoco+evo/Mujoco_training_dataset/cache/mujoco_pickplace/videos/chunk-000/observation.images.wrist/episode_000196.mp4
2026-08-17 15:15:17,294 [INFO] full_path /home/user/mujoco+evo/Mujoco_training_dataset/cache/mujoco_pickplace/videos/chunk-000/observation.images.front/episode_000190.mp4
2026-08-17 15:15:17,294 [INFO] full_path /home/user/mujoco+evo/Mujoco_training_dataset/cache/mujoco_pickplace/videos/chunk-000/observation.images.front/episode_000192.mp4
2026-08-17 15:15:17,294 [INFO] full_path /home/user/mujoco+evo/Mujoco_training_dataset/cache/mujoco_pickplace/videos/chunk-000/observation.images.front/episode_000191.mp4
2026-08-17 15:15:17,294 [INFO] full_path /home/user/mujoco+evo/Mujoco_training_dataset/cache/mujoco_pickplace/videos/chunk-000/observation.images.overhead/episode_000192.mp4
2026-08-17 15:15:17,294 [INFO] full_path /home/user/mujoco+evo/Mujoco_training_dataset/cache/mujoco_pickplace/videos/chunk-000/observation.images.overhead/episode_000190.mp4
2026-08-17 15:15:17,294 [INFO] full_path /home/user/mujoco+evo/Mujoco_training_dataset/cache/mujoco_pickplace/videos/chunk-000/observation.images.wrist/episode_000192.mp4
2026-08-17 15:15:17,294 [INFO] full_path /home/user/mujoco+evo/Mujoco_training_dataset/cache/mujoco_pickplace/videos/chunk-000/observation.images.overhead/episode_000191.mp4
2026-08-17 15:15:17,294 [INFO] full_path /home/user/mujoco+evo/Mujoco_training_dataset/cache/mujoco_pickplace/videos/chunk-000/observation.images.wrist/episode_000190.mp4
2026-08-17 15:15:17,294 [INFO] full_path /home/user/mujoco+evo/Mujoco_training_dataset/cache/mujoco_pickplace/videos/chunk-000/observation.images.wrist/episode_000191.mp4
2026-08-17 15:15:17,294 [INFO] build 30_44.pkl
2026-08-17 15:15:17,295 [INFO] build 36_50.pkl
2026-08-17 15:15:17,295 [INFO] full_path /home/user/mujoco+evo/Mujoco_training_dataset/cache/mujoco_pickplace/videos/chunk-000/observation.images.front/episode_000198.mp4
2026-08-17 15:15:17,295 [INFO] full_path /home/user/mujoco+evo/Mujoco_training_dataset/cache/mujoco_pickplace/videos/chunk-000/observation.images.overhead/episode_000198.mp4
2026-08-17 15:15:17,295 [INFO] build 56_70.pkl
2026-08-17 15:15:17,295 [INFO] full_path /home/user/mujoco+evo/Mujoco_training_dataset/cache/mujoco_pickplace/videos/chunk-000/observation.images.front/episode_000193.mp4
2026-08-17 15:15:17,295 [INFO] full_path /home/user/mujoco+evo/Mujoco_training_dataset/cache/mujoco_pickplace/videos/chunk-000/observation.images.wrist/episode_000198.mp4
2026-08-17 15:15:17,295 [INFO] full_path /home/user/mujoco+evo/Mujoco_training_dataset/cache/mujoco_pickplace/videos/chunk-000/observation.images.front/episode_000194.mp4
2026-08-17 15:15:17,295 [INFO] build 67_81.pkl
2026-08-17 15:15:17,295 [INFO] full_path /home/user/mujoco+evo/Mujoco_training_dataset/cache/mujoco_pickplace/videos/chunk-000/observation.images.overhead/episode_000193.mp4
2026-08-17 15:15:17,295 [INFO] build 26_40.pkl
2026-08-17 15:15:17,295 [INFO] full_path /home/user/mujoco+evo/Mujoco_training_dataset/cache/mujoco_pickplace/videos/chunk-000/observation.images.overhead/episode_000194.mp4
2026-08-17 15:15:17,295 [INFO] full_path /home/user/mujoco+evo/Mujoco_training_dataset/cache/mujoco_pickplace/videos/chunk-000/observation.images.wrist/episode_000193.mp4
2026-08-17 15:15:17,295 [INFO] full_path /home/user/mujoco+evo/Mujoco_training_dataset/cache/mujoco_pickplace/videos/chunk-000/observation.images.front/episode_000192.mp4
2026-08-17 15:15:17,295 [INFO] full_path /home/user/mujoco+evo/Mujoco_training_dataset/cache/mujoco_pickplace/videos/chunk-000/observation.images.wrist/episode_000194.mp4
2026-08-17 15:15:17,295 [INFO] full_path /home/user/mujoco+evo/Mujoco_training_dataset/cache/mujoco_pickplace/videos/chunk-000/observation.images.overhead/episode_000192.mp4
2026-08-17 15:15:17,295 [INFO] full_path /home/user/mujoco+evo/Mujoco_training_dataset/cache/mujoco_pickplace/videos/chunk-000/observation.images.wrist/episode_000192.mp4
2026-08-17 15:15:17,295 [INFO] full_path /home/user/mujoco+evo/Mujoco_training_dataset/cache/mujoco_pickplace/videos/chunk-000/observation.images.front/episode_000196.mp4
2026-08-17 15:15:17,295 [INFO] build 9_23.pkl
2026-08-17 15:15:17,295 [INFO] full_path /home/user/mujoco+evo/Mujoco_training_dataset/cache/mujoco_pickplace/videos/chunk-000/observation.images.overhead/episode_000196.mp4
2026-08-17 15:15:17,295 [INFO] full_path /home/user/mujoco+evo/Mujoco_training_dataset/cache/mujoco_pickplace/videos/chunk-000/observation.images.wrist/episode_000196.mp4
2026-08-17 15:15:17,296 [INFO] full_path /home/user/mujoco+evo/Mujoco_training_dataset/cache/mujoco_pickplace/videos/chunk-000/observation.images.front/episode_000197.mp4
2026-08-17 15:15:17,296 [INFO] build 31_45.pkl
2026-08-17 15:15:17,296 [INFO] full_path /home/user/mujoco+evo/Mujoco_training_dataset/cache/mujoco_pickplace/videos/chunk-000/observation.images.overhead/episode_000197.mp4
2026-08-17 15:15:17,296 [INFO] build 25_39.pkl
2026-08-17 15:15:17,296 [INFO] full_path /home/user/mujoco+evo/Mujoco_training_dataset/cache/mujoco_pickplace/videos/chunk-000/observation.images.wrist/episode_000197.mp4
2026-08-17 15:15:17,296 [INFO] full_path /home/user/mujoco+evo/Mujoco_training_dataset/cache/mujoco_pickplace/videos/chunk-000/observation.images.front/episode_000198.mp4
2026-08-17 15:15:17,296 [INFO] build 68_82.pkl
2026-08-17 15:15:17,296 [INFO] full_path /home/user/mujoco+evo/Mujoco_training_dataset/cache/mujoco_pickplace/videos/chunk-000/observation.images.front/episode_000190.mp4
2026-08-17 15:15:17,296 [INFO] build 57_71.pkl
2026-08-17 15:15:17,296 [INFO] full_path /home/user/mujoco+evo/Mujoco_training_dataset/cache/mujoco_pickplace/videos/chunk-000/observation.images.overhead/episode_000198.mp4
2026-08-17 15:15:17,296 [INFO] build 57_71.pkl
2026-08-17 15:15:17,296 [INFO] full_path /home/user/mujoco+evo/Mujoco_training_dataset/cache/mujoco_pickplace/videos/chunk-000/observation.images.wrist/episode_000198.mp4
2026-08-17 15:15:17,296 [INFO] full_path /home/user/mujoco+evo/Mujoco_training_dataset/cache/mujoco_pickplace/videos/chunk-000/observation.images.overhead/episode_000190.mp4
2026-08-17 15:15:17,296 [INFO] full_path /home/user/mujoco+evo/Mujoco_training_dataset/cache/mujoco_pickplace/videos/chunk-000/observation.images.front/episode_000192.mp4
2026-08-17 15:15:17,296 [INFO] full_path /home/user/mujoco+evo/Mujoco_training_dataset/cache/mujoco_pickplace/videos/chunk-000/observation.images.front/episode_000194.mp4
2026-08-17 15:15:17,296 [INFO] full_path /home/user/mujoco+evo/Mujoco_training_dataset/cache/mujoco_pickplace/videos/chunk-000/observation.images.overhead/episode_000194.mp4
2026-08-17 15:15:17,296 [INFO] full_path /home/user/mujoco+evo/Mujoco_training_dataset/cache/mujoco_pickplace/videos/chunk-000/observation.images.overhead/episode_000192.mp4
2026-08-17 15:15:17,296 [INFO] full_path /home/user/mujoco+evo/Mujoco_training_dataset/cache/mujoco_pickplace/videos/chunk-000/observation.images.wrist/episode_000190.mp4
2026-08-17 15:15:17,296 [INFO] full_path /home/user/mujoco+evo/Mujoco_training_dataset/cache/mujoco_pickplace/videos/chunk-000/observation.images.front/episode_000191.mp4
2026-08-17 15:15:17,296 [INFO] full_path /home/user/mujoco+evo/Mujoco_training_dataset/cache/mujoco_pickplace/videos/chunk-000/observation.images.wrist/episode_000194.mp4
2026-08-17 15:15:17,296 [INFO] full_path /home/user/mujoco+evo/Mujoco_training_dataset/cache/mujoco_pickplace/videos/chunk-000/observation.images.wrist/episode_000192.mp4
2026-08-17 15:15:17,296 [INFO] full_path /home/user/mujoco+evo/Mujoco_training_dataset/cache/mujoco_pickplace/videos/chunk-000/observation.images.overhead/episode_000191.mp4
2026-08-17 15:15:17,296 [INFO] full_path /home/user/mujoco+evo/Mujoco_training_dataset/cache/mujoco_pickplace/videos/chunk-000/observation.images.wrist/episode_000191.mp4
2026-08-17 15:15:17,297 [INFO] build 27_41.pkl
2026-08-17 15:15:17,297 [INFO] build 37_51.pkl
2026-08-17 15:15:17,297 [INFO] full_path /home/user/mujoco+evo/Mujoco_training_dataset/cache/mujoco_pickplace/videos/chunk-000/observation.images.front/episode_000196.mp4
2026-08-17 15:15:17,297 [INFO] build 32_46.pkl
2026-08-17 15:15:17,297 [INFO] full_path /home/user/mujoco+evo/Mujoco_training_dataset/cache/mujoco_pickplace/videos/chunk-000/observation.images.front/episode_000193.mp4
2026-08-17 15:15:17,297 [INFO] build 69_83.pkl
2026-08-17 15:15:17,297 [INFO] full_path /home/user/mujoco+evo/Mujoco_training_dataset/cache/mujoco_pickplace/videos/chunk-000/observation.images.overhead/episode_000196.mp4
2026-08-17 15:15:17,297 [INFO] build 58_72.pkl
2026-08-17 15:15:17,297 [INFO] full_path /home/user/mujoco+evo/Mujoco_training_dataset/cache/mujoco_pickplace/videos/chunk-000/observation.images.front/episode_000198.mp4
2026-08-17 15:15:17,297 [INFO] full_path /home/user/mujoco+evo/Mujoco_training_dataset/cache/mujoco_pickplace/videos/chunk-000/observation.images.overhead/episode_000193.mp4
2026-08-17 15:15:17,297 [INFO] full_path /home/user/mujoco+evo/Mujoco_training_dataset/cache/mujoco_pickplace/videos/chunk-000/observation.images.overhead/episode_000198.mp4
2026-08-17 15:15:17,297 [INFO] full_path /home/user/mujoco+evo/Mujoco_training_dataset/cache/mujoco_pickplace/videos/chunk-000/observation.images.wrist/episode_000196.mp4
2026-08-17 15:15:17,297 [INFO] full_path /home/user/mujoco+evo/Mujoco_training_dataset/cache/mujoco_pickplace/videos/chunk-000/observation.images.front/episode_000194.mp4
2026-08-17 15:15:17,297 [INFO] full_path /home/user/mujoco+evo/Mujoco_training_dataset/cache/mujoco_pickplace/videos/chunk-000/observation.images.front/episode_000192.mp4
2026-08-17 15:15:17,297 [INFO] full_path /home/user/mujoco+evo/Mujoco_training_dataset/cache/mujoco_pickplace/videos/chunk-000/observation.images.wrist/episode_000198.mp4
2026-08-17 15:15:17,297 [INFO] full_path /home/user/mujoco+evo/Mujoco_training_dataset/cache/mujoco_pickplace/videos/chunk-000/observation.images.wrist/episode_000193.mp4
2026-08-17 15:15:17,297 [INFO] build 10_24.pkl
2026-08-17 15:15:17,297 [INFO] full_path /home/user/mujoco+evo/Mujoco_training_dataset/cache/mujoco_pickplace/videos/chunk-000/observation.images.overhead/episode_000192.mp4
2026-08-17 15:15:17,297 [INFO] full_path /home/user/mujoco+evo/Mujoco_training_dataset/cache/mujoco_pickplace/videos/chunk-000/observation.images.overhead/episode_000194.mp4
2026-08-17 15:15:17,297 [INFO] full_path /home/user/mujoco+evo/Mujoco_training_dataset/cache/mujoco_pickplace/videos/chunk-000/observation.images.wrist/episode_000194.mp4
2026-08-17 15:15:17,297 [INFO] full_path /home/user/mujoco+evo/Mujoco_training_dataset/cache/mujoco_pickplace/videos/chunk-000/observation.images.wrist/episode_000192.mp4
2026-08-17 15:15:17,297 [INFO] full_path /home/user/mujoco+evo/Mujoco_training_dataset/cache/mujoco_pickplace/videos/chunk-000/observation.images.front/episode_000197.mp4
2026-08-17 15:15:17,297 [INFO] build 26_40.pkl
2026-08-17 15:15:17,298 [INFO] full_path /home/user/mujoco+evo/Mujoco_training_dataset/cache/mujoco_pickplace/videos/chunk-000/observation.images.overhead/episode_000197.mp4
2026-08-17 15:15:17,298 [INFO] full_path /home/user/mujoco+evo/Mujoco_training_dataset/cache/mujoco_pickplace/videos/chunk-000/observation.images.front/episode_000190.mp4
2026-08-17 15:15:17,298 [INFO] full_path /home/user/mujoco+evo/Mujoco_training_dataset/cache/mujoco_pickplace/videos/chunk-000/observation.images.wrist/episode_000197.mp4
2026-08-17 15:15:17,298 [INFO] full_path /home/user/mujoco+evo/Mujoco_training_dataset/cache/mujoco_pickplace/videos/chunk-000/observation.images.overhead/episode_000190.mp4
2026-08-17 15:15:17,298 [INFO] full_path /home/user/mujoco+evo/Mujoco_training_dataset/cache/mujoco_pickplace/videos/chunk-000/observation.images.wrist/episode_000190.mp4
2026-08-17 15:15:17,298 [INFO] build 70_84.pkl
2026-08-17 15:15:17,298 [INFO] build 58_72.pkl
2026-08-17 15:15:17,298 [INFO] build 59_73.pkl
2026-08-17 15:15:17,298 [INFO] full_path /home/user/mujoco+evo/Mujoco_training_dataset/cache/mujoco_pickplace/videos/chunk-000/observation.images.front/episode_000192.mp4
2026-08-17 15:15:17,298 [INFO] build 38_52.pkl
2026-08-17 15:15:17,298 [INFO] build 33_47.pkl
2026-08-17 15:15:17,298 [INFO] full_path /home/user/mujoco+evo/Mujoco_training_dataset/cache/mujoco_pickplace/videos/chunk-000/observation.images.overhead/episode_000192.mp4
2026-08-17 15:15:17,298 [INFO] full_path /home/user/mujoco+evo/Mujoco_training_dataset/cache/mujoco_pickplace/videos/chunk-000/observation.images.wrist/episode_000192.mp4
2026-08-17 15:15:17,298 [INFO] full_path /home/user/mujoco+evo/Mujoco_training_dataset/cache/mujoco_pickplace/videos/chunk-000/observation.images.front/episode_000194.mp4
2026-08-17 15:15:17,298 [INFO] full_path /home/user/mujoco+evo/Mujoco_training_dataset/cache/mujoco_pickplace/videos/chunk-000/observation.images.front/episode_000191.mp4
2026-08-17 15:15:17,298 [INFO] full_path /home/user/mujoco+evo/Mujoco_training_dataset/cache/mujoco_pickplace/videos/chunk-000/observation.images.front/episode_000193.mp4
2026-08-17 15:15:17,298 [INFO] full_path /home/user/mujoco+evo/Mujoco_training_dataset/cache/mujoco_pickplace/videos/chunk-000/observation.images.front/episode_000198.mp4
2026-08-17 15:15:17,298 [INFO] build 28_42.pkl
2026-08-17 15:15:17,299 [INFO] full_path /home/user/mujoco+evo/Mujoco_training_dataset/cache/mujoco_pickplace/videos/chunk-000/observation.images.overhead/episode_000194.mp4
2026-08-17 15:15:17,299 [INFO] full_path /home/user/mujoco+evo/Mujoco_training_dataset/cache/mujoco_pickplace/videos/chunk-000/observation.images.overhead/episode_000191.mp4
2026-08-17 15:15:17,299 [INFO] full_path /home/user/mujoco+evo/Mujoco_training_dataset/cache/mujoco_pickplace/videos/chunk-000/observation.images.overhead/episode_000193.mp4
2026-08-17 15:15:17,299 [INFO] full_path /home/user/mujoco+evo/Mujoco_training_dataset/cache/mujoco_pickplace/videos/chunk-000/observation.images.wrist/episode_000193.mp4
2026-08-17 15:15:17,299 [INFO] full_path /home/user/mujoco+evo/Mujoco_training_dataset/cache/mujoco_pickplace/videos/chunk-000/observation.images.wrist/episode_000194.mp4
2026-08-17 15:15:17,299 [INFO] full_path /home/user/mujoco+evo/Mujoco_training_dataset/cache/mujoco_pickplace/videos/chunk-000/observation.images.overhead/episode_000198.mp4
2026-08-17 15:15:17,299 [INFO] full_path /home/user/mujoco+evo/Mujoco_training_dataset/cache/mujoco_pickplace/videos/chunk-000/observation.images.wrist/episode_000191.mp4
2026-08-17 15:15:17,299 [INFO] full_path /home/user/mujoco+evo/Mujoco_training_dataset/cache/mujoco_pickplace/videos/chunk-000/observation.images.front/episode_000196.mp4
2026-08-17 15:15:17,299 [INFO] full_path /home/user/mujoco+evo/Mujoco_training_dataset/cache/mujoco_pickplace/videos/chunk-000/observation.images.wrist/episode_000198.mp4
2026-08-17 15:15:17,299 [INFO] full_path /home/user/mujoco+evo/Mujoco_training_dataset/cache/mujoco_pickplace/videos/chunk-000/observation.images.overhead/episode_000196.mp4
2026-08-17 15:15:17,299 [INFO] build 11_25.pkl
2026-08-17 15:15:17,299 [INFO] full_path /home/user/mujoco+evo/Mujoco_training_dataset/cache/mujoco_pickplace/videos/chunk-000/observation.images.wrist/episode_000196.mp4
2026-08-17 15:15:17,299 [INFO] full_path /home/user/mujoco+evo/Mujoco_training_dataset/cache/mujoco_pickplace/videos/chunk-000/observation.images.front/episode_000197.mp4
2026-08-17 15:15:17,299 [INFO] full_path /home/user/mujoco+evo/Mujoco_training_dataset/cache/mujoco_pickplace/videos/chunk-000/observation.images.overhead/episode_000197.mp4
2026-08-17 15:15:17,299 [INFO] full_path /home/user/mujoco+evo/Mujoco_training_dataset/cache/mujoco_pickplace/videos/chunk-000/observation.images.wrist/episode_000197.mp4
2026-08-17 15:15:17,299 [INFO] build 27_41.pkl
2026-08-17 15:15:17,299 [INFO] build 39_53.pkl
2026-08-17 15:15:17,299 [INFO] full_path /home/user/mujoco+evo/Mujoco_training_dataset/cache/mujoco_pickplace/videos/chunk-000/observation.images.front/episode_000190.mp4
2026-08-17 15:15:17,299 [INFO] full_path /home/user/mujoco+evo/Mujoco_training_dataset/cache/mujoco_pickplace/videos/chunk-000/observation.images.front/episode_000193.mp4
2026-08-17 15:15:17,299 [INFO] full_path /home/user/mujoco+evo/Mujoco_training_dataset/cache/mujoco_pickplace/videos/chunk-000/observation.images.overhead/episode_000190.mp4
2026-08-17 15:15:17,300 [INFO] build 34_48.pkl
2026-08-17 15:15:17,300 [INFO] full_path /home/user/mujoco+evo/Mujoco_training_dataset/cache/mujoco_pickplace/videos/chunk-000/observation.images.overhead/episode_000193.mp4
2026-08-17 15:15:17,300 [INFO] full_path /home/user/mujoco+evo/Mujoco_training_dataset/cache/mujoco_pickplace/videos/chunk-000/observation.images.wrist/episode_000190.mp4
2026-08-17 15:15:17,300 [INFO] build 29_43.pkl
2026-08-17 15:15:17,300 [INFO] full_path /home/user/mujoco+evo/Mujoco_training_dataset/cache/mujoco_pickplace/videos/chunk-000/observation.images.wrist/episode_000193.mp4
2026-08-17 15:15:17,300 [INFO] build 60_74.pkl
2026-08-17 15:15:17,300 [INFO] full_path /home/user/mujoco+evo/Mujoco_training_dataset/cache/mujoco_pickplace/videos/chunk-000/observation.images.front/episode_000198.mp4
2026-08-17 15:15:17,300 [INFO] full_path /home/user/mujoco+evo/Mujoco_training_dataset/cache/mujoco_pickplace/videos/chunk-000/observation.images.front/episode_000196.mp4
2026-08-17 15:15:17,300 [INFO] full_path /home/user/mujoco+evo/Mujoco_training_dataset/cache/mujoco_pickplace/videos/chunk-000/observation.images.overhead/episode_000196.mp4
2026-08-17 15:15:17,300 [INFO] full_path /home/user/mujoco+evo/Mujoco_training_dataset/cache/mujoco_pickplace/videos/chunk-000/observation.images.front/episode_000194.mp4
2026-08-17 15:15:17,300 [INFO] full_path /home/user/mujoco+evo/Mujoco_training_dataset/cache/mujoco_pickplace/videos/chunk-000/observation.images.wrist/episode_000196.mp4
2026-08-17 15:15:17,300 [INFO] full_path /home/user/mujoco+evo/Mujoco_training_dataset/cache/mujoco_pickplace/videos/chunk-000/observation.images.overhead/episode_000194.mp4
2026-08-17 15:15:17,300 [INFO] full_path /home/user/mujoco+evo/Mujoco_training_dataset/cache/mujoco_pickplace/videos/chunk-000/observation.images.overhead/episode_000198.mp4
2026-08-17 15:15:17,300 [INFO] build 59_73.pkl
2026-08-17 15:15:17,300 [INFO] build 12_26.pkl
2026-08-17 15:15:17,300 [INFO] full_path /home/user/mujoco+evo/Mujoco_training_dataset/cache/mujoco_pickplace/videos/chunk-000/observation.images.wrist/episode_000198.mp4
2026-08-17 15:15:17,300 [INFO] full_path /home/user/mujoco+evo/Mujoco_training_dataset/cache/mujoco_pickplace/videos/chunk-000/observation.images.front/episode_000197.mp4
2026-08-17 15:15:17,300 [INFO] full_path /home/user/mujoco+evo/Mujoco_training_dataset/cache/mujoco_pickplace/videos/chunk-000/observation.images.front/episode_000191.mp4
2026-08-17 15:15:17,300 [INFO] full_path /home/user/mujoco+evo/Mujoco_training_dataset/cache/mujoco_pickplace/videos/chunk-000/observation.images.wrist/episode_000194.mp4
2026-08-17 15:15:17,300 [INFO] full_path /home/user/mujoco+evo/Mujoco_training_dataset/cache/mujoco_pickplace/videos/chunk-000/observation.images.overhead/episode_000197.mp4
2026-08-17 15:15:17,300 [INFO] full_path /home/user/mujoco+evo/Mujoco_training_dataset/cache/mujoco_pickplace/videos/chunk-000/observation.images.wrist/episode_000197.mp4
2026-08-17 15:15:17,300 [INFO] build 40_54.pkl
2026-08-17 15:15:17,300 [INFO] full_path /home/user/mujoco+evo/Mujoco_training_dataset/cache/mujoco_pickplace/videos/chunk-000/observation.images.overhead/episode_000191.mp4
2026-08-17 15:15:17,300 [INFO] full_path /home/user/mujoco+evo/Mujoco_training_dataset/cache/mujoco_pickplace/videos/chunk-000/observation.images.front/episode_000193.mp4
2026-08-17 15:15:17,301 [INFO] full_path /home/user/mujoco+evo/Mujoco_training_dataset/cache/mujoco_pickplace/videos/chunk-000/observation.images.wrist/episode_000191.mp4
2026-08-17 15:15:17,301 [INFO] build 28_42.pkl
2026-08-17 15:15:17,301 [INFO] full_path /home/user/mujoco+evo/Mujoco_training_dataset/cache/mujoco_pickplace/videos/chunk-000/observation.images.overhead/episode_000193.mp4
2026-08-17 15:15:17,301 [INFO] build 30_44.pkl
2026-08-17 15:15:17,301 [INFO] full_path /home/user/mujoco+evo/Mujoco_training_dataset/cache/mujoco_pickplace/videos/chunk-000/observation.images.wrist/episode_000193.mp4
2026-08-17 15:15:17,301 [INFO] full_path /home/user/mujoco+evo/Mujoco_training_dataset/cache/mujoco_pickplace/videos/chunk-000/observation.images.front/episode_000190.mp4
2026-08-17 15:15:17,301 [INFO] full_path /home/user/mujoco+evo/Mujoco_training_dataset/cache/mujoco_pickplace/videos/chunk-000/observation.images.front/episode_000196.mp4
2026-08-17 15:15:17,301 [INFO] full_path /home/user/mujoco+evo/Mujoco_training_dataset/cache/mujoco_pickplace/videos/chunk-000/observation.images.overhead/episode_000190.mp4
2026-08-17 15:15:17,301 [INFO] full_path /home/user/mujoco+evo/Mujoco_training_dataset/cache/mujoco_pickplace/videos/chunk-000/observation.images.wrist/episode_000190.mp4
2026-08-17 15:15:17,301 [INFO] full_path /home/user/mujoco+evo/Mujoco_training_dataset/cache/mujoco_pickplace/videos/chunk-000/observation.images.overhead/episode_000196.mp4
2026-08-17 15:15:17,301 [INFO] full_path /home/user/mujoco+evo/Mujoco_training_dataset/cache/mujoco_pickplace/videos/chunk-000/observation.images.wrist/episode_000196.mp4
2026-08-17 15:15:17,301 [INFO] build 13_27.pkl
2026-08-17 15:15:17,301 [INFO] build 35_49.pkl
2026-08-17 15:15:17,301 [INFO] full_path /home/user/mujoco+evo/Mujoco_training_dataset/cache/mujoco_pickplace/videos/chunk-000/observation.images.front/episode_000197.mp4
2026-08-17 15:15:17,301 [INFO] full_path /home/user/mujoco+evo/Mujoco_training_dataset/cache/mujoco_pickplace/videos/chunk-000/observation.images.front/episode_000198.mp4
2026-08-17 15:15:17,301 [INFO] full_path /home/user/mujoco+evo/Mujoco_training_dataset/cache/mujoco_pickplace/videos/chunk-000/observation.images.overhead/episode_000198.mp4
2026-08-17 15:15:17,301 [INFO] full_path /home/user/mujoco+evo/Mujoco_training_dataset/cache/mujoco_pickplace/videos/chunk-000/observation.images.overhead/episode_000197.mp4
2026-08-17 15:15:17,301 [INFO] build 41_55.pkl
2026-08-17 15:15:17,301 [INFO] full_path /home/user/mujoco+evo/Mujoco_training_dataset/cache/mujoco_pickplace/videos/chunk-000/observation.images.wrist/episode_000197.mp4
2026-08-17 15:15:17,301 [INFO] full_path /home/user/mujoco+evo/Mujoco_training_dataset/cache/mujoco_pickplace/videos/chunk-000/observation.images.wrist/episode_000198.mp4
2026-08-17 15:15:17,302 [INFO] full_path /home/user/mujoco+evo/Mujoco_training_dataset/cache/mujoco_pickplace/videos/chunk-000/observation.images.front/episode_000193.mp4
2026-08-17 15:15:17,302 [INFO] full_path /home/user/mujoco+evo/Mujoco_training_dataset/cache/mujoco_pickplace/videos/chunk-000/observation.images.overhead/episode_000193.mp4
2026-08-17 15:15:17,302 [INFO] build 29_43.pkl
2026-08-17 15:15:17,302 [INFO] build 61_75.pkl
2026-08-17 15:15:17,302 [INFO] full_path /home/user/mujoco+evo/Mujoco_training_dataset/cache/mujoco_pickplace/videos/chunk-000/observation.images.wrist/episode_000193.mp4
2026-08-17 15:15:17,302 [INFO] full_path /home/user/mujoco+evo/Mujoco_training_dataset/cache/mujoco_pickplace/videos/chunk-000/observation.images.front/episode_000190.mp4
2026-08-17 15:15:17,302 [INFO] full_path /home/user/mujoco+evo/Mujoco_training_dataset/cache/mujoco_pickplace/videos/chunk-000/observation.images.overhead/episode_000190.mp4
2026-08-17 15:15:17,302 [INFO] build 31_45.pkl
2026-08-17 15:15:17,302 [INFO] full_path /home/user/mujoco+evo/Mujoco_training_dataset/cache/mujoco_pickplace/videos/chunk-000/observation.images.wrist/episode_000190.mp4
2026-08-17 15:15:17,302 [INFO] build 60_74.pkl
2026-08-17 15:15:17,302 [INFO] full_path /home/user/mujoco+evo/Mujoco_training_dataset/cache/mujoco_pickplace/videos/chunk-000/observation.images.front/episode_000194.mp4
2026-08-17 15:15:17,302 [INFO] full_path /home/user/mujoco+evo/Mujoco_training_dataset/cache/mujoco_pickplace/videos/chunk-000/observation.images.front/episode_000196.mp4
2026-08-17 15:15:17,302 [INFO] full_path /home/user/mujoco+evo/Mujoco_training_dataset/cache/mujoco_pickplace/videos/chunk-000/observation.images.front/episode_000191.mp4
2026-08-17 15:15:17,302 [INFO] build 14_28.pkl
2026-08-17 15:15:17,302 [INFO] full_path /home/user/mujoco+evo/Mujoco_training_dataset/cache/mujoco_pickplace/videos/chunk-000/observation.images.overhead/episode_000194.mp4
2026-08-17 15:15:17,302 [INFO] full_path /home/user/mujoco+evo/Mujoco_training_dataset/cache/mujoco_pickplace/videos/chunk-000/observation.images.overhead/episode_000196.mp4
2026-08-17 15:15:17,302 [INFO] full_path /home/user/mujoco+evo/Mujoco_training_dataset/cache/mujoco_pickplace/videos/chunk-000/observation.images.overhead/episode_000191.mp4
2026-08-17 15:15:17,302 [INFO] build 36_50.pkl
2026-08-17 15:15:17,302 [INFO] full_path /home/user/mujoco+evo/Mujoco_training_dataset/cache/mujoco_pickplace/videos/chunk-000/observation.images.wrist/episode_000194.mp4
2026-08-17 15:15:17,302 [INFO] full_path /home/user/mujoco+evo/Mujoco_training_dataset/cache/mujoco_pickplace/videos/chunk-000/observation.images.front/episode_000197.mp4
2026-08-17 15:15:17,302 [INFO] full_path /home/user/mujoco+evo/Mujoco_training_dataset/cache/mujoco_pickplace/videos/chunk-000/observation.images.wrist/episode_000196.mp4
2026-08-17 15:15:17,302 [INFO] full_path /home/user/mujoco+evo/Mujoco_training_dataset/cache/mujoco_pickplace/videos/chunk-000/observation.images.wrist/episode_000191.mp4
2026-08-17 15:15:17,302 [INFO] full_path /home/user/mujoco+evo/Mujoco_training_dataset/cache/mujoco_pickplace/videos/chunk-000/observation.images.front/episode_000198.mp4
2026-08-17 15:15:17,302 [INFO] full_path /home/user/mujoco+evo/Mujoco_training_dataset/cache/mujoco_pickplace/videos/chunk-000/observation.images.overhead/episode_000197.mp4
2026-08-17 15:15:17,303 [INFO] full_path /home/user/mujoco+evo/Mujoco_training_dataset/cache/mujoco_pickplace/videos/chunk-000/observation.images.wrist/episode_000197.mp4
2026-08-17 15:15:17,303 [INFO] full_path /home/user/mujoco+evo/Mujoco_training_dataset/cache/mujoco_pickplace/videos/chunk-000/observation.images.overhead/episode_000198.mp4
2026-08-17 15:15:17,303 [INFO] build 42_56.pkl
2026-08-17 15:15:17,303 [INFO] full_path /home/user/mujoco+evo/Mujoco_training_dataset/cache/mujoco_pickplace/videos/chunk-000/observation.images.front/episode_000193.mp4
2026-08-17 15:15:17,303 [INFO] full_path /home/user/mujoco+evo/Mujoco_training_dataset/cache/mujoco_pickplace/videos/chunk-000/observation.images.overhead/episode_000193.mp4
2026-08-17 15:15:17,303 [INFO] full_path /home/user/mujoco+evo/Mujoco_training_dataset/cache/mujoco_pickplace/videos/chunk-000/observation.images.wrist/episode_000198.mp4
2026-08-17 15:15:17,303 [INFO] full_path /home/user/mujoco+evo/Mujoco_training_dataset/cache/mujoco_pickplace/videos/chunk-000/observation.images.wrist/episode_000193.mp4
2026-08-17 15:15:17,303 [INFO] build 30_44.pkl
2026-08-17 15:15:17,303 [INFO] build 15_29.pkl
2026-08-17 15:15:17,303 [INFO] full_path /home/user/mujoco+evo/Mujoco_training_dataset/cache/mujoco_pickplace/videos/chunk-000/observation.images.front/episode_000190.mp4
2026-08-17 15:15:17,303 [INFO] full_path /home/user/mujoco+evo/Mujoco_training_dataset/cache/mujoco_pickplace/videos/chunk-000/observation.images.front/episode_000197.mp4
2026-08-17 15:15:17,303 [INFO] build 43_57.pkl
2026-08-17 15:15:17,303 [INFO] full_path /home/user/mujoco+evo/Mujoco_training_dataset/cache/mujoco_pickplace/videos/chunk-000/observation.images.overhead/episode_000190.mp4
2026-08-17 15:15:17,304 [INFO] build 32_46.pkl
2026-08-17 15:15:17,304 [INFO] build 37_51.pkl
2026-08-17 15:15:17,304 [INFO] full_path /home/user/mujoco+evo/Mujoco_training_dataset/cache/mujoco_pickplace/videos/chunk-000/observation.images.overhead/episode_000197.mp4
2026-08-17 15:15:17,304 [INFO] full_path /home/user/mujoco+evo/Mujoco_training_dataset/cache/mujoco_pickplace/videos/chunk-000/observation.images.wrist/episode_000190.mp4
2026-08-17 15:15:17,304 [INFO] full_path /home/user/mujoco+evo/Mujoco_training_dataset/cache/mujoco_pickplace/videos/chunk-000/observation.images.front/episode_000193.mp4
2026-08-17 15:15:17,304 [INFO] full_path /home/user/mujoco+evo/Mujoco_training_dataset/cache/mujoco_pickplace/videos/chunk-000/observation.images.wrist/episode_000197.mp4
2026-08-17 15:15:17,304 [INFO] full_path /home/user/mujoco+evo/Mujoco_training_dataset/cache/mujoco_pickplace/videos/chunk-000/observation.images.overhead/episode_000193.mp4
2026-08-17 15:15:17,304 [INFO] build 62_76.pkl
2026-08-17 15:15:17,304 [INFO] full_path /home/user/mujoco+evo/Mujoco_training_dataset/cache/mujoco_pickplace/videos/chunk-000/observation.images.front/episode_000198.mp4
2026-08-17 15:15:17,304 [INFO] full_path /home/user/mujoco+evo/Mujoco_training_dataset/cache/mujoco_pickplace/videos/chunk-000/observation.images.wrist/episode_000193.mp4
2026-08-17 15:15:17,304 [INFO] full_path /home/user/mujoco+evo/Mujoco_training_dataset/cache/mujoco_pickplace/videos/chunk-000/observation.images.front/episode_000196.mp4
2026-08-17 15:15:17,304 [INFO] build 61_75.pkl
2026-08-17 15:15:17,304 [INFO] full_path /home/user/mujoco+evo/Mujoco_training_dataset/cache/mujoco_pickplace/videos/chunk-000/observation.images.overhead/episode_000198.mp4
2026-08-17 15:15:17,304 [INFO] full_path /home/user/mujoco+evo/Mujoco_training_dataset/cache/mujoco_pickplace/videos/chunk-000/observation.images.wrist/episode_000198.mp4
2026-08-17 15:15:17,304 [INFO] full_path /home/user/mujoco+evo/Mujoco_training_dataset/cache/mujoco_pickplace/videos/chunk-000/observation.images.overhead/episode_000196.mp4
2026-08-17 15:15:17,304 [INFO] full_path /home/user/mujoco+evo/Mujoco_training_dataset/cache/mujoco_pickplace/videos/chunk-000/observation.images.front/episode_000194.mp4
2026-08-17 15:15:17,304 [INFO] full_path /home/user/mujoco+evo/Mujoco_training_dataset/cache/mujoco_pickplace/videos/chunk-000/observation.images.front/episode_000191.mp4
2026-08-17 15:15:17,304 [INFO] full_path /home/user/mujoco+evo/Mujoco_training_dataset/cache/mujoco_pickplace/videos/chunk-000/observation.images.wrist/episode_000196.mp4
2026-08-17 15:15:17,304 [INFO] full_path /home/user/mujoco+evo/Mujoco_training_dataset/cache/mujoco_pickplace/videos/chunk-000/observation.images.overhead/episode_000194.mp4
2026-08-17 15:15:17,304 [INFO] full_path /home/user/mujoco+evo/Mujoco_training_dataset/cache/mujoco_pickplace/videos/chunk-000/observation.images.overhead/episode_000191.mp4
2026-08-17 15:15:17,304 [INFO] full_path /home/user/mujoco+evo/Mujoco_training_dataset/cache/mujoco_pickplace/videos/chunk-000/observation.images.wrist/episode_000191.mp4
2026-08-17 15:15:17,304 [INFO] full_path /home/user/mujoco+evo/Mujoco_training_dataset/cache/mujoco_pickplace/videos/chunk-000/observation.images.wrist/episode_000194.mp4
2026-08-17 15:15:17,304 [INFO] build 16_30.pkl
2026-08-17 15:15:17,304 [INFO] build 44_58.pkl
2026-08-17 15:15:17,305 [INFO] full_path /home/user/mujoco+evo/Mujoco_training_dataset/cache/mujoco_pickplace/videos/chunk-000/observation.images.front/episode_000193.mp4
2026-08-17 15:15:17,305 [INFO] build 38_52.pkl
2026-08-17 15:15:17,305 [INFO] full_path /home/user/mujoco+evo/Mujoco_training_dataset/cache/mujoco_pickplace/videos/chunk-000/observation.images.front/episode_000197.mp4
2026-08-17 15:15:17,305 [INFO] full_path /home/user/mujoco+evo/Mujoco_training_dataset/cache/mujoco_pickplace/videos/chunk-000/observation.images.overhead/episode_000197.mp4
2026-08-17 15:15:17,305 [INFO] full_path /home/user/mujoco+evo/Mujoco_training_dataset/cache/mujoco_pickplace/videos/chunk-000/observation.images.overhead/episode_000193.mp4
2026-08-17 15:15:17,305 [INFO] build 31_45.pkl
2026-08-17 15:15:17,305 [INFO] full_path /home/user/mujoco+evo/Mujoco_training_dataset/cache/mujoco_pickplace/videos/chunk-000/observation.images.front/episode_000198.mp4
2026-08-17 15:15:17,305 [INFO] full_path /home/user/mujoco+evo/Mujoco_training_dataset/cache/mujoco_pickplace/videos/chunk-000/observation.images.wrist/episode_000197.mp4
2026-08-17 15:15:17,305 [INFO] full_path /home/user/mujoco+evo/Mujoco_training_dataset/cache/mujoco_pickplace/videos/chunk-000/observation.images.wrist/episode_000193.mp4
2026-08-17 15:15:17,305 [INFO] full_path /home/user/mujoco+evo/Mujoco_training_dataset/cache/mujoco_pickplace/videos/chunk-000/observation.images.overhead/episode_000198.mp4
2026-08-17 15:15:17,305 [INFO] full_path /home/user/mujoco+evo/Mujoco_training_dataset/cache/mujoco_pickplace/videos/chunk-000/observation.images.wrist/episode_000198.mp4
2026-08-17 15:15:17,305 [INFO] full_path /home/user/mujoco+evo/Mujoco_training_dataset/cache/mujoco_pickplace/videos/chunk-000/observation.images.front/episode_000190.mp4
2026-08-17 15:15:17,305 [INFO] full_path /home/user/mujoco+evo/Mujoco_training_dataset/cache/mujoco_pickplace/videos/chunk-000/observation.images.overhead/episode_000190.mp4
2026-08-17 15:15:17,305 [INFO] build 33_47.pkl
2026-08-17 15:15:17,305 [INFO] full_path /home/user/mujoco+evo/Mujoco_training_dataset/cache/mujoco_pickplace/videos/chunk-000/observation.images.wrist/episode_000190.mp4
2026-08-17 15:15:17,305 [INFO] build 62_76.pkl
2026-08-17 15:15:17,305 [INFO] full_path /home/user/mujoco+evo/Mujoco_training_dataset/cache/mujoco_pickplace/videos/chunk-000/observation.images.front/episode_000191.mp4
2026-08-17 15:15:17,305 [INFO] full_path /home/user/mujoco+evo/Mujoco_training_dataset/cache/mujoco_pickplace/videos/chunk-000/observation.images.front/episode_000196.mp4
2026-08-17 15:15:17,305 [INFO] full_path /home/user/mujoco+evo/Mujoco_training_dataset/cache/mujoco_pickplace/videos/chunk-000/observation.images.overhead/episode_000191.mp4
2026-08-17 15:15:17,305 [INFO] full_path /home/user/mujoco+evo/Mujoco_training_dataset/cache/mujoco_pickplace/videos/chunk-000/observation.images.overhead/episode_000196.mp4
2026-08-17 15:15:17,305 [INFO] full_path /home/user/mujoco+evo/Mujoco_training_dataset/cache/mujoco_pickplace/videos/chunk-000/observation.images.wrist/episode_000191.mp4
2026-08-17 15:15:17,305 [INFO] build 45_59.pkl
2026-08-17 15:15:17,305 [INFO] full_path /home/user/mujoco+evo/Mujoco_training_dataset/cache/mujoco_pickplace/videos/chunk-000/observation.images.wrist/episode_000196.mp4
2026-08-17 15:15:17,305 [INFO] build 63_77.pkl
2026-08-17 15:15:17,306 [INFO] build 17_31.pkl
2026-08-17 15:15:17,306 [INFO] full_path /home/user/mujoco+evo/Mujoco_training_dataset/cache/mujoco_pickplace/videos/chunk-000/observation.images.front/episode_000193.mp4
2026-08-17 15:15:17,306 [INFO] full_path /home/user/mujoco+evo/Mujoco_training_dataset/cache/mujoco_pickplace/videos/chunk-000/observation.images.overhead/episode_000193.mp4
2026-08-17 15:15:17,306 [INFO] full_path /home/user/mujoco+evo/Mujoco_training_dataset/cache/mujoco_pickplace/videos/chunk-000/observation.images.front/episode_000197.mp4
2026-08-17 15:15:17,306 [INFO] full_path /home/user/mujoco+evo/Mujoco_training_dataset/cache/mujoco_pickplace/videos/chunk-000/observation.images.wrist/episode_000193.mp4
2026-08-17 15:15:17,306 [INFO] full_path /home/user/mujoco+evo/Mujoco_training_dataset/cache/mujoco_pickplace/videos/chunk-000/observation.images.front/episode_000194.mp4
2026-08-17 15:15:17,306 [INFO] full_path /home/user/mujoco+evo/Mujoco_training_dataset/cache/mujoco_pickplace/videos/chunk-000/observation.images.overhead/episode_000197.mp4
2026-08-17 15:15:17,306 [INFO] build 39_53.pkl
2026-08-17 15:15:17,306 [INFO] full_path /home/user/mujoco+evo/Mujoco_training_dataset/cache/mujoco_pickplace/videos/chunk-000/observation.images.wrist/episode_000197.mp4
2026-08-17 15:15:17,306 [INFO] full_path /home/user/mujoco+evo/Mujoco_training_dataset/cache/mujoco_pickplace/videos/chunk-000/observation.images.overhead/episode_000194.mp4
2026-08-17 15:15:17,306 [INFO] full_path /home/user/mujoco+evo/Mujoco_training_dataset/cache/mujoco_pickplace/videos/chunk-000/observation.images.front/episode_000198.mp4
2026-08-17 15:15:17,306 [INFO] full_path /home/user/mujoco+evo/Mujoco_training_dataset/cache/mujoco_pickplace/videos/chunk-000/observation.images.wrist/episode_000194.mp4
2026-08-17 15:15:17,306 [INFO] full_path /home/user/mujoco+evo/Mujoco_training_dataset/cache/mujoco_pickplace/videos/chunk-000/observation.images.overhead/episode_000198.mp4
2026-08-17 15:15:17,306 [INFO] build 63_77.pkl
2026-08-17 15:15:17,306 [INFO] full_path /home/user/mujoco+evo/Mujoco_training_dataset/cache/mujoco_pickplace/videos/chunk-000/observation.images.wrist/episode_000198.mp4
2026-08-17 15:15:17,306 [INFO] build 32_46.pkl
2026-08-17 15:15:17,306 [INFO] full_path /home/user/mujoco+evo/Mujoco_training_dataset/cache/mujoco_pickplace/videos/chunk-000/observation.images.front/episode_000191.mp4
2026-08-17 15:15:17,306 [INFO] full_path /home/user/mujoco+evo/Mujoco_training_dataset/cache/mujoco_pickplace/videos/chunk-000/observation.images.overhead/episode_000191.mp4
2026-08-17 15:15:17,306 [INFO] build 46_60.pkl
2026-08-17 15:15:17,306 [INFO] full_path /home/user/mujoco+evo/Mujoco_training_dataset/cache/mujoco_pickplace/videos/chunk-000/observation.images.wrist/episode_000191.mp4
2026-08-17 15:15:17,306 [INFO] full_path /home/user/mujoco+evo/Mujoco_training_dataset/cache/mujoco_pickplace/videos/chunk-000/observation.images.front/episode_000190.mp4
2026-08-17 15:15:17,307 [INFO] build 18_32.pkl
2026-08-17 15:15:17,307 [INFO] full_path /home/user/mujoco+evo/Mujoco_training_dataset/cache/mujoco_pickplace/videos/chunk-000/observation.images.front/episode_000193.mp4
2026-08-17 15:15:17,307 [INFO] build 34_48.pkl
2026-08-17 15:15:17,307 [INFO] full_path /home/user/mujoco+evo/Mujoco_training_dataset/cache/mujoco_pickplace/videos/chunk-000/observation.images.overhead/episode_000190.mp4
2026-08-17 15:15:17,307 [INFO] full_path /home/user/mujoco+evo/Mujoco_training_dataset/cache/mujoco_pickplace/videos/chunk-000/observation.images.overhead/episode_000193.mp4
2026-08-17 15:15:17,307 [INFO] full_path /home/user/mujoco+evo/Mujoco_training_dataset/cache/mujoco_pickplace/videos/chunk-000/observation.images.front/episode_000197.mp4
2026-08-17 15:15:17,307 [INFO] full_path /home/user/mujoco+evo/Mujoco_training_dataset/cache/mujoco_pickplace/videos/chunk-000/observation.images.wrist/episode_000193.mp4
2026-08-17 15:15:17,307 [INFO] full_path /home/user/mujoco+evo/Mujoco_training_dataset/cache/mujoco_pickplace/videos/chunk-000/observation.images.front/episode_000196.mp4
2026-08-17 15:15:17,307 [INFO] full_path /home/user/mujoco+evo/Mujoco_training_dataset/cache/mujoco_pickplace/videos/chunk-000/observation.images.wrist/episode_000190.mp4
2026-08-17 15:15:17,307 [INFO] full_path /home/user/mujoco+evo/Mujoco_training_dataset/cache/mujoco_pickplace/videos/chunk-000/observation.images.overhead/episode_000197.mp4
2026-08-17 15:15:17,307 [INFO] full_path /home/user/mujoco+evo/Mujoco_training_dataset/cache/mujoco_pickplace/videos/chunk-000/observation.images.wrist/episode_000197.mp4
2026-08-17 15:15:17,307 [INFO] full_path /home/user/mujoco+evo/Mujoco_training_dataset/cache/mujoco_pickplace/videos/chunk-000/observation.images.overhead/episode_000196.mp4
2026-08-17 15:15:17,307 [INFO] build 40_54.pkl
2026-08-17 15:15:17,307 [INFO] full_path /home/user/mujoco+evo/Mujoco_training_dataset/cache/mujoco_pickplace/videos/chunk-000/observation.images.wrist/episode_000196.mp4
2026-08-17 15:15:17,307 [INFO] full_path /home/user/mujoco+evo/Mujoco_training_dataset/cache/mujoco_pickplace/videos/chunk-000/observation.images.front/episode_000198.mp4
2026-08-17 15:15:17,307 [INFO] full_path /home/user/mujoco+evo/Mujoco_training_dataset/cache/mujoco_pickplace/videos/chunk-000/observation.images.overhead/episode_000198.mp4
2026-08-17 15:15:17,307 [INFO] build 64_78.pkl
2026-08-17 15:15:17,307 [INFO] full_path /home/user/mujoco+evo/Mujoco_training_dataset/cache/mujoco_pickplace/videos/chunk-000/observation.images.wrist/episode_000198.mp4
2026-08-17 15:15:17,307 [INFO] build 64_78.pkl
2026-08-17 15:15:17,307 [INFO] full_path /home/user/mujoco+evo/Mujoco_training_dataset/cache/mujoco_pickplace/videos/chunk-000/observation.images.front/episode_000191.mp4
2026-08-17 15:15:17,307 [INFO] build 47_61.pkl
2026-08-17 15:15:17,307 [INFO] full_path /home/user/mujoco+evo/Mujoco_training_dataset/cache/mujoco_pickplace/videos/chunk-000/observation.images.overhead/episode_000191.mp4
2026-08-17 15:15:17,307 [INFO] full_path /home/user/mujoco+evo/Mujoco_training_dataset/cache/mujoco_pickplace/videos/chunk-000/observation.images.front/episode_000194.mp4
2026-08-17 15:15:17,307 [INFO] full_path /home/user/mujoco+evo/Mujoco_training_dataset/cache/mujoco_pickplace/videos/chunk-000/observation.images.wrist/episode_000191.mp4
2026-08-17 15:15:17,307 [INFO] full_path /home/user/mujoco+evo/Mujoco_training_dataset/cache/mujoco_pickplace/videos/chunk-000/observation.images.front/episode_000193.mp4
2026-08-17 15:15:17,307 [INFO] full_path /home/user/mujoco+evo/Mujoco_training_dataset/cache/mujoco_pickplace/videos/chunk-000/observation.images.overhead/episode_000194.mp4
2026-08-17 15:15:17,308 [INFO] build 19_33.pkl
2026-08-17 15:15:17,308 [INFO] full_path /home/user/mujoco+evo/Mujoco_training_dataset/cache/mujoco_pickplace/videos/chunk-000/observation.images.overhead/episode_000193.mp4
2026-08-17 15:15:17,308 [INFO] full_path /home/user/mujoco+evo/Mujoco_training_dataset/cache/mujoco_pickplace/videos/chunk-000/observation.images.wrist/episode_000193.mp4
2026-08-17 15:15:17,308 [INFO] full_path /home/user/mujoco+evo/Mujoco_training_dataset/cache/mujoco_pickplace/videos/chunk-000/observation.images.front/episode_000197.mp4
2026-08-17 15:15:17,308 [INFO] full_path /home/user/mujoco+evo/Mujoco_training_dataset/cache/mujoco_pickplace/videos/chunk-000/observation.images.wrist/episode_000194.mp4
2026-08-17 15:15:17,308 [INFO] full_path /home/user/mujoco+evo/Mujoco_training_dataset/cache/mujoco_pickplace/videos/chunk-000/observation.images.overhead/episode_000197.mp4
2026-08-17 15:15:17,308 [INFO] full_path /home/user/mujoco+evo/Mujoco_training_dataset/cache/mujoco_pickplace/videos/chunk-000/observation.images.wrist/episode_000197.mp4
2026-08-17 15:15:17,308 [INFO] build 41_55.pkl
2026-08-17 15:15:17,308 [INFO] build 33_47.pkl
2026-08-17 15:15:17,308 [INFO] full_path /home/user/mujoco+evo/Mujoco_training_dataset/cache/mujoco_pickplace/videos/chunk-000/observation.images.front/episode_000198.mp4
2026-08-17 15:15:17,308 [INFO] full_path /home/user/mujoco+evo/Mujoco_training_dataset/cache/mujoco_pickplace/videos/chunk-000/observation.images.overhead/episode_000198.mp4
2026-08-17 15:15:17,308 [INFO] build 35_49.pkl
2026-08-17 15:15:17,308 [INFO] full_path /home/user/mujoco+evo/Mujoco_training_dataset/cache/mujoco_pickplace/videos/chunk-000/observation.images.front/episode_000190.mp4
2026-08-17 15:15:17,308 [INFO] full_path /home/user/mujoco+evo/Mujoco_training_dataset/cache/mujoco_pickplace/videos/chunk-000/observation.images.wrist/episode_000198.mp4
2026-08-17 15:15:17,308 [INFO] build 65_79.pkl
2026-08-17 15:15:17,308 [INFO] full_path /home/user/mujoco+evo/Mujoco_training_dataset/cache/mujoco_pickplace/videos/chunk-000/observation.images.overhead/episode_000190.mp4
2026-08-17 15:15:17,308 [INFO] full_path /home/user/mujoco+evo/Mujoco_training_dataset/cache/mujoco_pickplace/videos/chunk-000/observation.images.front/episode_000196.mp4
2026-08-17 15:15:17,308 [INFO] full_path /home/user/mujoco+evo/Mujoco_training_dataset/cache/mujoco_pickplace/videos/chunk-000/observation.images.front/episode_000191.mp4
2026-08-17 15:15:17,308 [INFO] full_path /home/user/mujoco+evo/Mujoco_training_dataset/cache/mujoco_pickplace/videos/chunk-000/observation.images.wrist/episode_000190.mp4
2026-08-17 15:15:17,308 [INFO] full_path /home/user/mujoco+evo/Mujoco_training_dataset/cache/mujoco_pickplace/videos/chunk-000/observation.images.overhead/episode_000196.mp4
2026-08-17 15:15:17,308 [INFO] full_path /home/user/mujoco+evo/Mujoco_training_dataset/cache/mujoco_pickplace/videos/chunk-000/observation.images.overhead/episode_000191.mp4
2026-08-17 15:15:17,308 [INFO] build 48_62.pkl
2026-08-17 15:15:17,308 [INFO] full_path /home/user/mujoco+evo/Mujoco_training_dataset/cache/mujoco_pickplace/videos/chunk-000/observation.images.wrist/episode_000191.mp4
2026-08-17 15:15:17,308 [INFO] full_path /home/user/mujoco+evo/Mujoco_training_dataset/cache/mujoco_pickplace/videos/chunk-000/observation.images.wrist/episode_000196.mp4
2026-08-17 15:15:17,308 [INFO] full_path /home/user/mujoco+evo/Mujoco_training_dataset/cache/mujoco_pickplace/videos/chunk-000/observation.images.front/episode_000193.mp4
2026-08-17 15:15:17,308 [INFO] build 20_34.pkl
2026-08-17 15:15:17,308 [INFO] full_path /home/user/mujoco+evo/Mujoco_training_dataset/cache/mujoco_pickplace/videos/chunk-000/observation.images.overhead/episode_000193.mp4
2026-08-17 15:15:17,308 [INFO] full_path /home/user/mujoco+evo/Mujoco_training_dataset/cache/mujoco_pickplace/videos/chunk-000/observation.images.wrist/episode_000193.mp4
2026-08-17 15:15:17,309 [INFO] full_path /home/user/mujoco+evo/Mujoco_training_dataset/cache/mujoco_pickplace/videos/chunk-000/observation.images.front/episode_000197.mp4
2026-08-17 15:15:17,309 [INFO] build 42_56.pkl
2026-08-17 15:15:17,309 [INFO] full_path /home/user/mujoco+evo/Mujoco_training_dataset/cache/mujoco_pickplace/videos/chunk-000/observation.images.overhead/episode_000197.mp4
2026-08-17 15:15:17,309 [INFO] full_path /home/user/mujoco+evo/Mujoco_training_dataset/cache/mujoco_pickplace/videos/chunk-000/observation.images.front/episode_000198.mp4
2026-08-17 15:15:17,309 [INFO] full_path /home/user/mujoco+evo/Mujoco_training_dataset/cache/mujoco_pickplace/videos/chunk-000/observation.images.wrist/episode_000197.mp4
2026-08-17 15:15:17,309 [INFO] full_path /home/user/mujoco+evo/Mujoco_training_dataset/cache/mujoco_pickplace/videos/chunk-000/observation.images.overhead/episode_000198.mp4
2026-08-17 15:15:17,309 [INFO] build 65_79.pkl
2026-08-17 15:15:17,309 [INFO] full_path /home/user/mujoco+evo/Mujoco_training_dataset/cache/mujoco_pickplace/videos/chunk-000/observation.images.wrist/episode_000198.mp4
2026-08-17 15:15:17,309 [INFO] build 66_80.pkl
2026-08-17 15:15:17,309 [INFO] full_path /home/user/mujoco+evo/Mujoco_training_dataset/cache/mujoco_pickplace/videos/chunk-000/observation.images.front/episode_000194.mp4
2026-08-17 15:15:17,309 [INFO] full_path /home/user/mujoco+evo/Mujoco_training_dataset/cache/mujoco_pickplace/videos/chunk-000/observation.images.front/episode_000191.mp4
2026-08-17 15:15:17,309 [INFO] build 49_63.pkl
2026-08-17 15:15:17,309 [INFO] build 34_48.pkl
2026-08-17 15:15:17,309 [INFO] build 36_50.pkl
2026-08-17 15:15:17,310 [INFO] build 21_35.pkl
2026-08-17 15:15:17,310 [INFO] build 43_57.pkl
2026-08-17 15:15:17,311 [INFO] full_path /home/user/mujoco+evo/Mujoco_training_dataset/cache/mujoco_pickplace/videos/chunk-000/observation.images.overhead/episode_000194.mp4
2026-08-17 15:15:17,311 [INFO] full_path /home/user/mujoco+evo/Mujoco_training_dataset/cache/mujoco_pickplace/videos/chunk-000/observation.images.overhead/episode_000191.mp4
2026-08-17 15:15:17,311 [INFO] full_path /home/user/mujoco+evo/Mujoco_training_dataset/cache/mujoco_pickplace/videos/chunk-000/observation.images.wrist/episode_000191.mp4
2026-08-17 15:15:17,311 [INFO] full_path /home/user/mujoco+evo/Mujoco_training_dataset/cache/mujoco_pickplace/videos/chunk-000/observation.images.wrist/episode_000194.mp4
2026-08-17 15:15:17,311 [INFO] full_path /home/user/mujoco+evo/Mujoco_training_dataset/cache/mujoco_pickplace/videos/chunk-000/observation.images.front/episode_000190.mp4
2026-08-17 15:15:17,311 [INFO] full_path /home/user/mujoco+evo/Mujoco_training_dataset/cache/mujoco_pickplace/videos/chunk-000/observation.images.front/episode_000196.mp4
2026-08-17 15:15:17,311 [INFO] full_path /home/user/mujoco+evo/Mujoco_training_dataset/cache/mujoco_pickplace/videos/chunk-000/observation.images.overhead/episode_000190.mp4
2026-08-17 15:15:17,311 [INFO] full_path /home/user/mujoco+evo/Mujoco_training_dataset/cache/mujoco_pickplace/videos/chunk-000/observation.images.front/episode_000193.mp4
2026-08-17 15:15:17,312 [INFO] full_path /home/user/mujoco+evo/Mujoco_training_dataset/cache/mujoco_pickplace/videos/chunk-000/observation.images.front/episode_000198.mp4
2026-08-17 15:15:17,312 [INFO] full_path /home/user/mujoco+evo/Mujoco_training_dataset/cache/mujoco_pickplace/videos/chunk-000/observation.images.wrist/episode_000190.mp4
2026-08-17 15:15:17,312 [INFO] full_path /home/user/mujoco+evo/Mujoco_training_dataset/cache/mujoco_pickplace/videos/chunk-000/observation.images.overhead/episode_000196.mp4
2026-08-17 15:15:17,312 [INFO] full_path /home/user/mujoco+evo/Mujoco_training_dataset/cache/mujoco_pickplace/videos/chunk-000/observation.images.overhead/episode_000198.mp4
2026-08-17 15:15:17,312 [INFO] full_path /home/user/mujoco+evo/Mujoco_training_dataset/cache/mujoco_pickplace/videos/chunk-000/observation.images.front/episode_000197.mp4
2026-08-17 15:15:17,312 [INFO] full_path /home/user/mujoco+evo/Mujoco_training_dataset/cache/mujoco_pickplace/videos/chunk-000/observation.images.wrist/episode_000196.mp4
2026-08-17 15:15:17,312 [INFO] full_path /home/user/mujoco+evo/Mujoco_training_dataset/cache/mujoco_pickplace/videos/chunk-000/observation.images.wrist/episode_000198.mp4
2026-08-17 15:15:17,312 [INFO] full_path /home/user/mujoco+evo/Mujoco_training_dataset/cache/mujoco_pickplace/videos/chunk-000/observation.images.overhead/episode_000193.mp4
2026-08-17 15:15:17,312 [INFO] full_path /home/user/mujoco+evo/Mujoco_training_dataset/cache/mujoco_pickplace/videos/chunk-000/observation.images.wrist/episode_000193.mp4
2026-08-17 15:15:17,312 [INFO] full_path /home/user/mujoco+evo/Mujoco_training_dataset/cache/mujoco_pickplace/videos/chunk-000/observation.images.overhead/episode_000197.mp4
2026-08-17 15:15:17,312 [INFO] full_path /home/user/mujoco+evo/Mujoco_training_dataset/cache/mujoco_pickplace/videos/chunk-000/observation.images.wrist/episode_000197.mp4
2026-08-17 15:15:17,312 [INFO] build 67_81.pkl
2026-08-17 15:15:17,312 [INFO] build 66_80.pkl
2026-08-17 15:15:17,312 [INFO] full_path /home/user/mujoco+evo/Mujoco_training_dataset/cache/mujoco_pickplace/videos/chunk-000/observation.images.front/episode_000194.mp4
2026-08-17 15:15:17,312 [INFO] full_path /home/user/mujoco+evo/Mujoco_training_dataset/cache/mujoco_pickplace/videos/chunk-000/observation.images.front/episode_000191.mp4
2026-08-17 15:15:17,312 [INFO] build 44_58.pkl
2026-08-17 15:15:17,312 [INFO] full_path /home/user/mujoco+evo/Mujoco_training_dataset/cache/mujoco_pickplace/videos/chunk-000/observation.images.overhead/episode_000194.mp4
2026-08-17 15:15:17,312 [INFO] build 37_51.pkl
2026-08-17 15:15:17,313 [INFO] build 35_49.pkl
2026-08-17 15:15:17,313 [INFO] build 50_64.pkl
2026-08-17 15:15:17,313 [INFO] build 22_36.pkl
2026-08-17 15:15:17,313 [INFO] full_path /home/user/mujoco+evo/Mujoco_training_dataset/cache/mujoco_pickplace/videos/chunk-000/observation.images.wrist/episode_000194.mp4
2026-08-17 15:15:17,313 [INFO] full_path /home/user/mujoco+evo/Mujoco_training_dataset/cache/mujoco_pickplace/videos/chunk-000/observation.images.overhead/episode_000191.mp4
2026-08-17 15:15:17,314 [INFO] full_path /home/user/mujoco+evo/Mujoco_training_dataset/cache/mujoco_pickplace/videos/chunk-000/observation.images.front/episode_000197.mp4
2026-08-17 15:15:17,314 [INFO] full_path /home/user/mujoco+evo/Mujoco_training_dataset/cache/mujoco_pickplace/videos/chunk-000/observation.images.wrist/episode_000191.mp4
2026-08-17 15:15:17,314 [INFO] full_path /home/user/mujoco+evo/Mujoco_training_dataset/cache/mujoco_pickplace/videos/chunk-000/observation.images.overhead/episode_000197.mp4
2026-08-17 15:15:17,314 [INFO] full_path /home/user/mujoco+evo/Mujoco_training_dataset/cache/mujoco_pickplace/videos/chunk-000/observation.images.wrist/episode_000197.mp4
2026-08-17 15:15:17,314 [INFO] full_path /home/user/mujoco+evo/Mujoco_training_dataset/cache/mujoco_pickplace/videos/chunk-000/observation.images.front/episode_000198.mp4
2026-08-17 15:15:17,314 [INFO] full_path /home/user/mujoco+evo/Mujoco_training_dataset/cache/mujoco_pickplace/videos/chunk-000/observation.images.front/episode_000196.mp4
2026-08-17 15:15:17,314 [INFO] full_path /home/user/mujoco+evo/Mujoco_training_dataset/cache/mujoco_pickplace/videos/chunk-000/observation.images.front/episode_000193.mp4
2026-08-17 15:15:17,314 [INFO] full_path /home/user/mujoco+evo/Mujoco_training_dataset/cache/mujoco_pickplace/videos/chunk-000/observation.images.front/episode_000190.mp4
2026-08-17 15:15:17,314 [INFO] full_path /home/user/mujoco+evo/Mujoco_training_dataset/cache/mujoco_pickplace/videos/chunk-000/observation.images.overhead/episode_000196.mp4
2026-08-17 15:15:17,314 [INFO] full_path /home/user/mujoco+evo/Mujoco_training_dataset/cache/mujoco_pickplace/videos/chunk-000/observation.images.overhead/episode_000193.mp4
2026-08-17 15:15:17,314 [INFO] full_path /home/user/mujoco+evo/Mujoco_training_dataset/cache/mujoco_pickplace/videos/chunk-000/observation.images.overhead/episode_000198.mp4
2026-08-17 15:15:17,314 [INFO] full_path /home/user/mujoco+evo/Mujoco_training_dataset/cache/mujoco_pickplace/videos/chunk-000/observation.images.wrist/episode_000193.mp4
2026-08-17 15:15:17,314 [INFO] full_path /home/user/mujoco+evo/Mujoco_training_dataset/cache/mujoco_pickplace/videos/chunk-000/observation.images.wrist/episode_000196.mp4
2026-08-17 15:15:17,314 [INFO] full_path /home/user/mujoco+evo/Mujoco_training_dataset/cache/mujoco_pickplace/videos/chunk-000/observation.images.wrist/episode_000198.mp4
2026-08-17 15:15:17,314 [INFO] full_path /home/user/mujoco+evo/Mujoco_training_dataset/cache/mujoco_pickplace/videos/chunk-000/observation.images.overhead/episode_000190.mp4
2026-08-17 15:15:17,314 [INFO] full_path /home/user/mujoco+evo/Mujoco_training_dataset/cache/mujoco_pickplace/videos/chunk-000/observation.images.wrist/episode_000190.mp4
2026-08-17 15:15:17,314 [INFO] build 67_81.pkl
2026-08-17 15:15:17,314 [INFO] build 68_82.pkl
2026-08-17 15:15:17,314 [INFO] full_path /home/user/mujoco+evo/Mujoco_training_dataset/cache/mujoco_pickplace/videos/chunk-000/observation.images.front/episode_000194.mp4
2026-08-17 15:15:17,314 [INFO] build 23_37.pkl
2026-08-17 15:15:17,315 [INFO] full_path /home/user/mujoco+evo/Mujoco_training_dataset/cache/mujoco_pickplace/videos/chunk-000/observation.images.front/episode_000191.mp4
2026-08-17 15:15:17,315 [INFO] full_path /home/user/mujoco+evo/Mujoco_training_dataset/cache/mujoco_pickplace/videos/chunk-000/observation.images.overhead/episode_000191.mp4
2026-08-17 15:15:17,315 [INFO] full_path /home/user/mujoco+evo/Mujoco_training_dataset/cache/mujoco_pickplace/videos/chunk-000/observation.images.overhead/episode_000194.mp4
2026-08-17 15:15:17,315 [INFO] full_path /home/user/mujoco+evo/Mujoco_training_dataset/cache/mujoco_pickplace/videos/chunk-000/observation.images.wrist/episode_000191.mp4
2026-08-17 15:15:17,315 [INFO] full_path /home/user/mujoco+evo/Mujoco_training_dataset/cache/mujoco_pickplace/videos/chunk-000/observation.images.front/episode_000197.mp4
2026-08-17 15:15:17,315 [INFO] full_path /home/user/mujoco+evo/Mujoco_training_dataset/cache/mujoco_pickplace/videos/chunk-000/observation.images.wrist/episode_000194.mp4
2026-08-17 15:15:17,315 [INFO] full_path /home/user/mujoco+evo/Mujoco_training_dataset/cache/mujoco_pickplace/videos/chunk-000/observation.images.overhead/episode_000197.mp4
2026-08-17 15:15:17,315 [INFO] full_path /home/user/mujoco+evo/Mujoco_training_dataset/cache/mujoco_pickplace/videos/chunk-000/observation.images.wrist/episode_000197.mp4
2026-08-17 15:15:17,315 [INFO] build 51_65.pkl
2026-08-17 15:15:17,315 [INFO] build 38_52.pkl
2026-08-17 15:15:17,315 [INFO] build 45_59.pkl
2026-08-17 15:15:17,315 [INFO] full_path /home/user/mujoco+evo/Mujoco_training_dataset/cache/mujoco_pickplace/videos/chunk-000/observation.images.front/episode_000193.mp4
2026-08-17 15:15:17,315 [INFO] full_path /home/user/mujoco+evo/Mujoco_training_dataset/cache/mujoco_pickplace/videos/chunk-000/observation.images.front/episode_000196.mp4
2026-08-17 15:15:17,315 [INFO] build 69_83.pkl
2026-08-17 15:15:17,315 [INFO] full_path /home/user/mujoco+evo/Mujoco_training_dataset/cache/mujoco_pickplace/videos/chunk-000/observation.images.front/episode_000198.mp4
2026-08-17 15:15:17,316 [INFO] full_path /home/user/mujoco+evo/Mujoco_training_dataset/cache/mujoco_pickplace/videos/chunk-000/observation.images.overhead/episode_000193.mp4
2026-08-17 15:15:17,316 [INFO] full_path /home/user/mujoco+evo/Mujoco_training_dataset/cache/mujoco_pickplace/videos/chunk-000/observation.images.overhead/episode_000196.mp4
2026-08-17 15:15:17,316 [INFO] build 36_50.pkl
2026-08-17 15:15:17,316 [INFO] full_path /home/user/mujoco+evo/Mujoco_training_dataset/cache/mujoco_pickplace/videos/chunk-000/observation.images.front/episode_000191.mp4
2026-08-17 15:15:17,316 [INFO] full_path /home/user/mujoco+evo/Mujoco_training_dataset/cache/mujoco_pickplace/videos/chunk-000/observation.images.overhead/episode_000198.mp4
2026-08-17 15:15:17,316 [INFO] full_path /home/user/mujoco+evo/Mujoco_training_dataset/cache/mujoco_pickplace/videos/chunk-000/observation.images.overhead/episode_000191.mp4
2026-08-17 15:15:17,316 [INFO] full_path /home/user/mujoco+evo/Mujoco_training_dataset/cache/mujoco_pickplace/videos/chunk-000/observation.images.wrist/episode_000196.mp4
2026-08-17 15:15:17,316 [INFO] full_path /home/user/mujoco+evo/Mujoco_training_dataset/cache/mujoco_pickplace/videos/chunk-000/observation.images.wrist/episode_000193.mp4
2026-08-17 15:15:17,316 [INFO] build 68_82.pkl
2026-08-17 15:15:17,316 [INFO] full_path /home/user/mujoco+evo/Mujoco_training_dataset/cache/mujoco_pickplace/videos/chunk-000/observation.images.front/episode_000190.mp4
2026-08-17 15:15:17,316 [INFO] full_path /home/user/mujoco+evo/Mujoco_training_dataset/cache/mujoco_pickplace/videos/chunk-000/observation.images.wrist/episode_000191.mp4
2026-08-17 15:15:17,316 [INFO] full_path /home/user/mujoco+evo/Mujoco_training_dataset/cache/mujoco_pickplace/videos/chunk-000/observation.images.wrist/episode_000198.mp4
2026-08-17 15:15:17,316 [INFO] full_path /home/user/mujoco+evo/Mujoco_training_dataset/cache/mujoco_pickplace/videos/chunk-000/observation.images.overhead/episode_000190.mp4
2026-08-17 15:15:17,316 [INFO] full_path /home/user/mujoco+evo/Mujoco_training_dataset/cache/mujoco_pickplace/videos/chunk-000/observation.images.wrist/episode_000190.mp4
2026-08-17 15:15:17,316 [INFO] full_path /home/user/mujoco+evo/Mujoco_training_dataset/cache/mujoco_pickplace/videos/chunk-000/observation.images.front/episode_000194.mp4
2026-08-17 15:15:17,316 [INFO] build 24_38.pkl
2026-08-17 15:15:17,316 [INFO] full_path /home/user/mujoco+evo/Mujoco_training_dataset/cache/mujoco_pickplace/videos/chunk-000/observation.images.overhead/episode_000194.mp4
2026-08-17 15:15:17,316 [INFO] full_path /home/user/mujoco+evo/Mujoco_training_dataset/cache/mujoco_pickplace/videos/chunk-000/observation.images.wrist/episode_000194.mp4
2026-08-17 15:15:17,316 [INFO] full_path /home/user/mujoco+evo/Mujoco_training_dataset/cache/mujoco_pickplace/videos/chunk-000/observation.images.front/episode_000197.mp4
2026-08-17 15:15:17,316 [INFO] full_path /home/user/mujoco+evo/Mujoco_training_dataset/cache/mujoco_pickplace/videos/chunk-000/observation.images.overhead/episode_000197.mp4
2026-08-17 15:15:17,316 [INFO] full_path /home/user/mujoco+evo/Mujoco_training_dataset/cache/mujoco_pickplace/videos/chunk-000/observation.images.wrist/episode_000197.mp4
2026-08-17 15:15:17,317 [INFO] build 37_51.pkl
2026-08-17 15:15:17,317 [INFO] build 69_83.pkl
2026-08-17 15:15:17,317 [INFO] build 39_53.pkl
2026-08-17 15:15:17,317 [INFO] build 52_66.pkl
2026-08-17 15:15:17,317 [INFO] full_path /home/user/mujoco+evo/Mujoco_training_dataset/cache/mujoco_pickplace/videos/chunk-000/observation.images.front/episode_000190.mp4
2026-08-17 15:15:17,317 [INFO] full_path /home/user/mujoco+evo/Mujoco_training_dataset/cache/mujoco_pickplace/videos/chunk-000/observation.images.front/episode_000194.mp4
2026-08-17 15:15:17,317 [INFO] full_path /home/user/mujoco+evo/Mujoco_training_dataset/cache/mujoco_pickplace/videos/chunk-000/observation.images.overhead/episode_000190.mp4
2026-08-17 15:15:17,317 [INFO] build 25_39.pkl
2026-08-17 15:15:17,317 [INFO] full_path /home/user/mujoco+evo/Mujoco_training_dataset/cache/mujoco_pickplace/videos/chunk-000/observation.images.overhead/episode_000194.mp4
2026-08-17 15:15:17,317 [INFO] build 70_84.pkl
2026-08-17 15:15:17,317 [INFO] build 46_60.pkl
2026-08-17 15:15:17,317 [INFO] full_path /home/user/mujoco+evo/Mujoco_training_dataset/cache/mujoco_pickplace/videos/chunk-000/observation.images.wrist/episode_000190.mp4
2026-08-17 15:15:17,317 [INFO] full_path /home/user/mujoco+evo/Mujoco_training_dataset/cache/mujoco_pickplace/videos/chunk-000/observation.images.front/episode_000193.mp4
2026-08-17 15:15:17,317 [INFO] full_path /home/user/mujoco+evo/Mujoco_training_dataset/cache/mujoco_pickplace/videos/chunk-000/observation.images.front/episode_000196.mp4
2026-08-17 15:15:17,317 [INFO] full_path /home/user/mujoco+evo/Mujoco_training_dataset/cache/mujoco_pickplace/videos/chunk-000/observation.images.wrist/episode_000194.mp4
2026-08-17 15:15:17,317 [INFO] full_path /home/user/mujoco+evo/Mujoco_training_dataset/cache/mujoco_pickplace/videos/chunk-000/observation.images.front/episode_000197.mp4
2026-08-17 15:15:17,317 [INFO] full_path /home/user/mujoco+evo/Mujoco_training_dataset/cache/mujoco_pickplace/videos/chunk-000/observation.images.overhead/episode_000193.mp4
2026-08-17 15:15:17,317 [INFO] full_path /home/user/mujoco+evo/Mujoco_training_dataset/cache/mujoco_pickplace/videos/chunk-000/observation.images.overhead/episode_000196.mp4
2026-08-17 15:15:17,317 [INFO] full_path /home/user/mujoco+evo/Mujoco_training_dataset/cache/mujoco_pickplace/videos/chunk-000/observation.images.front/episode_000198.mp4
2026-08-17 15:15:17,317 [INFO] full_path /home/user/mujoco+evo/Mujoco_training_dataset/cache/mujoco_pickplace/videos/chunk-000/observation.images.overhead/episode_000197.mp4
2026-08-17 15:15:17,317 [INFO] full_path /home/user/mujoco+evo/Mujoco_training_dataset/cache/mujoco_pickplace/videos/chunk-000/observation.images.front/episode_000191.mp4
2026-08-17 15:15:17,317 [INFO] full_path /home/user/mujoco+evo/Mujoco_training_dataset/cache/mujoco_pickplace/videos/chunk-000/observation.images.overhead/episode_000198.mp4
2026-08-17 15:15:17,317 [INFO] full_path /home/user/mujoco+evo/Mujoco_training_dataset/cache/mujoco_pickplace/videos/chunk-000/observation.images.wrist/episode_000197.mp4
2026-08-17 15:15:17,317 [INFO] full_path /home/user/mujoco+evo/Mujoco_training_dataset/cache/mujoco_pickplace/videos/chunk-000/observation.images.wrist/episode_000196.mp4
2026-08-17 15:15:17,317 [INFO] full_path /home/user/mujoco+evo/Mujoco_training_dataset/cache/mujoco_pickplace/videos/chunk-000/observation.images.wrist/episode_000193.mp4
2026-08-17 15:15:17,317 [INFO] full_path /home/user/mujoco+evo/Mujoco_training_dataset/cache/mujoco_pickplace/videos/chunk-000/observation.images.wrist/episode_000198.mp4
2026-08-17 15:15:17,317 [INFO] full_path /home/user/mujoco+evo/Mujoco_training_dataset/cache/mujoco_pickplace/videos/chunk-000/observation.images.overhead/episode_000191.mp4
2026-08-17 15:15:17,317 [INFO] full_path /home/user/mujoco+evo/Mujoco_training_dataset/cache/mujoco_pickplace/videos/chunk-000/observation.images.wrist/episode_000191.mp4
2026-08-17 15:15:17,318 [INFO] build 70_84.pkl
2026-08-17 15:15:17,318 [INFO] build 38_52.pkl
2026-08-17 15:15:17,318 [INFO] full_path /home/user/mujoco+evo/Mujoco_training_dataset/cache/mujoco_pickplace/videos/chunk-000/observation.images.front/episode_000194.mp4
2026-08-17 15:15:17,318 [INFO] full_path /home/user/mujoco+evo/Mujoco_training_dataset/cache/mujoco_pickplace/videos/chunk-000/observation.images.front/episode_000190.mp4
2026-08-17 15:15:17,318 [INFO] full_path /home/user/mujoco+evo/Mujoco_training_dataset/cache/mujoco_pickplace/videos/chunk-000/observation.images.overhead/episode_000194.mp4
2026-08-17 15:15:17,318 [INFO] full_path /home/user/mujoco+evo/Mujoco_training_dataset/cache/mujoco_pickplace/videos/chunk-000/observation.images.overhead/episode_000190.mp4
2026-08-17 15:15:17,318 [INFO] full_path /home/user/mujoco+evo/Mujoco_training_dataset/cache/mujoco_pickplace/videos/chunk-000/observation.images.wrist/episode_000190.mp4
2026-08-17 15:15:17,318 [INFO] full_path /home/user/mujoco+evo/Mujoco_training_dataset/cache/mujoco_pickplace/videos/chunk-000/observation.images.wrist/episode_000194.mp4
2026-08-17 15:15:17,318 [INFO] build 26_40.pkl
2026-08-17 15:15:17,318 [INFO] build 47_61.pkl
2026-08-17 15:15:17,318 [INFO] full_path /home/user/mujoco+evo/Mujoco_training_dataset/cache/mujoco_pickplace/videos/chunk-000/observation.images.front/episode_000197.mp4
2026-08-17 15:15:17,318 [INFO] full_path /home/user/mujoco+evo/Mujoco_training_dataset/cache/mujoco_pickplace/videos/chunk-000/observation.images.front/episode_000198.mp4
2026-08-17 15:15:17,318 [INFO] full_path /home/user/mujoco+evo/Mujoco_training_dataset/cache/mujoco_pickplace/videos/chunk-000/observation.images.overhead/episode_000197.mp4
2026-08-17 15:15:17,318 [INFO] full_path /home/user/mujoco+evo/Mujoco_training_dataset/cache/mujoco_pickplace/videos/chunk-000/observation.images.wrist/episode_000197.mp4
2026-08-17 15:15:17,318 [INFO] full_path /home/user/mujoco+evo/Mujoco_training_dataset/cache/mujoco_pickplace/videos/chunk-000/observation.images.overhead/episode_000198.mp4
2026-08-17 15:15:17,318 [INFO] full_path /home/user/mujoco+evo/Mujoco_training_dataset/cache/mujoco_pickplace/videos/chunk-000/observation.images.wrist/episode_000198.mp4
2026-08-17 15:15:17,318 [INFO] build 53_67.pkl
2026-08-17 15:15:17,318 [INFO] build 40_54.pkl
2026-08-17 15:15:17,319 [INFO] full_path /home/user/mujoco+evo/Mujoco_training_dataset/cache/mujoco_pickplace/videos/chunk-000/observation.images.front/episode_000193.mp4
2026-08-17 15:15:17,319 [INFO] full_path /home/user/mujoco+evo/Mujoco_training_dataset/cache/mujoco_pickplace/videos/chunk-000/observation.images.front/episode_000196.mp4
2026-08-17 15:15:17,319 [INFO] build 39_53.pkl
2026-08-17 15:15:17,319 [INFO] full_path /home/user/mujoco+evo/Mujoco_training_dataset/cache/mujoco_pickplace/videos/chunk-000/observation.images.overhead/episode_000193.mp4
2026-08-17 15:15:17,319 [INFO] full_path /home/user/mujoco+evo/Mujoco_training_dataset/cache/mujoco_pickplace/videos/chunk-000/observation.images.overhead/episode_000196.mp4
2026-08-17 15:15:17,319 [INFO] full_path /home/user/mujoco+evo/Mujoco_training_dataset/cache/mujoco_pickplace/videos/chunk-000/observation.images.front/episode_000190.mp4
2026-08-17 15:15:17,319 [INFO] build 71_85.pkl
2026-08-17 15:15:17,319 [INFO] full_path /home/user/mujoco+evo/Mujoco_training_dataset/cache/mujoco_pickplace/videos/chunk-000/observation.images.wrist/episode_000196.mp4
2026-08-17 15:15:17,319 [INFO] full_path /home/user/mujoco+evo/Mujoco_training_dataset/cache/mujoco_pickplace/videos/chunk-000/observation.images.wrist/episode_000193.mp4
2026-08-17 15:15:17,319 [INFO] full_path /home/user/mujoco+evo/Mujoco_training_dataset/cache/mujoco_pickplace/videos/chunk-000/observation.images.overhead/episode_000190.mp4
2026-08-17 15:15:17,319 [INFO] build 27_41.pkl
2026-08-17 15:15:17,319 [INFO] full_path /home/user/mujoco+evo/Mujoco_training_dataset/cache/mujoco_pickplace/videos/chunk-000/observation.images.front/episode_000194.mp4
2026-08-17 15:15:17,319 [INFO] full_path /home/user/mujoco+evo/Mujoco_training_dataset/cache/mujoco_pickplace/videos/chunk-000/observation.images.wrist/episode_000190.mp4
2026-08-17 15:15:17,319 [INFO] full_path /home/user/mujoco+evo/Mujoco_training_dataset/cache/mujoco_pickplace/videos/chunk-000/observation.images.overhead/episode_000194.mp4
2026-08-17 15:15:17,319 [INFO] build 48_62.pkl
2026-08-17 15:15:17,319 [INFO] build 71_85.pkl
2026-08-17 15:15:17,319 [INFO] full_path /home/user/mujoco+evo/Mujoco_training_dataset/cache/mujoco_pickplace/videos/chunk-000/observation.images.front/episode_000197.mp4
2026-08-17 15:15:17,319 [INFO] full_path /home/user/mujoco+evo/Mujoco_training_dataset/cache/mujoco_pickplace/videos/chunk-000/observation.images.overhead/episode_000197.mp4
2026-08-17 15:15:17,319 [INFO] full_path /home/user/mujoco+evo/Mujoco_training_dataset/cache/mujoco_pickplace/videos/chunk-000/observation.images.wrist/episode_000194.mp4
2026-08-17 15:15:17,319 [INFO] full_path /home/user/mujoco+evo/Mujoco_training_dataset/cache/mujoco_pickplace/videos/chunk-000/observation.images.front/episode_000198.mp4
2026-08-17 15:15:17,319 [INFO] full_path /home/user/mujoco+evo/Mujoco_training_dataset/cache/mujoco_pickplace/videos/chunk-000/observation.images.wrist/episode_000197.mp4
2026-08-17 15:15:17,319 [INFO] full_path /home/user/mujoco+evo/Mujoco_training_dataset/cache/mujoco_pickplace/videos/chunk-000/observation.images.overhead/episode_000198.mp4
2026-08-17 15:15:17,319 [INFO] full_path /home/user/mujoco+evo/Mujoco_training_dataset/cache/mujoco_pickplace/videos/chunk-000/observation.images.front/episode_000191.mp4
2026-08-17 15:15:17,319 [INFO] full_path /home/user/mujoco+evo/Mujoco_training_dataset/cache/mujoco_pickplace/videos/chunk-000/observation.images.wrist/episode_000198.mp4
2026-08-17 15:15:17,319 [INFO] full_path /home/user/mujoco+evo/Mujoco_training_dataset/cache/mujoco_pickplace/videos/chunk-000/observation.images.overhead/episode_000191.mp4
2026-08-17 15:15:17,320 [INFO] full_path /home/user/mujoco+evo/Mujoco_training_dataset/cache/mujoco_pickplace/videos/chunk-000/observation.images.wrist/episode_000191.mp4
2026-08-17 15:15:17,320 [INFO] build 40_54.pkl
2026-08-17 15:15:17,320 [INFO] build 28_42.pkl
2026-08-17 15:15:17,320 [INFO] build 41_55.pkl
2026-08-17 15:15:17,320 [INFO] build 54_68.pkl
2026-08-17 15:15:17,320 [INFO] full_path /home/user/mujoco+evo/Mujoco_training_dataset/cache/mujoco_pickplace/videos/chunk-000/observation.images.front/episode_000190.mp4
2026-08-17 15:15:17,320 [INFO] build 49_63.pkl
2026-08-17 15:15:17,320 [INFO] build 72_86.pkl
2026-08-17 15:15:17,320 [INFO] full_path /home/user/mujoco+evo/Mujoco_training_dataset/cache/mujoco_pickplace/videos/chunk-000/observation.images.front/episode_000197.mp4
2026-08-17 15:15:17,320 [INFO] full_path /home/user/mujoco+evo/Mujoco_training_dataset/cache/mujoco_pickplace/videos/chunk-000/observation.images.front/episode_000196.mp4
2026-08-17 15:15:17,321 [INFO] build 72_86.pkl
2026-08-17 15:15:17,327 [INFO] full_path /home/user/mujoco+evo/Mujoco_training_dataset/cache/mujoco_pickplace/videos/chunk-000/observation.images.overhead/episode_000190.mp4
2026-08-17 15:15:17,327 [INFO] full_path /home/user/mujoco+evo/Mujoco_training_dataset/cache/mujoco_pickplace/videos/chunk-000/observation.images.overhead/episode_000197.mp4
2026-08-17 15:15:17,327 [INFO] full_path /home/user/mujoco+evo/Mujoco_training_dataset/cache/mujoco_pickplace/videos/chunk-000/observation.images.front/episode_000193.mp4
2026-08-17 15:15:17,327 [INFO] full_path /home/user/mujoco+evo/Mujoco_training_dataset/cache/mujoco_pickplace/videos/chunk-000/observation.images.front/episode_000198.mp4
2026-08-17 15:15:17,328 [INFO] full_path /home/user/mujoco+evo/Mujoco_training_dataset/cache/mujoco_pickplace/videos/chunk-000/observation.images.overhead/episode_000196.mp4
2026-08-17 15:15:17,328 [INFO] full_path /home/user/mujoco+evo/Mujoco_training_dataset/cache/mujoco_pickplace/videos/chunk-000/observation.images.wrist/episode_000197.mp4
2026-08-17 15:15:17,328 [INFO] full_path /home/user/mujoco+evo/Mujoco_training_dataset/cache/mujoco_pickplace/videos/chunk-000/observation.images.wrist/episode_000190.mp4
2026-08-17 15:15:17,328 [INFO] full_path /home/user/mujoco+evo/Mujoco_training_dataset/cache/mujoco_pickplace/videos/chunk-000/observation.images.front/episode_000194.mp4
2026-08-17 15:15:17,328 [INFO] full_path /home/user/mujoco+evo/Mujoco_training_dataset/cache/mujoco_pickplace/videos/chunk-000/observation.images.overhead/episode_000193.mp4
2026-08-17 15:15:17,328 [INFO] full_path /home/user/mujoco+evo/Mujoco_training_dataset/cache/mujoco_pickplace/videos/chunk-000/observation.images.wrist/episode_000196.mp4
2026-08-17 15:15:17,328 [INFO] full_path /home/user/mujoco+evo/Mujoco_training_dataset/cache/mujoco_pickplace/videos/chunk-000/observation.images.overhead/episode_000198.mp4
2026-08-17 15:15:17,328 [INFO] full_path /home/user/mujoco+evo/Mujoco_training_dataset/cache/mujoco_pickplace/videos/chunk-000/observation.images.overhead/episode_000194.mp4
2026-08-17 15:15:17,328 [INFO] full_path /home/user/mujoco+evo/Mujoco_training_dataset/cache/mujoco_pickplace/videos/chunk-000/observation.images.front/episode_000191.mp4
2026-08-17 15:15:17,328 [INFO] full_path /home/user/mujoco+evo/Mujoco_training_dataset/cache/mujoco_pickplace/videos/chunk-000/observation.images.wrist/episode_000198.mp4
2026-08-17 15:15:17,328 [INFO] full_path /home/user/mujoco+evo/Mujoco_training_dataset/cache/mujoco_pickplace/videos/chunk-000/observation.images.wrist/episode_000193.mp4
2026-08-17 15:15:17,328 [INFO] full_path /home/user/mujoco+evo/Mujoco_training_dataset/cache/mujoco_pickplace/videos/chunk-000/observation.images.wrist/episode_000194.mp4
2026-08-17 15:15:17,328 [INFO] full_path /home/user/mujoco+evo/Mujoco_training_dataset/cache/mujoco_pickplace/videos/chunk-000/observation.images.overhead/episode_000191.mp4
2026-08-17 15:15:17,328 [INFO] full_path /home/user/mujoco+evo/Mujoco_training_dataset/cache/mujoco_pickplace/videos/chunk-000/observation.images.wrist/episode_000191.mp4
2026-08-17 15:15:17,329 [INFO] build 41_55.pkl
2026-08-17 15:15:17,329 [INFO] build 73_87.pkl
2026-08-17 15:15:17,329 [INFO] full_path /home/user/mujoco+evo/Mujoco_training_dataset/cache/mujoco_pickplace/videos/chunk-000/observation.images.front/episode_000190.mp4
2026-08-17 15:15:17,329 [INFO] full_path /home/user/mujoco+evo/Mujoco_training_dataset/cache/mujoco_pickplace/videos/chunk-000/observation.images.overhead/episode_000190.mp4
2026-08-17 15:15:17,329 [INFO] full_path /home/user/mujoco+evo/Mujoco_training_dataset/cache/mujoco_pickplace/videos/chunk-000/observation.images.front/episode_000191.mp4
2026-08-17 15:15:17,329 [INFO] full_path /home/user/mujoco+evo/Mujoco_training_dataset/cache/mujoco_pickplace/videos/chunk-000/observation.images.wrist/episode_000190.mp4
2026-08-17 15:15:17,329 [INFO] build 42_56.pkl
2026-08-17 15:15:17,329 [INFO] build 50_64.pkl
2026-08-17 15:15:17,329 [INFO] full_path /home/user/mujoco+evo/Mujoco_training_dataset/cache/mujoco_pickplace/videos/chunk-000/observation.images.overhead/episode_000191.mp4
2026-08-17 15:15:17,329 [INFO] build 55_69.pkl
2026-08-17 15:15:17,329 [INFO] build 29_43.pkl
2026-08-17 15:15:17,330 [INFO] full_path /home/user/mujoco+evo/Mujoco_training_dataset/cache/mujoco_pickplace/videos/chunk-000/observation.images.wrist/episode_000191.mp4
2026-08-17 15:15:17,330 [INFO] full_path /home/user/mujoco+evo/Mujoco_training_dataset/cache/mujoco_pickplace/videos/chunk-000/observation.images.front/episode_000198.mp4
2026-08-17 15:15:17,330 [INFO] full_path /home/user/mujoco+evo/Mujoco_training_dataset/cache/mujoco_pickplace/videos/chunk-000/observation.images.front/episode_000196.mp4
2026-08-17 15:15:17,330 [INFO] full_path /home/user/mujoco+evo/Mujoco_training_dataset/cache/mujoco_pickplace/videos/chunk-000/observation.images.front/episode_000197.mp4
2026-08-17 15:15:17,330 [INFO] full_path /home/user/mujoco+evo/Mujoco_training_dataset/cache/mujoco_pickplace/videos/chunk-000/observation.images.front/episode_000193.mp4
2026-08-17 15:15:17,330 [INFO] full_path /home/user/mujoco+evo/Mujoco_training_dataset/cache/mujoco_pickplace/videos/chunk-000/observation.images.overhead/episode_000193.mp4
2026-08-17 15:15:17,330 [INFO] full_path /home/user/mujoco+evo/Mujoco_training_dataset/cache/mujoco_pickplace/videos/chunk-000/observation.images.overhead/episode_000196.mp4
2026-08-17 15:15:17,330 [INFO] full_path /home/user/mujoco+evo/Mujoco_training_dataset/cache/mujoco_pickplace/videos/chunk-000/observation.images.overhead/episode_000198.mp4
2026-08-17 15:15:17,330 [INFO] full_path /home/user/mujoco+evo/Mujoco_training_dataset/cache/mujoco_pickplace/videos/chunk-000/observation.images.overhead/episode_000197.mp4
2026-08-17 15:15:17,330 [INFO] full_path /home/user/mujoco+evo/Mujoco_training_dataset/cache/mujoco_pickplace/videos/chunk-000/observation.images.wrist/episode_000196.mp4
2026-08-17 15:15:17,330 [INFO] full_path /home/user/mujoco+evo/Mujoco_training_dataset/cache/mujoco_pickplace/videos/chunk-000/observation.images.wrist/episode_000193.mp4
2026-08-17 15:15:17,330 [INFO] full_path /home/user/mujoco+evo/Mujoco_training_dataset/cache/mujoco_pickplace/videos/chunk-000/observation.images.wrist/episode_000198.mp4
2026-08-17 15:15:17,330 [INFO] build 42_56.pkl
2026-08-17 15:15:17,330 [INFO] full_path /home/user/mujoco+evo/Mujoco_training_dataset/cache/mujoco_pickplace/videos/chunk-000/observation.images.wrist/episode_000197.mp4
2026-08-17 15:15:17,330 [INFO] full_path /home/user/mujoco+evo/Mujoco_training_dataset/cache/mujoco_pickplace/videos/chunk-000/observation.images.front/episode_000190.mp4
2026-08-17 15:15:17,330 [INFO] build 74_88.pkl
2026-08-17 15:15:17,330 [INFO] full_path /home/user/mujoco+evo/Mujoco_training_dataset/cache/mujoco_pickplace/videos/chunk-000/observation.images.overhead/episode_000190.mp4
2026-08-17 15:15:17,330 [INFO] full_path /home/user/mujoco+evo/Mujoco_training_dataset/cache/mujoco_pickplace/videos/chunk-000/observation.images.front/episode_000191.mp4
2026-08-17 15:15:17,330 [INFO] full_path /home/user/mujoco+evo/Mujoco_training_dataset/cache/mujoco_pickplace/videos/chunk-000/observation.images.wrist/episode_000190.mp4
2026-08-17 15:15:17,330 [INFO] full_path /home/user/mujoco+evo/Mujoco_training_dataset/cache/mujoco_pickplace/videos/chunk-000/observation.images.overhead/episode_000191.mp4
2026-08-17 15:15:17,331 [INFO] full_path /home/user/mujoco+evo/Mujoco_training_dataset/cache/mujoco_pickplace/videos/chunk-000/observation.images.wrist/episode_000191.mp4
2026-08-17 15:15:17,331 [INFO] build 43_57.pkl
2026-08-17 15:15:17,331 [INFO] build 56_70.pkl
2026-08-17 15:15:17,331 [INFO] build 51_65.pkl
2026-08-17 15:15:17,331 [INFO] full_path /home/user/mujoco+evo/Mujoco_training_dataset/cache/mujoco_pickplace/videos/chunk-000/observation.images.front/episode_000190.mp4
2026-08-17 15:15:17,331 [INFO] build 43_57.pkl
2026-08-17 15:15:17,331 [INFO] full_path /home/user/mujoco+evo/Mujoco_training_dataset/cache/mujoco_pickplace/videos/chunk-000/observation.images.front/episode_000198.mp4
2026-08-17 15:15:17,331 [INFO] full_path /home/user/mujoco+evo/Mujoco_training_dataset/cache/mujoco_pickplace/videos/chunk-000/observation.images.overhead/episode_000190.mp4
2026-08-17 15:15:17,331 [INFO] full_path /home/user/mujoco+evo/Mujoco_training_dataset/cache/mujoco_pickplace/videos/chunk-000/observation.images.front/episode_000193.mp4
2026-08-17 15:15:17,331 [INFO] build 30_44.pkl
2026-08-17 15:15:17,331 [INFO] full_path /home/user/mujoco+evo/Mujoco_training_dataset/cache/mujoco_pickplace/videos/chunk-000/observation.images.wrist/episode_000190.mp4
2026-08-17 15:15:17,331 [INFO] full_path /home/user/mujoco+evo/Mujoco_training_dataset/cache/mujoco_pickplace/videos/chunk-000/observation.images.overhead/episode_000198.mp4
2026-08-17 15:15:17,331 [INFO] full_path /home/user/mujoco+evo/Mujoco_training_dataset/cache/mujoco_pickplace/videos/chunk-000/observation.images.overhead/episode_000193.mp4
2026-08-17 15:15:17,331 [INFO] full_path /home/user/mujoco+evo/Mujoco_training_dataset/cache/mujoco_pickplace/videos/chunk-000/observation.images.wrist/episode_000198.mp4
2026-08-17 15:15:17,331 [INFO] full_path /home/user/mujoco+evo/Mujoco_training_dataset/cache/mujoco_pickplace/videos/chunk-000/observation.images.wrist/episode_000193.mp4
2026-08-17 15:15:17,332 [INFO] full_path /home/user/mujoco+evo/Mujoco_training_dataset/cache/mujoco_pickplace/videos/chunk-000/observation.images.front/episode_000196.mp4
2026-08-17 15:15:17,332 [INFO] full_path /home/user/mujoco+evo/Mujoco_training_dataset/cache/mujoco_pickplace/videos/chunk-000/observation.images.front/episode_000197.mp4
2026-08-17 15:15:17,332 [INFO] full_path /home/user/mujoco+evo/Mujoco_training_dataset/cache/mujoco_pickplace/videos/chunk-000/observation.images.overhead/episode_000196.mp4
2026-08-17 15:15:17,332 [INFO] full_path /home/user/mujoco+evo/Mujoco_training_dataset/cache/mujoco_pickplace/videos/chunk-000/observation.images.overhead/episode_000197.mp4
2026-08-17 15:15:17,332 [INFO] full_path /home/user/mujoco+evo/Mujoco_training_dataset/cache/mujoco_pickplace/videos/chunk-000/observation.images.wrist/episode_000196.mp4
2026-08-17 15:15:17,332 [INFO] full_path /home/user/mujoco+evo/Mujoco_training_dataset/cache/mujoco_pickplace/videos/chunk-000/observation.images.wrist/episode_000197.mp4
2026-08-17 15:15:17,332 [INFO] build 57_71.pkl
2026-08-17 15:15:17,332 [INFO] build 44_58.pkl
2026-08-17 15:15:17,332 [INFO] build 52_66.pkl
2026-08-17 15:15:17,332 [INFO] full_path /home/user/mujoco+evo/Mujoco_training_dataset/cache/mujoco_pickplace/videos/chunk-000/observation.images.front/episode_000198.mp4
2026-08-17 15:15:17,332 [INFO] full_path /home/user/mujoco+evo/Mujoco_training_dataset/cache/mujoco_pickplace/videos/chunk-000/observation.images.front/episode_000190.mp4
2026-08-17 15:15:17,332 [INFO] full_path /home/user/mujoco+evo/Mujoco_training_dataset/cache/mujoco_pickplace/videos/chunk-000/observation.images.front/episode_000193.mp4
2026-08-17 15:15:17,332 [INFO] full_path /home/user/mujoco+evo/Mujoco_training_dataset/cache/mujoco_pickplace/videos/chunk-000/observation.images.overhead/episode_000198.mp4
2026-08-17 15:15:17,332 [INFO] full_path /home/user/mujoco+evo/Mujoco_training_dataset/cache/mujoco_pickplace/videos/chunk-000/observation.images.overhead/episode_000190.mp4
2026-08-17 15:15:17,332 [INFO] full_path /home/user/mujoco+evo/Mujoco_training_dataset/cache/mujoco_pickplace/videos/chunk-000/observation.images.overhead/episode_000193.mp4
2026-08-17 15:15:17,332 [INFO] full_path /home/user/mujoco+evo/Mujoco_training_dataset/cache/mujoco_pickplace/videos/chunk-000/observation.images.wrist/episode_000193.mp4
2026-08-17 15:15:17,332 [INFO] full_path /home/user/mujoco+evo/Mujoco_training_dataset/cache/mujoco_pickplace/videos/chunk-000/observation.images.wrist/episode_000198.mp4
2026-08-17 15:15:17,332 [INFO] full_path /home/user/mujoco+evo/Mujoco_training_dataset/cache/mujoco_pickplace/videos/chunk-000/observation.images.wrist/episode_000190.mp4
2026-08-17 15:15:17,333 [INFO] build 44_58.pkl
2026-08-17 15:15:17,333 [INFO] build 53_67.pkl
2026-08-17 15:15:17,333 [INFO] build 58_72.pkl
2026-08-17 15:15:17,333 [INFO] build 31_45.pkl
2026-08-17 15:15:17,333 [INFO] full_path /home/user/mujoco+evo/Mujoco_training_dataset/cache/mujoco_pickplace/videos/chunk-000/observation.images.front/episode_000196.mp4
2026-08-17 15:15:17,333 [INFO] full_path /home/user/mujoco+evo/Mujoco_training_dataset/cache/mujoco_pickplace/videos/chunk-000/observation.images.front/episode_000193.mp4
2026-08-17 15:15:17,333 [INFO] full_path /home/user/mujoco+evo/Mujoco_training_dataset/cache/mujoco_pickplace/videos/chunk-000/observation.images.front/episode_000198.mp4
2026-08-17 15:15:17,333 [INFO] build 45_59.pkl
2026-08-17 15:15:17,333 [INFO] full_path /home/user/mujoco+evo/Mujoco_training_dataset/cache/mujoco_pickplace/videos/chunk-000/observation.images.front/episode_000197.mp4
2026-08-17 15:15:17,333 [INFO] full_path /home/user/mujoco+evo/Mujoco_training_dataset/cache/mujoco_pickplace/videos/chunk-000/observation.images.overhead/episode_000196.mp4
2026-08-17 15:15:17,333 [INFO] full_path /home/user/mujoco+evo/Mujoco_training_dataset/cache/mujoco_pickplace/videos/chunk-000/observation.images.overhead/episode_000198.mp4
2026-08-17 15:15:17,333 [INFO] full_path /home/user/mujoco+evo/Mujoco_training_dataset/cache/mujoco_pickplace/videos/chunk-000/observation.images.overhead/episode_000193.mp4
2026-08-17 15:15:17,333 [INFO] full_path /home/user/mujoco+evo/Mujoco_training_dataset/cache/mujoco_pickplace/videos/chunk-000/observation.images.wrist/episode_000196.mp4
2026-08-17 15:15:17,333 [INFO] full_path /home/user/mujoco+evo/Mujoco_training_dataset/cache/mujoco_pickplace/videos/chunk-000/observation.images.overhead/episode_000197.mp4
2026-08-17 15:15:17,333 [INFO] full_path /home/user/mujoco+evo/Mujoco_training_dataset/cache/mujoco_pickplace/videos/chunk-000/observation.images.front/episode_000190.mp4
2026-08-17 15:15:17,333 [INFO] full_path /home/user/mujoco+evo/Mujoco_training_dataset/cache/mujoco_pickplace/videos/chunk-000/observation.images.wrist/episode_000193.mp4
2026-08-17 15:15:17,333 [INFO] full_path /home/user/mujoco+evo/Mujoco_training_dataset/cache/mujoco_pickplace/videos/chunk-000/observation.images.wrist/episode_000197.mp4
2026-08-17 15:15:17,333 [INFO] full_path /home/user/mujoco+evo/Mujoco_training_dataset/cache/mujoco_pickplace/videos/chunk-000/observation.images.wrist/episode_000198.mp4
2026-08-17 15:15:17,333 [INFO] full_path /home/user/mujoco+evo/Mujoco_training_dataset/cache/mujoco_pickplace/videos/chunk-000/observation.images.overhead/episode_000190.mp4
2026-08-17 15:15:17,334 [INFO] full_path /home/user/mujoco+evo/Mujoco_training_dataset/cache/mujoco_pickplace/videos/chunk-000/observation.images.wrist/episode_000190.mp4
2026-08-17 15:15:17,334 [INFO] build 59_73.pkl
2026-08-17 15:15:17,334 [INFO] build 45_59.pkl
2026-08-17 15:15:17,334 [INFO] build 54_68.pkl
2026-08-17 15:15:17,334 [INFO] build 32_46.pkl
2026-08-17 15:15:17,334 [INFO] full_path /home/user/mujoco+evo/Mujoco_training_dataset/cache/mujoco_pickplace/videos/chunk-000/observation.images.front/episode_000193.mp4
2026-08-17 15:15:17,334 [INFO] full_path /home/user/mujoco+evo/Mujoco_training_dataset/cache/mujoco_pickplace/videos/chunk-000/observation.images.front/episode_000196.mp4
2026-08-17 15:15:17,334 [INFO] full_path /home/user/mujoco+evo/Mujoco_training_dataset/cache/mujoco_pickplace/videos/chunk-000/observation.images.front/episode_000198.mp4
2026-08-17 15:15:17,334 [INFO] full_path /home/user/mujoco+evo/Mujoco_training_dataset/cache/mujoco_pickplace/videos/chunk-000/observation.images.overhead/episode_000198.mp4
2026-08-17 15:15:17,334 [INFO] full_path /home/user/mujoco+evo/Mujoco_training_dataset/cache/mujoco_pickplace/videos/chunk-000/observation.images.overhead/episode_000196.mp4
2026-08-17 15:15:17,334 [INFO] full_path /home/user/mujoco+evo/Mujoco_training_dataset/cache/mujoco_pickplace/videos/chunk-000/observation.images.overhead/episode_000193.mp4
2026-08-17 15:15:17,334 [INFO] full_path /home/user/mujoco+evo/Mujoco_training_dataset/cache/mujoco_pickplace/videos/chunk-000/observation.images.front/episode_000197.mp4
2026-08-17 15:15:17,334 [INFO] full_path /home/user/mujoco+evo/Mujoco_training_dataset/cache/mujoco_pickplace/videos/chunk-000/observation.images.wrist/episode_000196.mp4
2026-08-17 15:15:17,334 [INFO] full_path /home/user/mujoco+evo/Mujoco_training_dataset/cache/mujoco_pickplace/videos/chunk-000/observation.images.wrist/episode_000193.mp4
2026-08-17 15:15:17,334 [INFO] full_path /home/user/mujoco+evo/Mujoco_training_dataset/cache/mujoco_pickplace/videos/chunk-000/observation.images.wrist/episode_000198.mp4
2026-08-17 15:15:17,334 [INFO] full_path /home/user/mujoco+evo/Mujoco_training_dataset/cache/mujoco_pickplace/videos/chunk-000/observation.images.overhead/episode_000197.mp4
2026-08-17 15:15:17,334 [INFO] full_path /home/user/mujoco+evo/Mujoco_training_dataset/cache/mujoco_pickplace/videos/chunk-000/observation.images.wrist/episode_000197.mp4
2026-08-17 15:15:17,335 [INFO] build 60_74.pkl
2026-08-17 15:15:17,335 [INFO] build 46_60.pkl
2026-08-17 15:15:17,335 [INFO] build 55_69.pkl
2026-08-17 15:15:17,335 [INFO] build 46_60.pkl
2026-08-17 15:15:17,335 [INFO] full_path /home/user/mujoco+evo/Mujoco_training_dataset/cache/mujoco_pickplace/videos/chunk-000/observation.images.front/episode_000198.mp4
2026-08-17 15:15:17,335 [INFO] full_path /home/user/mujoco+evo/Mujoco_training_dataset/cache/mujoco_pickplace/videos/chunk-000/observation.images.front/episode_000196.mp4
2026-08-17 15:15:17,335 [INFO] full_path /home/user/mujoco+evo/Mujoco_training_dataset/cache/mujoco_pickplace/videos/chunk-000/observation.images.front/episode_000193.mp4
2026-08-17 15:15:17,335 [INFO] full_path /home/user/mujoco+evo/Mujoco_training_dataset/cache/mujoco_pickplace/videos/chunk-000/observation.images.front/episode_000190.mp4
2026-08-17 15:15:17,335 [INFO] full_path /home/user/mujoco+evo/Mujoco_training_dataset/cache/mujoco_pickplace/videos/chunk-000/observation.images.overhead/episode_000196.mp4
2026-08-17 15:15:17,335 [INFO] build 33_47.pkl
2026-08-17 15:15:17,335 [INFO] full_path /home/user/mujoco+evo/Mujoco_training_dataset/cache/mujoco_pickplace/videos/chunk-000/observation.images.overhead/episode_000193.mp4
2026-08-17 15:15:17,335 [INFO] full_path /home/user/mujoco+evo/Mujoco_training_dataset/cache/mujoco_pickplace/videos/chunk-000/observation.images.overhead/episode_000198.mp4
2026-08-17 15:15:17,335 [INFO] full_path /home/user/mujoco+evo/Mujoco_training_dataset/cache/mujoco_pickplace/videos/chunk-000/observation.images.wrist/episode_000193.mp4
2026-08-17 15:15:17,335 [INFO] full_path /home/user/mujoco+evo/Mujoco_training_dataset/cache/mujoco_pickplace/videos/chunk-000/observation.images.wrist/episode_000198.mp4
2026-08-17 15:15:17,335 [INFO] full_path /home/user/mujoco+evo/Mujoco_training_dataset/cache/mujoco_pickplace/videos/chunk-000/observation.images.wrist/episode_000196.mp4
2026-08-17 15:15:17,335 [INFO] full_path /home/user/mujoco+evo/Mujoco_training_dataset/cache/mujoco_pickplace/videos/chunk-000/observation.images.overhead/episode_000190.mp4
2026-08-17 15:15:17,335 [INFO] full_path /home/user/mujoco+evo/Mujoco_training_dataset/cache/mujoco_pickplace/videos/chunk-000/observation.images.front/episode_000197.mp4
2026-08-17 15:15:17,335 [INFO] full_path /home/user/mujoco+evo/Mujoco_training_dataset/cache/mujoco_pickplace/videos/chunk-000/observation.images.overhead/episode_000197.mp4
2026-08-17 15:15:17,335 [INFO] full_path /home/user/mujoco+evo/Mujoco_training_dataset/cache/mujoco_pickplace/videos/chunk-000/observation.images.wrist/episode_000190.mp4
2026-08-17 15:15:17,335 [INFO] full_path /home/user/mujoco+evo/Mujoco_training_dataset/cache/mujoco_pickplace/videos/chunk-000/observation.images.wrist/episode_000197.mp4
2026-08-17 15:15:17,336 [INFO] build 47_61.pkl
2026-08-17 15:15:17,336 [INFO] build 56_70.pkl
2026-08-17 15:15:17,336 [INFO] full_path /home/user/mujoco+evo/Mujoco_training_dataset/cache/mujoco_pickplace/videos/chunk-000/observation.images.front/episode_000196.mp4
2026-08-17 15:15:17,336 [INFO] full_path /home/user/mujoco+evo/Mujoco_training_dataset/cache/mujoco_pickplace/videos/chunk-000/observation.images.front/episode_000198.mp4
2026-08-17 15:15:17,336 [INFO] full_path /home/user/mujoco+evo/Mujoco_training_dataset/cache/mujoco_pickplace/videos/chunk-000/observation.images.overhead/episode_000196.mp4
2026-08-17 15:15:17,336 [INFO] full_path /home/user/mujoco+evo/Mujoco_training_dataset/cache/mujoco_pickplace/videos/chunk-000/observation.images.wrist/episode_000196.mp4
2026-08-17 15:15:17,336 [INFO] full_path /home/user/mujoco+evo/Mujoco_training_dataset/cache/mujoco_pickplace/videos/chunk-000/observation.images.overhead/episode_000198.mp4
2026-08-17 15:15:17,336 [INFO] build 34_48.pkl
2026-08-17 15:15:17,336 [INFO] full_path /home/user/mujoco+evo/Mujoco_training_dataset/cache/mujoco_pickplace/videos/chunk-000/observation.images.wrist/episode_000198.mp4
2026-08-17 15:15:17,336 [INFO] full_path /home/user/mujoco+evo/Mujoco_training_dataset/cache/mujoco_pickplace/videos/chunk-000/observation.images.front/episode_000197.mp4
2026-08-17 15:15:17,336 [INFO] full_path /home/user/mujoco+evo/Mujoco_training_dataset/cache/mujoco_pickplace/videos/chunk-000/observation.images.overhead/episode_000197.mp4
2026-08-17 15:15:17,336 [INFO] full_path /home/user/mujoco+evo/Mujoco_training_dataset/cache/mujoco_pickplace/videos/chunk-000/observation.images.wrist/episode_000197.mp4
2026-08-17 15:15:17,336 [INFO] build 47_61.pkl
2026-08-17 15:15:17,336 [INFO] full_path /home/user/mujoco+evo/Mujoco_training_dataset/cache/mujoco_pickplace/videos/chunk-000/observation.images.front/episode_000190.mp4
2026-08-17 15:15:17,337 [INFO] full_path /home/user/mujoco+evo/Mujoco_training_dataset/cache/mujoco_pickplace/videos/chunk-000/observation.images.overhead/episode_000190.mp4
2026-08-17 15:15:17,337 [INFO] full_path /home/user/mujoco+evo/Mujoco_training_dataset/cache/mujoco_pickplace/videos/chunk-000/observation.images.wrist/episode_000190.mp4
2026-08-17 15:15:17,337 [INFO] build 48_62.pkl
2026-08-17 15:15:17,337 [INFO] build 57_71.pkl
2026-08-17 15:15:17,337 [INFO] full_path /home/user/mujoco+evo/Mujoco_training_dataset/cache/mujoco_pickplace/videos/chunk-000/observation.images.front/episode_000198.mp4
2026-08-17 15:15:17,337 [INFO] full_path /home/user/mujoco+evo/Mujoco_training_dataset/cache/mujoco_pickplace/videos/chunk-000/observation.images.front/episode_000196.mp4
2026-08-17 15:15:17,337 [INFO] full_path /home/user/mujoco+evo/Mujoco_training_dataset/cache/mujoco_pickplace/videos/chunk-000/observation.images.overhead/episode_000198.mp4
2026-08-17 15:15:17,337 [INFO] full_path /home/user/mujoco+evo/Mujoco_training_dataset/cache/mujoco_pickplace/videos/chunk-000/observation.images.overhead/episode_000196.mp4
2026-08-17 15:15:17,337 [INFO] full_path /home/user/mujoco+evo/Mujoco_training_dataset/cache/mujoco_pickplace/videos/chunk-000/observation.images.wrist/episode_000196.mp4
2026-08-17 15:15:17,337 [INFO] build 35_49.pkl
2026-08-17 15:15:17,337 [INFO] full_path /home/user/mujoco+evo/Mujoco_training_dataset/cache/mujoco_pickplace/videos/chunk-000/observation.images.wrist/episode_000198.mp4
2026-08-17 15:15:17,337 [INFO] full_path /home/user/mujoco+evo/Mujoco_training_dataset/cache/mujoco_pickplace/videos/chunk-000/observation.images.front/episode_000197.mp4
2026-08-17 15:15:17,337 [INFO] full_path /home/user/mujoco+evo/Mujoco_training_dataset/cache/mujoco_pickplace/videos/chunk-000/observation.images.overhead/episode_000197.mp4
2026-08-17 15:15:17,337 [INFO] full_path /home/user/mujoco+evo/Mujoco_training_dataset/cache/mujoco_pickplace/videos/chunk-000/observation.images.wrist/episode_000197.mp4
2026-08-17 15:15:17,337 [INFO] build 48_62.pkl
2026-08-17 15:15:17,337 [INFO] full_path /home/user/mujoco+evo/Mujoco_training_dataset/cache/mujoco_pickplace/videos/chunk-000/observation.images.front/episode_000190.mp4
2026-08-17 15:15:17,338 [INFO] full_path /home/user/mujoco+evo/Mujoco_training_dataset/cache/mujoco_pickplace/videos/chunk-000/observation.images.overhead/episode_000190.mp4
2026-08-17 15:15:17,338 [INFO] build 58_72.pkl
2026-08-17 15:15:17,338 [INFO] full_path /home/user/mujoco+evo/Mujoco_training_dataset/cache/mujoco_pickplace/videos/chunk-000/observation.images.wrist/episode_000190.mp4
2026-08-17 15:15:17,338 [INFO] build 49_63.pkl
2026-08-17 15:15:17,338 [INFO] full_path /home/user/mujoco+evo/Mujoco_training_dataset/cache/mujoco_pickplace/videos/chunk-000/observation.images.front/episode_000198.mp4
2026-08-17 15:15:17,338 [INFO] full_path /home/user/mujoco+evo/Mujoco_training_dataset/cache/mujoco_pickplace/videos/chunk-000/observation.images.front/episode_000196.mp4
2026-08-17 15:15:17,338 [INFO] full_path /home/user/mujoco+evo/Mujoco_training_dataset/cache/mujoco_pickplace/videos/chunk-000/observation.images.overhead/episode_000198.mp4
2026-08-17 15:15:17,338 [INFO] full_path /home/user/mujoco+evo/Mujoco_training_dataset/cache/mujoco_pickplace/videos/chunk-000/observation.images.overhead/episode_000196.mp4
2026-08-17 15:15:17,338 [INFO] full_path /home/user/mujoco+evo/Mujoco_training_dataset/cache/mujoco_pickplace/videos/chunk-000/observation.images.wrist/episode_000198.mp4
2026-08-17 15:15:17,338 [INFO] build 36_50.pkl
2026-08-17 15:15:17,338 [INFO] full_path /home/user/mujoco+evo/Mujoco_training_dataset/cache/mujoco_pickplace/videos/chunk-000/observation.images.wrist/episode_000196.mp4
2026-08-17 15:15:17,338 [INFO] full_path /home/user/mujoco+evo/Mujoco_training_dataset/cache/mujoco_pickplace/videos/chunk-000/observation.images.front/episode_000197.mp4
2026-08-17 15:15:17,338 [INFO] full_path /home/user/mujoco+evo/Mujoco_training_dataset/cache/mujoco_pickplace/videos/chunk-000/observation.images.overhead/episode_000197.mp4
2026-08-17 15:15:17,338 [INFO] full_path /home/user/mujoco+evo/Mujoco_training_dataset/cache/mujoco_pickplace/videos/chunk-000/observation.images.wrist/episode_000197.mp4
2026-08-17 15:15:17,338 [INFO] build 49_63.pkl
2026-08-17 15:15:17,338 [INFO] full_path /home/user/mujoco+evo/Mujoco_training_dataset/cache/mujoco_pickplace/videos/chunk-000/observation.images.front/episode_000190.mp4
2026-08-17 15:15:17,338 [INFO] full_path /home/user/mujoco+evo/Mujoco_training_dataset/cache/mujoco_pickplace/videos/chunk-000/observation.images.overhead/episode_000190.mp4
2026-08-17 15:15:17,339 [INFO] build 59_73.pkl
2026-08-17 15:15:17,339 [INFO] full_path /home/user/mujoco+evo/Mujoco_training_dataset/cache/mujoco_pickplace/videos/chunk-000/observation.images.wrist/episode_000190.mp4
2026-08-17 15:15:17,339 [INFO] build 50_64.pkl
2026-08-17 15:15:17,339 [INFO] full_path /home/user/mujoco+evo/Mujoco_training_dataset/cache/mujoco_pickplace/videos/chunk-000/observation.images.front/episode_000198.mp4
2026-08-17 15:15:17,339 [INFO] full_path /home/user/mujoco+evo/Mujoco_training_dataset/cache/mujoco_pickplace/videos/chunk-000/observation.images.front/episode_000196.mp4
2026-08-17 15:15:17,339 [INFO] full_path /home/user/mujoco+evo/Mujoco_training_dataset/cache/mujoco_pickplace/videos/chunk-000/observation.images.overhead/episode_000198.mp4
2026-08-17 15:15:17,339 [INFO] full_path /home/user/mujoco+evo/Mujoco_training_dataset/cache/mujoco_pickplace/videos/chunk-000/observation.images.overhead/episode_000196.mp4
2026-08-17 15:15:17,339 [INFO] full_path /home/user/mujoco+evo/Mujoco_training_dataset/cache/mujoco_pickplace/videos/chunk-000/observation.images.wrist/episode_000196.mp4
2026-08-17 15:15:17,339 [INFO] full_path /home/user/mujoco+evo/Mujoco_training_dataset/cache/mujoco_pickplace/videos/chunk-000/observation.images.wrist/episode_000198.mp4
2026-08-17 15:15:17,339 [INFO] build 37_51.pkl
2026-08-17 15:15:17,339 [INFO] full_path /home/user/mujoco+evo/Mujoco_training_dataset/cache/mujoco_pickplace/videos/chunk-000/observation.images.front/episode_000197.mp4
2026-08-17 15:15:17,339 [INFO] build 50_64.pkl
2026-08-17 15:15:17,339 [INFO] full_path /home/user/mujoco+evo/Mujoco_training_dataset/cache/mujoco_pickplace/videos/chunk-000/observation.images.overhead/episode_000197.mp4
2026-08-17 15:15:17,339 [INFO] full_path /home/user/mujoco+evo/Mujoco_training_dataset/cache/mujoco_pickplace/videos/chunk-000/observation.images.front/episode_000190.mp4
2026-08-17 15:15:17,339 [INFO] build 60_74.pkl
2026-08-17 15:15:17,339 [INFO] build 51_65.pkl
2026-08-17 15:15:17,339 [INFO] full_path /home/user/mujoco+evo/Mujoco_training_dataset/cache/mujoco_pickplace/videos/chunk-000/observation.images.overhead/episode_000190.mp4
2026-08-17 15:15:17,339 [INFO] full_path /home/user/mujoco+evo/Mujoco_training_dataset/cache/mujoco_pickplace/videos/chunk-000/observation.images.wrist/episode_000197.mp4
2026-08-17 15:15:17,340 [INFO] full_path /home/user/mujoco+evo/Mujoco_training_dataset/cache/mujoco_pickplace/videos/chunk-000/observation.images.front/episode_000196.mp4
2026-08-17 15:15:17,340 [INFO] full_path /home/user/mujoco+evo/Mujoco_training_dataset/cache/mujoco_pickplace/videos/chunk-000/observation.images.front/episode_000198.mp4
2026-08-17 15:15:17,340 [INFO] full_path /home/user/mujoco+evo/Mujoco_training_dataset/cache/mujoco_pickplace/videos/chunk-000/observation.images.wrist/episode_000190.mp4
2026-08-17 15:15:17,340 [INFO] full_path /home/user/mujoco+evo/Mujoco_training_dataset/cache/mujoco_pickplace/videos/chunk-000/observation.images.overhead/episode_000196.mp4
2026-08-17 15:15:17,340 [INFO] full_path /home/user/mujoco+evo/Mujoco_training_dataset/cache/mujoco_pickplace/videos/chunk-000/observation.images.overhead/episode_000198.mp4
2026-08-17 15:15:17,340 [INFO] full_path /home/user/mujoco+evo/Mujoco_training_dataset/cache/mujoco_pickplace/videos/chunk-000/observation.images.wrist/episode_000196.mp4
2026-08-17 15:15:17,340 [INFO] full_path /home/user/mujoco+evo/Mujoco_training_dataset/cache/mujoco_pickplace/videos/chunk-000/observation.images.wrist/episode_000198.mp4
2026-08-17 15:15:17,340 [INFO] build 52_66.pkl
2026-08-17 15:15:17,340 [INFO] build 61_75.pkl
2026-08-17 15:15:17,340 [INFO] build 51_65.pkl
2026-08-17 15:15:17,340 [INFO] full_path /home/user/mujoco+evo/Mujoco_training_dataset/cache/mujoco_pickplace/videos/chunk-000/observation.images.front/episode_000198.mp4
2026-08-17 15:15:17,340 [INFO] full_path /home/user/mujoco+evo/Mujoco_training_dataset/cache/mujoco_pickplace/videos/chunk-000/observation.images.front/episode_000196.mp4
2026-08-17 15:15:17,340 [INFO] full_path /home/user/mujoco+evo/Mujoco_training_dataset/cache/mujoco_pickplace/videos/chunk-000/observation.images.overhead/episode_000198.mp4
2026-08-17 15:15:17,341 [INFO] full_path /home/user/mujoco+evo/Mujoco_training_dataset/cache/mujoco_pickplace/videos/chunk-000/observation.images.overhead/episode_000196.mp4
2026-08-17 15:15:17,341 [INFO] full_path /home/user/mujoco+evo/Mujoco_training_dataset/cache/mujoco_pickplace/videos/chunk-000/observation.images.front/episode_000190.mp4
2026-08-17 15:15:17,341 [INFO] full_path /home/user/mujoco+evo/Mujoco_training_dataset/cache/mujoco_pickplace/videos/chunk-000/observation.images.wrist/episode_000198.mp4
2026-08-17 15:15:17,341 [INFO] full_path /home/user/mujoco+evo/Mujoco_training_dataset/cache/mujoco_pickplace/videos/chunk-000/observation.images.wrist/episode_000196.mp4
2026-08-17 15:15:17,341 [INFO] full_path /home/user/mujoco+evo/Mujoco_training_dataset/cache/mujoco_pickplace/videos/chunk-000/observation.images.overhead/episode_000190.mp4
2026-08-17 15:15:17,341 [INFO] full_path /home/user/mujoco+evo/Mujoco_training_dataset/cache/mujoco_pickplace/videos/chunk-000/observation.images.wrist/episode_000190.mp4
2026-08-17 15:15:17,341 [INFO] build 38_52.pkl
2026-08-17 15:15:17,341 [INFO] full_path /home/user/mujoco+evo/Mujoco_training_dataset/cache/mujoco_pickplace/videos/chunk-000/observation.images.front/episode_000197.mp4
2026-08-17 15:15:17,341 [INFO] full_path /home/user/mujoco+evo/Mujoco_training_dataset/cache/mujoco_pickplace/videos/chunk-000/observation.images.overhead/episode_000197.mp4
2026-08-17 15:15:17,341 [INFO] build 62_76.pkl
2026-08-17 15:15:17,341 [INFO] full_path /home/user/mujoco+evo/Mujoco_training_dataset/cache/mujoco_pickplace/videos/chunk-000/observation.images.wrist/episode_000197.mp4
2026-08-17 15:15:17,341 [INFO] build 53_67.pkl
2026-08-17 15:15:17,341 [INFO] full_path /home/user/mujoco+evo/Mujoco_training_dataset/cache/mujoco_pickplace/videos/chunk-000/observation.images.front/episode_000198.mp4
2026-08-17 15:15:17,341 [INFO] build 52_66.pkl
2026-08-17 15:15:17,341 [INFO] full_path /home/user/mujoco+evo/Mujoco_training_dataset/cache/mujoco_pickplace/videos/chunk-000/observation.images.front/episode_000196.mp4
2026-08-17 15:15:17,341 [INFO] full_path /home/user/mujoco+evo/Mujoco_training_dataset/cache/mujoco_pickplace/videos/chunk-000/observation.images.overhead/episode_000198.mp4
2026-08-17 15:15:17,341 [INFO] full_path /home/user/mujoco+evo/Mujoco_training_dataset/cache/mujoco_pickplace/videos/chunk-000/observation.images.wrist/episode_000198.mp4
2026-08-17 15:15:17,341 [INFO] full_path /home/user/mujoco+evo/Mujoco_training_dataset/cache/mujoco_pickplace/videos/chunk-000/observation.images.front/episode_000190.mp4
2026-08-17 15:15:17,341 [INFO] full_path /home/user/mujoco+evo/Mujoco_training_dataset/cache/mujoco_pickplace/videos/chunk-000/observation.images.overhead/episode_000196.mp4
2026-08-17 15:15:17,341 [INFO] full_path /home/user/mujoco+evo/Mujoco_training_dataset/cache/mujoco_pickplace/videos/chunk-000/observation.images.wrist/episode_000196.mp4
2026-08-17 15:15:17,341 [INFO] full_path /home/user/mujoco+evo/Mujoco_training_dataset/cache/mujoco_pickplace/videos/chunk-000/observation.images.overhead/episode_000190.mp4
2026-08-17 15:15:17,342 [INFO] full_path /home/user/mujoco+evo/Mujoco_training_dataset/cache/mujoco_pickplace/videos/chunk-000/observation.images.wrist/episode_000190.mp4
2026-08-17 15:15:17,342 [INFO] build 39_53.pkl
2026-08-17 15:15:17,342 [INFO] full_path /home/user/mujoco+evo/Mujoco_training_dataset/cache/mujoco_pickplace/videos/chunk-000/observation.images.front/episode_000197.mp4
2026-08-17 15:15:17,342 [INFO] build 63_77.pkl
2026-08-17 15:15:17,342 [INFO] full_path /home/user/mujoco+evo/Mujoco_training_dataset/cache/mujoco_pickplace/videos/chunk-000/observation.images.overhead/episode_000197.mp4
2026-08-17 15:15:17,342 [INFO] build 54_68.pkl
2026-08-17 15:15:17,342 [INFO] full_path /home/user/mujoco+evo/Mujoco_training_dataset/cache/mujoco_pickplace/videos/chunk-000/observation.images.wrist/episode_000197.mp4
2026-08-17 15:15:17,342 [INFO] full_path /home/user/mujoco+evo/Mujoco_training_dataset/cache/mujoco_pickplace/videos/chunk-000/observation.images.front/episode_000198.mp4
2026-08-17 15:15:17,342 [INFO] full_path /home/user/mujoco+evo/Mujoco_training_dataset/cache/mujoco_pickplace/videos/chunk-000/observation.images.overhead/episode_000198.mp4
2026-08-17 15:15:17,342 [INFO] build 53_67.pkl
2026-08-17 15:15:17,342 [INFO] full_path /home/user/mujoco+evo/Mujoco_training_dataset/cache/mujoco_pickplace/videos/chunk-000/observation.images.front/episode_000196.mp4
2026-08-17 15:15:17,342 [INFO] full_path /home/user/mujoco+evo/Mujoco_training_dataset/cache/mujoco_pickplace/videos/chunk-000/observation.images.wrist/episode_000198.mp4
2026-08-17 15:15:17,342 [INFO] full_path /home/user/mujoco+evo/Mujoco_training_dataset/cache/mujoco_pickplace/videos/chunk-000/observation.images.overhead/episode_000196.mp4
2026-08-17 15:15:17,342 [INFO] full_path /home/user/mujoco+evo/Mujoco_training_dataset/cache/mujoco_pickplace/videos/chunk-000/observation.images.front/episode_000190.mp4
2026-08-17 15:15:17,342 [INFO] full_path /home/user/mujoco+evo/Mujoco_training_dataset/cache/mujoco_pickplace/videos/chunk-000/observation.images.overhead/episode_000190.mp4
2026-08-17 15:15:17,342 [INFO] full_path /home/user/mujoco+evo/Mujoco_training_dataset/cache/mujoco_pickplace/videos/chunk-000/observation.images.wrist/episode_000196.mp4
2026-08-17 15:15:17,342 [INFO] full_path /home/user/mujoco+evo/Mujoco_training_dataset/cache/mujoco_pickplace/videos/chunk-000/observation.images.wrist/episode_000190.mp4
2026-08-17 15:15:17,343 [INFO] build 40_54.pkl
2026-08-17 15:15:17,343 [INFO] full_path /home/user/mujoco+evo/Mujoco_training_dataset/cache/mujoco_pickplace/videos/chunk-000/observation.images.front/episode_000197.mp4
2026-08-17 15:15:17,343 [INFO] build 64_78.pkl
2026-08-17 15:15:17,343 [INFO] build 55_69.pkl
2026-08-17 15:15:17,343 [INFO] full_path /home/user/mujoco+evo/Mujoco_training_dataset/cache/mujoco_pickplace/videos/chunk-000/observation.images.overhead/episode_000197.mp4
2026-08-17 15:15:17,343 [INFO] full_path /home/user/mujoco+evo/Mujoco_training_dataset/cache/mujoco_pickplace/videos/chunk-000/observation.images.front/episode_000198.mp4
2026-08-17 15:15:17,343 [INFO] full_path /home/user/mujoco+evo/Mujoco_training_dataset/cache/mujoco_pickplace/videos/chunk-000/observation.images.wrist/episode_000197.mp4
2026-08-17 15:15:17,343 [INFO] build 54_68.pkl
2026-08-17 15:15:17,343 [INFO] full_path /home/user/mujoco+evo/Mujoco_training_dataset/cache/mujoco_pickplace/videos/chunk-000/observation.images.overhead/episode_000198.mp4
2026-08-17 15:15:17,343 [INFO] full_path /home/user/mujoco+evo/Mujoco_training_dataset/cache/mujoco_pickplace/videos/chunk-000/observation.images.front/episode_000196.mp4
2026-08-17 15:15:17,343 [INFO] full_path /home/user/mujoco+evo/Mujoco_training_dataset/cache/mujoco_pickplace/videos/chunk-000/observation.images.overhead/episode_000196.mp4
2026-08-17 15:15:17,343 [INFO] full_path /home/user/mujoco+evo/Mujoco_training_dataset/cache/mujoco_pickplace/videos/chunk-000/observation.images.wrist/episode_000198.mp4
2026-08-17 15:15:17,343 [INFO] full_path /home/user/mujoco+evo/Mujoco_training_dataset/cache/mujoco_pickplace/videos/chunk-000/observation.images.front/episode_000190.mp4
2026-08-17 15:15:17,343 [INFO] full_path /home/user/mujoco+evo/Mujoco_training_dataset/cache/mujoco_pickplace/videos/chunk-000/observation.images.wrist/episode_000196.mp4
2026-08-17 15:15:17,343 [INFO] full_path /home/user/mujoco+evo/Mujoco_training_dataset/cache/mujoco_pickplace/videos/chunk-000/observation.images.overhead/episode_000190.mp4
2026-08-17 15:15:17,343 [INFO] full_path /home/user/mujoco+evo/Mujoco_training_dataset/cache/mujoco_pickplace/videos/chunk-000/observation.images.wrist/episode_000190.mp4
2026-08-17 15:15:17,344 [INFO] build 41_55.pkl
2026-08-17 15:15:17,344 [INFO] build 65_79.pkl
2026-08-17 15:15:17,344 [INFO] full_path /home/user/mujoco+evo/Mujoco_training_dataset/cache/mujoco_pickplace/videos/chunk-000/observation.images.front/episode_000197.mp4
2026-08-17 15:15:17,344 [INFO] full_path /home/user/mujoco+evo/Mujoco_training_dataset/cache/mujoco_pickplace/videos/chunk-000/observation.images.overhead/episode_000197.mp4
2026-08-17 15:15:17,344 [INFO] full_path /home/user/mujoco+evo/Mujoco_training_dataset/cache/mujoco_pickplace/videos/chunk-000/observation.images.front/episode_000198.mp4
2026-08-17 15:15:17,344 [INFO] build 56_70.pkl
2026-08-17 15:15:17,344 [INFO] full_path /home/user/mujoco+evo/Mujoco_training_dataset/cache/mujoco_pickplace/videos/chunk-000/observation.images.wrist/episode_000197.mp4
2026-08-17 15:15:17,344 [INFO] full_path /home/user/mujoco+evo/Mujoco_training_dataset/cache/mujoco_pickplace/videos/chunk-000/observation.images.overhead/episode_000198.mp4
2026-08-17 15:15:17,344 [INFO] full_path /home/user/mujoco+evo/Mujoco_training_dataset/cache/mujoco_pickplace/videos/chunk-000/observation.images.front/episode_000196.mp4
2026-08-17 15:15:17,344 [INFO] full_path /home/user/mujoco+evo/Mujoco_training_dataset/cache/mujoco_pickplace/videos/chunk-000/observation.images.wrist/episode_000198.mp4
2026-08-17 15:15:17,344 [INFO] full_path /home/user/mujoco+evo/Mujoco_training_dataset/cache/mujoco_pickplace/videos/chunk-000/observation.images.overhead/episode_000196.mp4
2026-08-17 15:15:17,344 [INFO] build 55_69.pkl
2026-08-17 15:15:17,344 [INFO] full_path /home/user/mujoco+evo/Mujoco_training_dataset/cache/mujoco_pickplace/videos/chunk-000/observation.images.wrist/episode_000196.mp4
2026-08-17 15:15:17,344 [INFO] full_path /home/user/mujoco+evo/Mujoco_training_dataset/cache/mujoco_pickplace/videos/chunk-000/observation.images.front/episode_000190.mp4
2026-08-17 15:15:17,344 [INFO] full_path /home/user/mujoco+evo/Mujoco_training_dataset/cache/mujoco_pickplace/videos/chunk-000/observation.images.overhead/episode_000190.mp4
2026-08-17 15:15:17,344 [INFO] full_path /home/user/mujoco+evo/Mujoco_training_dataset/cache/mujoco_pickplace/videos/chunk-000/observation.images.wrist/episode_000190.mp4
2026-08-17 15:15:17,344 [INFO] build 42_56.pkl
2026-08-17 15:15:17,345 [INFO] build 66_80.pkl
2026-08-17 15:15:17,345 [INFO] full_path /home/user/mujoco+evo/Mujoco_training_dataset/cache/mujoco_pickplace/videos/chunk-000/observation.images.front/episode_000197.mp4
2026-08-17 15:15:17,345 [INFO] full_path /home/user/mujoco+evo/Mujoco_training_dataset/cache/mujoco_pickplace/videos/chunk-000/observation.images.overhead/episode_000197.mp4
2026-08-17 15:15:17,345 [INFO] build 57_71.pkl
2026-08-17 15:15:17,345 [INFO] full_path /home/user/mujoco+evo/Mujoco_training_dataset/cache/mujoco_pickplace/videos/chunk-000/observation.images.front/episode_000198.mp4
2026-08-17 15:15:17,345 [INFO] full_path /home/user/mujoco+evo/Mujoco_training_dataset/cache/mujoco_pickplace/videos/chunk-000/observation.images.wrist/episode_000197.mp4
2026-08-17 15:15:17,345 [INFO] full_path /home/user/mujoco+evo/Mujoco_training_dataset/cache/mujoco_pickplace/videos/chunk-000/observation.images.overhead/episode_000198.mp4
2026-08-17 15:15:17,345 [INFO] full_path /home/user/mujoco+evo/Mujoco_training_dataset/cache/mujoco_pickplace/videos/chunk-000/observation.images.wrist/episode_000198.mp4
2026-08-17 15:15:17,345 [INFO] full_path /home/user/mujoco+evo/Mujoco_training_dataset/cache/mujoco_pickplace/videos/chunk-000/observation.images.front/episode_000196.mp4
2026-08-17 15:15:17,345 [INFO] full_path /home/user/mujoco+evo/Mujoco_training_dataset/cache/mujoco_pickplace/videos/chunk-000/observation.images.overhead/episode_000196.mp4
2026-08-17 15:15:17,345 [INFO] full_path /home/user/mujoco+evo/Mujoco_training_dataset/cache/mujoco_pickplace/videos/chunk-000/observation.images.wrist/episode_000196.mp4
2026-08-17 15:15:17,345 [INFO] build 56_70.pkl
2026-08-17 15:15:17,345 [INFO] full_path /home/user/mujoco+evo/Mujoco_training_dataset/cache/mujoco_pickplace/videos/chunk-000/observation.images.front/episode_000190.mp4
2026-08-17 15:15:17,345 [INFO] full_path /home/user/mujoco+evo/Mujoco_training_dataset/cache/mujoco_pickplace/videos/chunk-000/observation.images.overhead/episode_000190.mp4
2026-08-17 15:15:17,345 [INFO] full_path /home/user/mujoco+evo/Mujoco_training_dataset/cache/mujoco_pickplace/videos/chunk-000/observation.images.wrist/episode_000190.mp4
2026-08-17 15:15:17,345 [INFO] build 67_81.pkl
2026-08-17 15:15:17,345 [INFO] build 43_57.pkl
2026-08-17 15:15:17,346 [INFO] full_path /home/user/mujoco+evo/Mujoco_training_dataset/cache/mujoco_pickplace/videos/chunk-000/observation.images.front/episode_000198.mp4
2026-08-17 15:15:17,346 [INFO] full_path /home/user/mujoco+evo/Mujoco_training_dataset/cache/mujoco_pickplace/videos/chunk-000/observation.images.front/episode_000197.mp4
2026-08-17 15:15:17,346 [INFO] build 58_72.pkl
2026-08-17 15:15:17,346 [INFO] full_path /home/user/mujoco+evo/Mujoco_training_dataset/cache/mujoco_pickplace/videos/chunk-000/observation.images.overhead/episode_000197.mp4
2026-08-17 15:15:17,346 [INFO] full_path /home/user/mujoco+evo/Mujoco_training_dataset/cache/mujoco_pickplace/videos/chunk-000/observation.images.overhead/episode_000198.mp4
2026-08-17 15:15:17,346 [INFO] full_path /home/user/mujoco+evo/Mujoco_training_dataset/cache/mujoco_pickplace/videos/chunk-000/observation.images.front/episode_000196.mp4
2026-08-17 15:15:17,346 [INFO] full_path /home/user/mujoco+evo/Mujoco_training_dataset/cache/mujoco_pickplace/videos/chunk-000/observation.images.wrist/episode_000198.mp4
2026-08-17 15:15:17,346 [INFO] full_path /home/user/mujoco+evo/Mujoco_training_dataset/cache/mujoco_pickplace/videos/chunk-000/observation.images.wrist/episode_000197.mp4
2026-08-17 15:15:17,346 [INFO] full_path /home/user/mujoco+evo/Mujoco_training_dataset/cache/mujoco_pickplace/videos/chunk-000/observation.images.overhead/episode_000196.mp4
2026-08-17 15:15:17,346 [INFO] full_path /home/user/mujoco+evo/Mujoco_training_dataset/cache/mujoco_pickplace/videos/chunk-000/observation.images.wrist/episode_000196.mp4
2026-08-17 15:15:17,346 [INFO] build 57_71.pkl
2026-08-17 15:15:17,346 [INFO] full_path /home/user/mujoco+evo/Mujoco_training_dataset/cache/mujoco_pickplace/videos/chunk-000/observation.images.front/episode_000190.mp4
2026-08-17 15:15:17,346 [INFO] full_path /home/user/mujoco+evo/Mujoco_training_dataset/cache/mujoco_pickplace/videos/chunk-000/observation.images.overhead/episode_000190.mp4
2026-08-17 15:15:17,346 [INFO] full_path /home/user/mujoco+evo/Mujoco_training_dataset/cache/mujoco_pickplace/videos/chunk-000/observation.images.wrist/episode_000190.mp4
2026-08-17 15:15:17,346 [INFO] build 68_82.pkl
2026-08-17 15:15:17,346 [INFO] build 44_58.pkl
2026-08-17 15:15:17,346 [INFO] full_path /home/user/mujoco+evo/Mujoco_training_dataset/cache/mujoco_pickplace/videos/chunk-000/observation.images.front/episode_000198.mp4
2026-08-17 15:15:17,346 [INFO] full_path /home/user/mujoco+evo/Mujoco_training_dataset/cache/mujoco_pickplace/videos/chunk-000/observation.images.overhead/episode_000198.mp4
2026-08-17 15:15:17,346 [INFO] full_path /home/user/mujoco+evo/Mujoco_training_dataset/cache/mujoco_pickplace/videos/chunk-000/observation.images.front/episode_000197.mp4
2026-08-17 15:15:17,346 [INFO] build 59_73.pkl
2026-08-17 15:15:17,346 [INFO] full_path /home/user/mujoco+evo/Mujoco_training_dataset/cache/mujoco_pickplace/videos/chunk-000/observation.images.wrist/episode_000198.mp4
2026-08-17 15:15:17,347 [INFO] full_path /home/user/mujoco+evo/Mujoco_training_dataset/cache/mujoco_pickplace/videos/chunk-000/observation.images.overhead/episode_000197.mp4
2026-08-17 15:15:17,347 [INFO] full_path /home/user/mujoco+evo/Mujoco_training_dataset/cache/mujoco_pickplace/videos/chunk-000/observation.images.front/episode_000196.mp4
2026-08-17 15:15:17,347 [INFO] full_path /home/user/mujoco+evo/Mujoco_training_dataset/cache/mujoco_pickplace/videos/chunk-000/observation.images.overhead/episode_000196.mp4
2026-08-17 15:15:17,347 [INFO] full_path /home/user/mujoco+evo/Mujoco_training_dataset/cache/mujoco_pickplace/videos/chunk-000/observation.images.wrist/episode_000197.mp4
2026-08-17 15:15:17,347 [INFO] full_path /home/user/mujoco+evo/Mujoco_training_dataset/cache/mujoco_pickplace/videos/chunk-000/observation.images.wrist/episode_000196.mp4
2026-08-17 15:15:17,347 [INFO] build 58_72.pkl
2026-08-17 15:15:17,347 [INFO] full_path /home/user/mujoco+evo/Mujoco_training_dataset/cache/mujoco_pickplace/videos/chunk-000/observation.images.front/episode_000190.mp4
2026-08-17 15:15:17,347 [INFO] full_path /home/user/mujoco+evo/Mujoco_training_dataset/cache/mujoco_pickplace/videos/chunk-000/observation.images.overhead/episode_000190.mp4
2026-08-17 15:15:17,347 [INFO] full_path /home/user/mujoco+evo/Mujoco_training_dataset/cache/mujoco_pickplace/videos/chunk-000/observation.images.wrist/episode_000190.mp4
2026-08-17 15:15:17,347 [INFO] build 69_83.pkl
2026-08-17 15:15:17,347 [INFO] build 45_59.pkl
2026-08-17 15:15:17,347 [INFO] full_path /home/user/mujoco+evo/Mujoco_training_dataset/cache/mujoco_pickplace/videos/chunk-000/observation.images.front/episode_000198.mp4
2026-08-17 15:15:17,347 [INFO] full_path /home/user/mujoco+evo/Mujoco_training_dataset/cache/mujoco_pickplace/videos/chunk-000/observation.images.overhead/episode_000198.mp4
2026-08-17 15:15:17,347 [INFO] full_path /home/user/mujoco+evo/Mujoco_training_dataset/cache/mujoco_pickplace/videos/chunk-000/observation.images.front/episode_000197.mp4
2026-08-17 15:15:17,347 [INFO] build 60_74.pkl
2026-08-17 15:15:17,347 [INFO] full_path /home/user/mujoco+evo/Mujoco_training_dataset/cache/mujoco_pickplace/videos/chunk-000/observation.images.overhead/episode_000197.mp4
2026-08-17 15:15:17,347 [INFO] full_path /home/user/mujoco+evo/Mujoco_training_dataset/cache/mujoco_pickplace/videos/chunk-000/observation.images.wrist/episode_000198.mp4
2026-08-17 15:15:17,347 [INFO] full_path /home/user/mujoco+evo/Mujoco_training_dataset/cache/mujoco_pickplace/videos/chunk-000/observation.images.wrist/episode_000197.mp4
2026-08-17 15:15:17,347 [INFO] full_path /home/user/mujoco+evo/Mujoco_training_dataset/cache/mujoco_pickplace/videos/chunk-000/observation.images.front/episode_000196.mp4
2026-08-17 15:15:17,348 [INFO] full_path /home/user/mujoco+evo/Mujoco_training_dataset/cache/mujoco_pickplace/videos/chunk-000/observation.images.overhead/episode_000196.mp4
2026-08-17 15:15:17,348 [INFO] full_path /home/user/mujoco+evo/Mujoco_training_dataset/cache/mujoco_pickplace/videos/chunk-000/observation.images.wrist/episode_000196.mp4
2026-08-17 15:15:17,348 [INFO] build 59_73.pkl
2026-08-17 15:15:17,348 [INFO] full_path /home/user/mujoco+evo/Mujoco_training_dataset/cache/mujoco_pickplace/videos/chunk-000/observation.images.front/episode_000190.mp4
2026-08-17 15:15:17,348 [INFO] full_path /home/user/mujoco+evo/Mujoco_training_dataset/cache/mujoco_pickplace/videos/chunk-000/observation.images.overhead/episode_000190.mp4
2026-08-17 15:15:17,348 [INFO] build 70_84.pkl
2026-08-17 15:15:17,348 [INFO] build 46_60.pkl
2026-08-17 15:15:17,348 [INFO] full_path /home/user/mujoco+evo/Mujoco_training_dataset/cache/mujoco_pickplace/videos/chunk-000/observation.images.wrist/episode_000190.mp4
2026-08-17 15:15:17,348 [INFO] full_path /home/user/mujoco+evo/Mujoco_training_dataset/cache/mujoco_pickplace/videos/chunk-000/observation.images.front/episode_000198.mp4
2026-08-17 15:15:17,348 [INFO] full_path /home/user/mujoco+evo/Mujoco_training_dataset/cache/mujoco_pickplace/videos/chunk-000/observation.images.overhead/episode_000198.mp4
2026-08-17 15:15:17,348 [INFO] full_path /home/user/mujoco+evo/Mujoco_training_dataset/cache/mujoco_pickplace/videos/chunk-000/observation.images.front/episode_000197.mp4
2026-08-17 15:15:17,348 [INFO] full_path /home/user/mujoco+evo/Mujoco_training_dataset/cache/mujoco_pickplace/videos/chunk-000/observation.images.wrist/episode_000198.mp4
2026-08-17 15:15:17,348 [INFO] full_path /home/user/mujoco+evo/Mujoco_training_dataset/cache/mujoco_pickplace/videos/chunk-000/observation.images.overhead/episode_000197.mp4
2026-08-17 15:15:17,348 [INFO] build 61_75.pkl
2026-08-17 15:15:17,348 [INFO] full_path /home/user/mujoco+evo/Mujoco_training_dataset/cache/mujoco_pickplace/videos/chunk-000/observation.images.wrist/episode_000197.mp4
2026-08-17 15:15:17,348 [INFO] full_path /home/user/mujoco+evo/Mujoco_training_dataset/cache/mujoco_pickplace/videos/chunk-000/observation.images.front/episode_000196.mp4
2026-08-17 15:15:17,348 [INFO] full_path /home/user/mujoco+evo/Mujoco_training_dataset/cache/mujoco_pickplace/videos/chunk-000/observation.images.overhead/episode_000196.mp4
2026-08-17 15:15:17,349 [INFO] full_path /home/user/mujoco+evo/Mujoco_training_dataset/cache/mujoco_pickplace/videos/chunk-000/observation.images.wrist/episode_000196.mp4
2026-08-17 15:15:17,349 [INFO] build 60_74.pkl
2026-08-17 15:15:17,349 [INFO] build 71_85.pkl
2026-08-17 15:15:17,349 [INFO] full_path /home/user/mujoco+evo/Mujoco_training_dataset/cache/mujoco_pickplace/videos/chunk-000/observation.images.front/episode_000190.mp4
2026-08-17 15:15:17,349 [INFO] full_path /home/user/mujoco+evo/Mujoco_training_dataset/cache/mujoco_pickplace/videos/chunk-000/observation.images.front/episode_000198.mp4
2026-08-17 15:15:17,349 [INFO] build 47_61.pkl
2026-08-17 15:15:17,349 [INFO] full_path /home/user/mujoco+evo/Mujoco_training_dataset/cache/mujoco_pickplace/videos/chunk-000/observation.images.overhead/episode_000190.mp4
2026-08-17 15:15:17,349 [INFO] full_path /home/user/mujoco+evo/Mujoco_training_dataset/cache/mujoco_pickplace/videos/chunk-000/observation.images.overhead/episode_000198.mp4
2026-08-17 15:15:17,349 [INFO] full_path /home/user/mujoco+evo/Mujoco_training_dataset/cache/mujoco_pickplace/videos/chunk-000/observation.images.wrist/episode_000190.mp4
2026-08-17 15:15:17,349 [INFO] full_path /home/user/mujoco+evo/Mujoco_training_dataset/cache/mujoco_pickplace/videos/chunk-000/observation.images.front/episode_000197.mp4
2026-08-17 15:15:17,349 [INFO] full_path /home/user/mujoco+evo/Mujoco_training_dataset/cache/mujoco_pickplace/videos/chunk-000/observation.images.wrist/episode_000198.mp4
2026-08-17 15:15:17,349 [INFO] full_path /home/user/mujoco+evo/Mujoco_training_dataset/cache/mujoco_pickplace/videos/chunk-000/observation.images.overhead/episode_000197.mp4
2026-08-17 15:15:17,349 [INFO] build 62_76.pkl
2026-08-17 15:15:17,349 [INFO] full_path /home/user/mujoco+evo/Mujoco_training_dataset/cache/mujoco_pickplace/videos/chunk-000/observation.images.wrist/episode_000197.mp4
2026-08-17 15:15:17,349 [INFO] full_path /home/user/mujoco+evo/Mujoco_training_dataset/cache/mujoco_pickplace/videos/chunk-000/observation.images.front/episode_000196.mp4
2026-08-17 15:15:17,349 [INFO] full_path /home/user/mujoco+evo/Mujoco_training_dataset/cache/mujoco_pickplace/videos/chunk-000/observation.images.overhead/episode_000196.mp4
2026-08-17 15:15:17,349 [INFO] full_path /home/user/mujoco+evo/Mujoco_training_dataset/cache/mujoco_pickplace/videos/chunk-000/observation.images.wrist/episode_000196.mp4
2026-08-17 15:15:17,350 [INFO] build 61_75.pkl
2026-08-17 15:15:17,350 [INFO] build 48_62.pkl
2026-08-17 15:15:17,350 [INFO] full_path /home/user/mujoco+evo/Mujoco_training_dataset/cache/mujoco_pickplace/videos/chunk-000/observation.images.front/episode_000190.mp4
2026-08-17 15:15:17,350 [INFO] full_path /home/user/mujoco+evo/Mujoco_training_dataset/cache/mujoco_pickplace/videos/chunk-000/observation.images.front/episode_000197.mp4
2026-08-17 15:15:17,350 [INFO] full_path /home/user/mujoco+evo/Mujoco_training_dataset/cache/mujoco_pickplace/videos/chunk-000/observation.images.overhead/episode_000190.mp4
2026-08-17 15:15:17,350 [INFO] full_path /home/user/mujoco+evo/Mujoco_training_dataset/cache/mujoco_pickplace/videos/chunk-000/observation.images.wrist/episode_000190.mp4
2026-08-17 15:15:17,350 [INFO] full_path /home/user/mujoco+evo/Mujoco_training_dataset/cache/mujoco_pickplace/videos/chunk-000/observation.images.overhead/episode_000197.mp4
2026-08-17 15:15:17,350 [INFO] full_path /home/user/mujoco+evo/Mujoco_training_dataset/cache/mujoco_pickplace/videos/chunk-000/observation.images.wrist/episode_000197.mp4
2026-08-17 15:15:17,350 [INFO] build 63_77.pkl
2026-08-17 15:15:17,350 [INFO] full_path /home/user/mujoco+evo/Mujoco_training_dataset/cache/mujoco_pickplace/videos/chunk-000/observation.images.front/episode_000196.mp4
2026-08-17 15:15:17,350 [INFO] full_path /home/user/mujoco+evo/Mujoco_training_dataset/cache/mujoco_pickplace/videos/chunk-000/observation.images.overhead/episode_000196.mp4
2026-08-17 15:15:17,350 [INFO] full_path /home/user/mujoco+evo/Mujoco_training_dataset/cache/mujoco_pickplace/videos/chunk-000/observation.images.wrist/episode_000196.mp4
2026-08-17 15:15:17,351 [INFO] build 62_76.pkl
2026-08-17 15:15:17,351 [INFO] build 49_63.pkl
2026-08-17 15:15:17,351 [INFO] full_path /home/user/mujoco+evo/Mujoco_training_dataset/cache/mujoco_pickplace/videos/chunk-000/observation.images.front/episode_000197.mp4
2026-08-17 15:15:17,351 [INFO] full_path /home/user/mujoco+evo/Mujoco_training_dataset/cache/mujoco_pickplace/videos/chunk-000/observation.images.front/episode_000190.mp4
2026-08-17 15:15:17,351 [INFO] full_path /home/user/mujoco+evo/Mujoco_training_dataset/cache/mujoco_pickplace/videos/chunk-000/observation.images.overhead/episode_000190.mp4
2026-08-17 15:15:17,351 [INFO] full_path /home/user/mujoco+evo/Mujoco_training_dataset/cache/mujoco_pickplace/videos/chunk-000/observation.images.overhead/episode_000197.mp4
2026-08-17 15:15:17,351 [INFO] full_path /home/user/mujoco+evo/Mujoco_training_dataset/cache/mujoco_pickplace/videos/chunk-000/observation.images.wrist/episode_000190.mp4
2026-08-17 15:15:17,351 [INFO] full_path /home/user/mujoco+evo/Mujoco_training_dataset/cache/mujoco_pickplace/videos/chunk-000/observation.images.wrist/episode_000197.mp4
2026-08-17 15:15:17,351 [INFO] build 64_78.pkl
2026-08-17 15:15:17,351 [INFO] full_path /home/user/mujoco+evo/Mujoco_training_dataset/cache/mujoco_pickplace/videos/chunk-000/observation.images.front/episode_000196.mp4
2026-08-17 15:15:17,351 [INFO] full_path /home/user/mujoco+evo/Mujoco_training_dataset/cache/mujoco_pickplace/videos/chunk-000/observation.images.overhead/episode_000196.mp4
2026-08-17 15:15:17,351 [INFO] full_path /home/user/mujoco+evo/Mujoco_training_dataset/cache/mujoco_pickplace/videos/chunk-000/observation.images.wrist/episode_000196.mp4
2026-08-17 15:15:17,352 [INFO] build 50_64.pkl
2026-08-17 15:15:17,352 [INFO] full_path /home/user/mujoco+evo/Mujoco_training_dataset/cache/mujoco_pickplace/videos/chunk-000/observation.images.front/episode_000197.mp4
2026-08-17 15:15:17,352 [INFO] build 63_77.pkl
2026-08-17 15:15:17,352 [INFO] full_path /home/user/mujoco+evo/Mujoco_training_dataset/cache/mujoco_pickplace/videos/chunk-000/observation.images.overhead/episode_000197.mp4
2026-08-17 15:15:17,352 [INFO] full_path /home/user/mujoco+evo/Mujoco_training_dataset/cache/mujoco_pickplace/videos/chunk-000/observation.images.front/episode_000190.mp4
2026-08-17 15:15:17,352 [INFO] full_path /home/user/mujoco+evo/Mujoco_training_dataset/cache/mujoco_pickplace/videos/chunk-000/observation.images.wrist/episode_000197.mp4
2026-08-17 15:15:17,352 [INFO] build 65_79.pkl
2026-08-17 15:15:17,352 [INFO] full_path /home/user/mujoco+evo/Mujoco_training_dataset/cache/mujoco_pickplace/videos/chunk-000/observation.images.overhead/episode_000190.mp4
2026-08-17 15:15:17,352 [INFO] full_path /home/user/mujoco+evo/Mujoco_training_dataset/cache/mujoco_pickplace/videos/chunk-000/observation.images.wrist/episode_000190.mp4
2026-08-17 15:15:17,352 [INFO] full_path /home/user/mujoco+evo/Mujoco_training_dataset/cache/mujoco_pickplace/videos/chunk-000/observation.images.front/episode_000196.mp4
2026-08-17 15:15:17,352 [INFO] full_path /home/user/mujoco+evo/Mujoco_training_dataset/cache/mujoco_pickplace/videos/chunk-000/observation.images.overhead/episode_000196.mp4
2026-08-17 15:15:17,352 [INFO] full_path /home/user/mujoco+evo/Mujoco_training_dataset/cache/mujoco_pickplace/videos/chunk-000/observation.images.wrist/episode_000196.mp4
2026-08-17 15:15:17,352 [INFO] build 51_65.pkl
2026-08-17 15:15:17,353 [INFO] full_path /home/user/mujoco+evo/Mujoco_training_dataset/cache/mujoco_pickplace/videos/chunk-000/observation.images.front/episode_000197.mp4
2026-08-17 15:15:17,353 [INFO] full_path /home/user/mujoco+evo/Mujoco_training_dataset/cache/mujoco_pickplace/videos/chunk-000/observation.images.overhead/episode_000197.mp4
2026-08-17 15:15:17,353 [INFO] full_path /home/user/mujoco+evo/Mujoco_training_dataset/cache/mujoco_pickplace/videos/chunk-000/observation.images.wrist/episode_000197.mp4
2026-08-17 15:15:17,353 [INFO] build 64_78.pkl
2026-08-17 15:15:17,353 [INFO] build 66_80.pkl
2026-08-17 15:15:17,353 [INFO] full_path /home/user/mujoco+evo/Mujoco_training_dataset/cache/mujoco_pickplace/videos/chunk-000/observation.images.front/episode_000190.mp4
2026-08-17 15:15:17,353 [INFO] full_path /home/user/mujoco+evo/Mujoco_training_dataset/cache/mujoco_pickplace/videos/chunk-000/observation.images.front/episode_000196.mp4
2026-08-17 15:15:17,353 [INFO] full_path /home/user/mujoco+evo/Mujoco_training_dataset/cache/mujoco_pickplace/videos/chunk-000/observation.images.overhead/episode_000190.mp4
2026-08-17 15:15:17,353 [INFO] full_path /home/user/mujoco+evo/Mujoco_training_dataset/cache/mujoco_pickplace/videos/chunk-000/observation.images.overhead/episode_000196.mp4
2026-08-17 15:15:17,353 [INFO] full_path /home/user/mujoco+evo/Mujoco_training_dataset/cache/mujoco_pickplace/videos/chunk-000/observation.images.wrist/episode_000190.mp4
2026-08-17 15:15:17,353 [INFO] full_path /home/user/mujoco+evo/Mujoco_training_dataset/cache/mujoco_pickplace/videos/chunk-000/observation.images.wrist/episode_000196.mp4
2026-08-17 15:15:17,353 [INFO] build 52_66.pkl
2026-08-17 15:15:17,354 [INFO] full_path /home/user/mujoco+evo/Mujoco_training_dataset/cache/mujoco_pickplace/videos/chunk-000/observation.images.front/episode_000197.mp4
2026-08-17 15:15:17,354 [INFO] full_path /home/user/mujoco+evo/Mujoco_training_dataset/cache/mujoco_pickplace/videos/chunk-000/observation.images.overhead/episode_000197.mp4
2026-08-17 15:15:17,354 [INFO] build 67_81.pkl
2026-08-17 15:15:17,354 [INFO] full_path /home/user/mujoco+evo/Mujoco_training_dataset/cache/mujoco_pickplace/videos/chunk-000/observation.images.wrist/episode_000197.mp4
2026-08-17 15:15:17,354 [INFO] full_path /home/user/mujoco+evo/Mujoco_training_dataset/cache/mujoco_pickplace/videos/chunk-000/observation.images.front/episode_000196.mp4
2026-08-17 15:15:17,354 [INFO] full_path /home/user/mujoco+evo/Mujoco_training_dataset/cache/mujoco_pickplace/videos/chunk-000/observation.images.overhead/episode_000196.mp4
2026-08-17 15:15:17,354 [INFO] full_path /home/user/mujoco+evo/Mujoco_training_dataset/cache/mujoco_pickplace/videos/chunk-000/observation.images.wrist/episode_000196.mp4
2026-08-17 15:15:17,354 [INFO] build 53_67.pkl
2026-08-17 15:15:17,354 [INFO] full_path /home/user/mujoco+evo/Mujoco_training_dataset/cache/mujoco_pickplace/videos/chunk-000/observation.images.front/episode_000197.mp4
2026-08-17 15:15:17,354 [INFO] full_path /home/user/mujoco+evo/Mujoco_training_dataset/cache/mujoco_pickplace/videos/chunk-000/observation.images.overhead/episode_000197.mp4
2026-08-17 15:15:17,355 [INFO] build 68_82.pkl
2026-08-17 15:15:17,355 [INFO] full_path /home/user/mujoco+evo/Mujoco_training_dataset/cache/mujoco_pickplace/videos/chunk-000/observation.images.wrist/episode_000197.mp4
2026-08-17 15:15:17,355 [INFO] full_path /home/user/mujoco+evo/Mujoco_training_dataset/cache/mujoco_pickplace/videos/chunk-000/observation.images.front/episode_000196.mp4
2026-08-17 15:15:17,355 [INFO] full_path /home/user/mujoco+evo/Mujoco_training_dataset/cache/mujoco_pickplace/videos/chunk-000/observation.images.overhead/episode_000196.mp4
2026-08-17 15:15:17,355 [INFO] full_path /home/user/mujoco+evo/Mujoco_training_dataset/cache/mujoco_pickplace/videos/chunk-000/observation.images.wrist/episode_000196.mp4
2026-08-17 15:15:17,355 [INFO] build 54_68.pkl
2026-08-17 15:15:17,355 [INFO] full_path /home/user/mujoco+evo/Mujoco_training_dataset/cache/mujoco_pickplace/videos/chunk-000/observation.images.front/episode_000197.mp4
2026-08-17 15:15:17,355 [INFO] full_path /home/user/mujoco+evo/Mujoco_training_dataset/cache/mujoco_pickplace/videos/chunk-000/observation.images.overhead/episode_000197.mp4
2026-08-17 15:15:17,355 [INFO] full_path /home/user/mujoco+evo/Mujoco_training_dataset/cache/mujoco_pickplace/videos/chunk-000/observation.images.wrist/episode_000197.mp4
2026-08-17 15:15:17,356 [INFO] build 55_69.pkl
2026-08-17 15:15:17,356 [INFO] full_path /home/user/mujoco+evo/Mujoco_training_dataset/cache/mujoco_pickplace/videos/chunk-000/observation.images.front/episode_000197.mp4
2026-08-17 15:15:17,356 [INFO] full_path /home/user/mujoco+evo/Mujoco_training_dataset/cache/mujoco_pickplace/videos/chunk-000/observation.images.overhead/episode_000197.mp4
2026-08-17 15:15:17,356 [INFO] full_path /home/user/mujoco+evo/Mujoco_training_dataset/cache/mujoco_pickplace/videos/chunk-000/observation.images.wrist/episode_000197.mp4
2026-08-17 15:15:17,357 [INFO] build 56_70.pkl
2026-08-17 15:15:17,357 [INFO] full_path /home/user/mujoco+evo/Mujoco_training_dataset/cache/mujoco_pickplace/videos/chunk-000/observation.images.front/episode_000197.mp4
2026-08-17 15:15:17,357 [INFO] full_path /home/user/mujoco+evo/Mujoco_training_dataset/cache/mujoco_pickplace/videos/chunk-000/observation.images.overhead/episode_000197.mp4
2026-08-17 15:15:17,357 [INFO] full_path /home/user/mujoco+evo/Mujoco_training_dataset/cache/mujoco_pickplace/videos/chunk-000/observation.images.wrist/episode_000197.mp4
2026-08-17 15:15:17,358 [INFO] build 57_71.pkl
2026-08-17 15:15:17,358 [INFO] full_path /home/user/mujoco+evo/Mujoco_training_dataset/cache/mujoco_pickplace/videos/chunk-000/observation.images.front/episode_000197.mp4
2026-08-17 15:15:17,358 [INFO] full_path /home/user/mujoco+evo/Mujoco_training_dataset/cache/mujoco_pickplace/videos/chunk-000/observation.images.overhead/episode_000197.mp4
2026-08-17 15:15:17,358 [INFO] full_path /home/user/mujoco+evo/Mujoco_training_dataset/cache/mujoco_pickplace/videos/chunk-000/observation.images.wrist/episode_000197.mp4
2026-08-17 15:15:17,359 [INFO] build 58_72.pkl
2026-08-17 15:15:17,359 [INFO] full_path /home/user/mujoco+evo/Mujoco_training_dataset/cache/mujoco_pickplace/videos/chunk-000/observation.images.front/episode_000197.mp4
2026-08-17 15:15:17,359 [INFO] full_path /home/user/mujoco+evo/Mujoco_training_dataset/cache/mujoco_pickplace/videos/chunk-000/observation.images.overhead/episode_000197.mp4
2026-08-17 15:15:17,359 [INFO] full_path /home/user/mujoco+evo/Mujoco_training_dataset/cache/mujoco_pickplace/videos/chunk-000/observation.images.wrist/episode_000197.mp4
2026-08-17 15:15:17,360 [INFO] build 59_73.pkl
2026-08-17 15:15:17,360 [INFO] full_path /home/user/mujoco+evo/Mujoco_training_dataset/cache/mujoco_pickplace/videos/chunk-000/observation.images.front/episode_000197.mp4
2026-08-17 15:15:17,361 [INFO] full_path /home/user/mujoco+evo/Mujoco_training_dataset/cache/mujoco_pickplace/videos/chunk-000/observation.images.overhead/episode_000197.mp4
2026-08-17 15:15:17,361 [INFO] full_path /home/user/mujoco+evo/Mujoco_training_dataset/cache/mujoco_pickplace/videos/chunk-000/observation.images.wrist/episode_000197.mp4
2026-08-17 15:15:17,361 [INFO] build 60_74.pkl
2026-08-17 15:15:17,362 [INFO] full_path /home/user/mujoco+evo/Mujoco_training_dataset/cache/mujoco_pickplace/videos/chunk-000/observation.images.front/episode_000197.mp4
2026-08-17 15:15:17,362 [INFO] full_path /home/user/mujoco+evo/Mujoco_training_dataset/cache/mujoco_pickplace/videos/chunk-000/observation.images.overhead/episode_000197.mp4
2026-08-17 15:15:17,362 [INFO] full_path /home/user/mujoco+evo/Mujoco_training_dataset/cache/mujoco_pickplace/videos/chunk-000/observation.images.wrist/episode_000197.mp4
2026-08-17 15:15:17,363 [INFO] build 61_75.pkl
2026-08-17 15:15:17,363 [INFO] full_path /home/user/mujoco+evo/Mujoco_training_dataset/cache/mujoco_pickplace/videos/chunk-000/observation.images.front/episode_000197.mp4
2026-08-17 15:15:17,363 [INFO] full_path /home/user/mujoco+evo/Mujoco_training_dataset/cache/mujoco_pickplace/videos/chunk-000/observation.images.overhead/episode_000197.mp4
2026-08-17 15:15:17,363 [INFO] full_path /home/user/mujoco+evo/Mujoco_training_dataset/cache/mujoco_pickplace/videos/chunk-000/observation.images.wrist/episode_000197.mp4
2026-08-17 15:15:17,364 [INFO] build 62_76.pkl
2026-08-17 15:15:17,364 [INFO] full_path /home/user/mujoco+evo/Mujoco_training_dataset/cache/mujoco_pickplace/videos/chunk-000/observation.images.front/episode_000197.mp4
2026-08-17 15:15:17,364 [INFO] full_path /home/user/mujoco+evo/Mujoco_training_dataset/cache/mujoco_pickplace/videos/chunk-000/observation.images.overhead/episode_000197.mp4
2026-08-17 15:15:17,364 [INFO] full_path /home/user/mujoco+evo/Mujoco_training_dataset/cache/mujoco_pickplace/videos/chunk-000/observation.images.wrist/episode_000197.mp4
2026-08-17 15:15:17,365 [INFO] build 63_77.pkl
2026-08-17 15:15:17,365 [INFO] full_path /home/user/mujoco+evo/Mujoco_training_dataset/cache/mujoco_pickplace/videos/chunk-000/observation.images.front/episode_000197.mp4
2026-08-17 15:15:17,365 [INFO] full_path /home/user/mujoco+evo/Mujoco_training_dataset/cache/mujoco_pickplace/videos/chunk-000/observation.images.overhead/episode_000197.mp4
2026-08-17 15:15:17,365 [INFO] full_path /home/user/mujoco+evo/Mujoco_training_dataset/cache/mujoco_pickplace/videos/chunk-000/observation.images.wrist/episode_000197.mp4
2026-08-17 15:15:17,366 [INFO] build 64_78.pkl
2026-08-17 15:15:17,366 [INFO] full_path /home/user/mujoco+evo/Mujoco_training_dataset/cache/mujoco_pickplace/videos/chunk-000/observation.images.front/episode_000197.mp4
2026-08-17 15:15:17,366 [INFO] full_path /home/user/mujoco+evo/Mujoco_training_dataset/cache/mujoco_pickplace/videos/chunk-000/observation.images.overhead/episode_000197.mp4
2026-08-17 15:15:17,366 [INFO] full_path /home/user/mujoco+evo/Mujoco_training_dataset/cache/mujoco_pickplace/videos/chunk-000/observation.images.wrist/episode_000197.mp4
2026-08-17 15:15:17,367 [INFO] build 65_79.pkl
2026-08-17 15:15:17,367 [INFO] full_path /home/user/mujoco+evo/Mujoco_training_dataset/cache/mujoco_pickplace/videos/chunk-000/observation.images.front/episode_000197.mp4
2026-08-17 15:15:17,367 [INFO] full_path /home/user/mujoco+evo/Mujoco_training_dataset/cache/mujoco_pickplace/videos/chunk-000/observation.images.overhead/episode_000197.mp4
2026-08-17 15:15:17,367 [INFO] full_path /home/user/mujoco+evo/Mujoco_training_dataset/cache/mujoco_pickplace/videos/chunk-000/observation.images.wrist/episode_000197.mp4
2026-08-17 15:15:17,368 [INFO] build 66_80.pkl
2026-08-17 15:15:17,368 [INFO] full_path /home/user/mujoco+evo/Mujoco_training_dataset/cache/mujoco_pickplace/videos/chunk-000/observation.images.front/episode_000197.mp4
2026-08-17 15:15:17,368 [INFO] full_path /home/user/mujoco+evo/Mujoco_training_dataset/cache/mujoco_pickplace/videos/chunk-000/observation.images.overhead/episode_000197.mp4
2026-08-17 15:15:17,368 [INFO] full_path /home/user/mujoco+evo/Mujoco_training_dataset/cache/mujoco_pickplace/videos/chunk-000/observation.images.wrist/episode_000197.mp4
2026-08-17 15:15:17,369 [INFO] build 67_81.pkl
2026-08-17 15:15:17,369 [INFO] full_path /home/user/mujoco+evo/Mujoco_training_dataset/cache/mujoco_pickplace/videos/chunk-000/observation.images.front/episode_000197.mp4
2026-08-17 15:15:17,369 [INFO] full_path /home/user/mujoco+evo/Mujoco_training_dataset/cache/mujoco_pickplace/videos/chunk-000/observation.images.overhead/episode_000197.mp4
2026-08-17 15:15:17,369 [INFO] full_path /home/user/mujoco+evo/Mujoco_training_dataset/cache/mujoco_pickplace/videos/chunk-000/observation.images.wrist/episode_000197.mp4
2026-08-17 15:15:17,370 [INFO] build 68_82.pkl
2026-08-17 15:15:17,370 [INFO] full_path /home/user/mujoco+evo/Mujoco_training_dataset/cache/mujoco_pickplace/videos/chunk-000/observation.images.front/episode_000197.mp4
2026-08-17 15:15:17,370 [INFO] full_path /home/user/mujoco+evo/Mujoco_training_dataset/cache/mujoco_pickplace/videos/chunk-000/observation.images.overhead/episode_000197.mp4
2026-08-17 15:15:17,370 [INFO] full_path /home/user/mujoco+evo/Mujoco_training_dataset/cache/mujoco_pickplace/videos/chunk-000/observation.images.wrist/episode_000197.mp4
2026-08-17 15:15:17,371 [INFO] build 69_83.pkl
2026-08-17 15:15:17,371 [INFO] full_path /home/user/mujoco+evo/Mujoco_training_dataset/cache/mujoco_pickplace/videos/chunk-000/observation.images.front/episode_000197.mp4
2026-08-17 15:15:17,371 [INFO] full_path /home/user/mujoco+evo/Mujoco_training_dataset/cache/mujoco_pickplace/videos/chunk-000/observation.images.overhead/episode_000197.mp4
2026-08-17 15:15:17,371 [INFO] full_path /home/user/mujoco+evo/Mujoco_training_dataset/cache/mujoco_pickplace/videos/chunk-000/observation.images.wrist/episode_000197.mp4
2026-08-17 15:15:17,372 [INFO] build 70_84.pkl
2026-08-17 15:15:17,372 [INFO] full_path /home/user/mujoco+evo/Mujoco_training_dataset/cache/mujoco_pickplace/videos/chunk-000/observation.images.front/episode_000197.mp4
2026-08-17 15:15:17,372 [INFO] full_path /home/user/mujoco+evo/Mujoco_training_dataset/cache/mujoco_pickplace/videos/chunk-000/observation.images.overhead/episode_000197.mp4
2026-08-17 15:15:17,372 [INFO] full_path /home/user/mujoco+evo/Mujoco_training_dataset/cache/mujoco_pickplace/videos/chunk-000/observation.images.wrist/episode_000197.mp4
2026-08-17 15:15:17,373 [INFO] build 71_85.pkl
2026-08-17 15:15:17,373 [INFO] full_path /home/user/mujoco+evo/Mujoco_training_dataset/cache/mujoco_pickplace/videos/chunk-000/observation.images.front/episode_000197.mp4
2026-08-17 15:15:17,373 [INFO] full_path /home/user/mujoco+evo/Mujoco_training_dataset/cache/mujoco_pickplace/videos/chunk-000/observation.images.overhead/episode_000197.mp4
2026-08-17 15:15:17,373 [INFO] full_path /home/user/mujoco+evo/Mujoco_training_dataset/cache/mujoco_pickplace/videos/chunk-000/observation.images.wrist/episode_000197.mp4
2026-08-17 15:15:17,374 [INFO] build 72_86.pkl
2026-08-17 15:15:17,374 [INFO] full_path /home/user/mujoco+evo/Mujoco_training_dataset/cache/mujoco_pickplace/videos/chunk-000/observation.images.front/episode_000197.mp4
2026-08-17 15:15:17,374 [INFO] full_path /home/user/mujoco+evo/Mujoco_training_dataset/cache/mujoco_pickplace/videos/chunk-000/observation.images.overhead/episode_000197.mp4
2026-08-17 15:15:17,374 [INFO] full_path /home/user/mujoco+evo/Mujoco_training_dataset/cache/mujoco_pickplace/videos/chunk-000/observation.images.wrist/episode_000197.mp4
2026-08-17 15:15:17,400 [INFO] Loaded 13292 samples from None (lerobot)
2026-08-17 15:15:17,400 [INFO] Initialized dataloader with batch size 16
2026-08-17 15:15:18,668 [INFO] vision_select_layer: -1
2026-08-17 15:15:18,668 [INFO] ps_version: v2
2026-08-17 15:15:18,668 [INFO] min_dynamic_patch: 1
2026-08-17 15:15:18,668 [INFO] max_dynamic_patch: 12
2026-08-17 15:15:19,642 [INFO] num_image_token: 256
2026-08-17 15:15:19,643 [INFO] ps_version: v2
2026-08-17 15:15:23,613 [INFO] Optimizer=AdamW, lr=1e-05, weight_decay=0.001
2026-08-17 15:15:26,448 [INFO] Initialized with Accelerate
2026-08-17 15:15:26,449 [INFO] Starting fresh training
2026-08-17 15:15:26,451 [INFO] 
 Parameter Inspection by Module:
2026-08-17 15:15:26,451 [INFO] ======================================================================
2026-08-17 15:15:26,452 [INFO] 
 Module: vision_model
2026-08-17 15:15:26,452 [INFO] ----------------------------------------------------------------------
2026-08-17 15:15:26,452 [INFO] Trainable embeddings.class_embedding                              | shape: (1, 1, 1024)         |   0.00M
2026-08-17 15:15:26,453 [INFO] Trainable embeddings.position_embedding                           | shape: (1, 1025, 1024)      |   1.05M
2026-08-17 15:15:26,453 [INFO] Trainable embeddings.patch_embedding.weight                       | shape: (1024, 3, 14, 14)    |   0.60M
2026-08-17 15:15:26,454 [INFO] Trainable embeddings.patch_embedding.bias                         | shape: (1024,)              |   0.00M
2026-08-17 15:15:26,454 [INFO] Trainable encoder.layers.0.ls1                                    | shape: (1024,)              |   0.00M
2026-08-17 15:15:26,454 [INFO] Trainable encoder.layers.0.ls2                                    | shape: (1024,)              |   0.00M
2026-08-17 15:15:26,454 [INFO] Trainable encoder.layers.0.attn.qkv.weight                        | shape: (3072, 1024)         |   3.15M
2026-08-17 15:15:26,454 [INFO] Trainable encoder.layers.0.attn.qkv.bias                          | shape: (3072,)              |   0.00M
2026-08-17 15:15:26,455 [INFO] Trainable encoder.layers.0.attn.proj.weight                       | shape: (1024, 1024)         |   1.05M
2026-08-17 15:15:26,455 [INFO] Trainable encoder.layers.0.attn.proj.bias                         | shape: (1024,)              |   0.00M
2026-08-17 15:15:26,456 [INFO] Trainable encoder.layers.0.mlp.fc1.weight                         | shape: (4096, 1024)         |   4.19M
2026-08-17 15:15:26,456 [INFO] Trainable encoder.layers.0.mlp.fc1.bias                           | shape: (4096,)              |   0.00M
2026-08-17 15:15:26,456 [INFO] Trainable encoder.layers.0.mlp.fc2.weight                         | shape: (1024, 4096)         |   4.19M
2026-08-17 15:15:26,457 [INFO] Trainable encoder.layers.0.mlp.fc2.bias                           | shape: (1024,)              |   0.00M
2026-08-17 15:15:26,457 [INFO] Trainable encoder.layers.0.norm1.weight                           | shape: (1024,)              |   0.00M
2026-08-17 15:15:26,457 [INFO] Trainable encoder.layers.0.norm1.bias                             | shape: (1024,)              |   0.00M
2026-08-17 15:15:26,457 [INFO] Trainable encoder.layers.0.norm2.weight                           | shape: (1024,)              |   0.00M
2026-08-17 15:15:26,458 [INFO] Trainable encoder.layers.0.norm2.bias                             | shape: (1024,)              |   0.00M
2026-08-17 15:15:26,458 [INFO] Trainable encoder.layers.1.ls1                                    | shape: (1024,)              |   0.00M
2026-08-17 15:15:26,458 [INFO] Trainable encoder.layers.1.ls2                                    | shape: (1024,)              |   0.00M
2026-08-17 15:15:26,458 [INFO] Trainable encoder.layers.1.attn.qkv.weight                        | shape: (3072, 1024)         |   3.15M
2026-08-17 15:15:26,458 [INFO] Trainable encoder.layers.1.attn.qkv.bias                          | shape: (3072,)              |   0.00M
2026-08-17 15:15:26,458 [INFO] Trainable encoder.layers.1.attn.proj.weight                       | shape: (1024, 1024)         |   1.05M
2026-08-17 15:15:26,459 [INFO] Trainable encoder.layers.1.attn.proj.bias                         | shape: (1024,)              |   0.00M
2026-08-17 15:15:26,459 [INFO] Trainable encoder.layers.1.mlp.fc1.weight                         | shape: (4096, 1024)         |   4.19M
2026-08-17 15:15:26,459 [INFO] Trainable encoder.layers.1.mlp.fc1.bias                           | shape: (4096,)              |   0.00M
2026-08-17 15:15:26,459 [INFO] Trainable encoder.layers.1.mlp.fc2.weight                         | shape: (1024, 4096)         |   4.19M
2026-08-17 15:15:26,459 [INFO] Trainable encoder.layers.1.mlp.fc2.bias                           | shape: (1024,)              |   0.00M
2026-08-17 15:15:26,459 [INFO] Trainable encoder.layers.1.norm1.weight                           | shape: (1024,)              |   0.00M
2026-08-17 15:15:26,460 [INFO] Trainable encoder.layers.1.norm1.bias                             | shape: (1024,)              |   0.00M
2026-08-17 15:15:26,460 [INFO] Trainable encoder.layers.1.norm2.weight                           | shape: (1024,)              |   0.00M
2026-08-17 15:15:26,460 [INFO] Trainable encoder.layers.1.norm2.bias                             | shape: (1024,)              |   0.00M
2026-08-17 15:15:26,460 [INFO] Trainable encoder.layers.2.ls1                                    | shape: (1024,)              |   0.00M
2026-08-17 15:15:26,460 [INFO] Trainable encoder.layers.2.ls2                                    | shape: (1024,)              |   0.00M
2026-08-17 15:15:26,461 [INFO] Trainable encoder.layers.2.attn.qkv.weight                        | shape: (3072, 1024)         |   3.15M
2026-08-17 15:15:26,461 [INFO] Trainable encoder.layers.2.attn.qkv.bias                          | shape: (3072,)              |   0.00M
2026-08-17 15:15:26,461 [INFO] Trainable encoder.layers.2.attn.proj.weight                       | shape: (1024, 1024)         |   1.05M
2026-08-17 15:15:26,462 [INFO] Trainable encoder.layers.2.attn.proj.bias                         | shape: (1024,)              |   0.00M
2026-08-17 15:15:26,462 [INFO] Trainable encoder.layers.2.mlp.fc1.weight                         | shape: (4096, 1024)         |   4.19M
2026-08-17 15:15:26,462 [INFO] Trainable encoder.layers.2.mlp.fc1.bias                           | shape: (4096,)              |   0.00M
2026-08-17 15:15:26,463 [INFO] Trainable encoder.layers.2.mlp.fc2.weight                         | shape: (1024, 4096)         |   4.19M
2026-08-17 15:15:26,463 [INFO] Trainable encoder.layers.2.mlp.fc2.bias                           | shape: (1024,)              |   0.00M
2026-08-17 15:15:26,463 [INFO] Trainable encoder.layers.2.norm1.weight                           | shape: (1024,)              |   0.00M
2026-08-17 15:15:26,463 [INFO] Trainable encoder.layers.2.norm1.bias                             | shape: (1024,)              |   0.00M
2026-08-17 15:15:26,464 [INFO] Trainable encoder.layers.2.norm2.weight                           | shape: (1024,)              |   0.00M
2026-08-17 15:15:26,464 [INFO] Trainable encoder.layers.2.norm2.bias                             | shape: (1024,)              |   0.00M
2026-08-17 15:15:26,464 [INFO] Trainable encoder.layers.3.ls1                                    | shape: (1024,)              |   0.00M
2026-08-17 15:15:26,464 [INFO] Trainable encoder.layers.3.ls2                                    | shape: (1024,)              |   0.00M
2026-08-17 15:15:26,465 [INFO] Trainable encoder.layers.3.attn.qkv.weight                        | shape: (3072, 1024)         |   3.15M
2026-08-17 15:15:26,465 [INFO] Trainable encoder.layers.3.attn.qkv.bias                          | shape: (3072,)              |   0.00M
2026-08-17 15:15:26,465 [INFO] Trainable encoder.layers.3.attn.proj.weight                       | shape: (1024, 1024)         |   1.05M
2026-08-17 15:15:26,466 [INFO] Trainable encoder.layers.3.attn.proj.bias                         | shape: (1024,)              |   0.00M
2026-08-17 15:15:26,466 [INFO] Trainable encoder.layers.3.mlp.fc1.weight                         | shape: (4096, 1024)         |   4.19M
2026-08-17 15:15:26,466 [INFO] Trainable encoder.layers.3.mlp.fc1.bias                           | shape: (4096,)              |   0.00M
2026-08-17 15:15:26,466 [INFO] Trainable encoder.layers.3.mlp.fc2.weight                         | shape: (1024, 4096)         |   4.19M
2026-08-17 15:15:26,467 [INFO] Trainable encoder.layers.3.mlp.fc2.bias                           | shape: (1024,)              |   0.00M
2026-08-17 15:15:26,467 [INFO] Trainable encoder.layers.3.norm1.weight                           | shape: (1024,)              |   0.00M
2026-08-17 15:15:26,467 [INFO] Trainable encoder.layers.3.norm1.bias                             | shape: (1024,)              |   0.00M
2026-08-17 15:15:26,468 [INFO] Trainable encoder.layers.3.norm2.weight                           | shape: (1024,)              |   0.00M
2026-08-17 15:15:26,468 [INFO] Trainable encoder.layers.3.norm2.bias                             | shape: (1024,)              |   0.00M
2026-08-17 15:15:26,468 [INFO] Trainable encoder.layers.4.ls1                                    | shape: (1024,)              |   0.00M
2026-08-17 15:15:26,468 [INFO] Trainable encoder.layers.4.ls2                                    | shape: (1024,)              |   0.00M
2026-08-17 15:15:26,469 [INFO] Trainable encoder.layers.4.attn.qkv.weight                        | shape: (3072, 1024)         |   3.15M
2026-08-17 15:15:26,469 [INFO] Trainable encoder.layers.4.attn.qkv.bias                          | shape: (3072,)              |   0.00M
2026-08-17 15:15:26,469 [INFO] Trainable encoder.layers.4.attn.proj.weight                       | shape: (1024, 1024)         |   1.05M
2026-08-17 15:15:26,470 [INFO] Trainable encoder.layers.4.attn.proj.bias                         | shape: (1024,)              |   0.00M
2026-08-17 15:15:26,470 [INFO] Trainable encoder.layers.4.mlp.fc1.weight                         | shape: (4096, 1024)         |   4.19M
2026-08-17 15:15:26,470 [INFO] Trainable encoder.layers.4.mlp.fc1.bias                           | shape: (4096,)              |   0.00M
2026-08-17 15:15:26,471 [INFO] Trainable encoder.layers.4.mlp.fc2.weight                         | shape: (1024, 4096)         |   4.19M
2026-08-17 15:15:26,471 [INFO] Trainable encoder.layers.4.mlp.fc2.bias                           | shape: (1024,)              |   0.00M
2026-08-17 15:15:26,471 [INFO] Trainable encoder.layers.4.norm1.weight                           | shape: (1024,)              |   0.00M
2026-08-17 15:15:26,472 [INFO] Trainable encoder.layers.4.norm1.bias                             | shape: (1024,)              |   0.00M
2026-08-17 15:15:26,472 [INFO] Trainable encoder.layers.4.norm2.weight                           | shape: (1024,)              |   0.00M
2026-08-17 15:15:26,472 [INFO] Trainable encoder.layers.4.norm2.bias                             | shape: (1024,)              |   0.00M
2026-08-17 15:15:26,473 [INFO] Trainable encoder.layers.5.ls1                                    | shape: (1024,)              |   0.00M
2026-08-17 15:15:26,473 [INFO] Trainable encoder.layers.5.ls2                                    | shape: (1024,)              |   0.00M
2026-08-17 15:15:26,473 [INFO] Trainable encoder.layers.5.attn.qkv.weight                        | shape: (3072, 1024)         |   3.15M
2026-08-17 15:15:26,474 [INFO] Trainable encoder.layers.5.attn.qkv.bias                          | shape: (3072,)              |   0.00M
2026-08-17 15:15:26,474 [INFO] Trainable encoder.layers.5.attn.proj.weight                       | shape: (1024, 1024)         |   1.05M
2026-08-17 15:15:26,474 [INFO] Trainable encoder.layers.5.attn.proj.bias                         | shape: (1024,)              |   0.00M
2026-08-17 15:15:26,474 [INFO] Trainable encoder.layers.5.mlp.fc1.weight                         | shape: (4096, 1024)         |   4.19M
2026-08-17 15:15:26,475 [INFO] Trainable encoder.layers.5.mlp.fc1.bias                           | shape: (4096,)              |   0.00M
2026-08-17 15:15:26,475 [INFO] Trainable encoder.layers.5.mlp.fc2.weight                         | shape: (1024, 4096)         |   4.19M
2026-08-17 15:15:26,475 [INFO] Trainable encoder.layers.5.mlp.fc2.bias                           | shape: (1024,)              |   0.00M
2026-08-17 15:15:26,476 [INFO] Trainable encoder.layers.5.norm1.weight                           | shape: (1024,)              |   0.00M
2026-08-17 15:15:26,476 [INFO] Trainable encoder.layers.5.norm1.bias                             | shape: (1024,)              |   0.00M
2026-08-17 15:15:26,476 [INFO] Trainable encoder.layers.5.norm2.weight                           | shape: (1024,)              |   0.00M
2026-08-17 15:15:26,476 [INFO] Trainable encoder.layers.5.norm2.bias                             | shape: (1024,)              |   0.00M
2026-08-17 15:15:26,477 [INFO] Trainable encoder.layers.6.ls1                                    | shape: (1024,)              |   0.00M
2026-08-17 15:15:26,477 [INFO] Trainable encoder.layers.6.ls2                                    | shape: (1024,)              |   0.00M
2026-08-17 15:15:26,477 [INFO] Trainable encoder.layers.6.attn.qkv.weight                        | shape: (3072, 1024)         |   3.15M
2026-08-17 15:15:26,478 [INFO] Trainable encoder.layers.6.attn.qkv.bias                          | shape: (3072,)              |   0.00M
2026-08-17 15:15:26,478 [INFO] Trainable encoder.layers.6.attn.proj.weight                       | shape: (1024, 1024)         |   1.05M
2026-08-17 15:15:26,478 [INFO] Trainable encoder.layers.6.attn.proj.bias                         | shape: (1024,)              |   0.00M
2026-08-17 15:15:26,478 [INFO] Trainable encoder.layers.6.mlp.fc1.weight                         | shape: (4096, 1024)         |   4.19M
2026-08-17 15:15:26,479 [INFO] Trainable encoder.layers.6.mlp.fc1.bias                           | shape: (4096,)              |   0.00M
2026-08-17 15:15:26,479 [INFO] Trainable encoder.layers.6.mlp.fc2.weight                         | shape: (1024, 4096)         |   4.19M
2026-08-17 15:15:26,479 [INFO] Trainable encoder.layers.6.mlp.fc2.bias                           | shape: (1024,)              |   0.00M
2026-08-17 15:15:26,480 [INFO] Trainable encoder.layers.6.norm1.weight                           | shape: (1024,)              |   0.00M
2026-08-17 15:15:26,480 [INFO] Trainable encoder.layers.6.norm1.bias                             | shape: (1024,)              |   0.00M
2026-08-17 15:15:26,480 [INFO] Trainable encoder.layers.6.norm2.weight                           | shape: (1024,)              |   0.00M
2026-08-17 15:15:26,480 [INFO] Trainable encoder.layers.6.norm2.bias                             | shape: (1024,)              |   0.00M
2026-08-17 15:15:26,481 [INFO] Trainable encoder.layers.7.ls1                                    | shape: (1024,)              |   0.00M
2026-08-17 15:15:26,481 [INFO] Trainable encoder.layers.7.ls2                                    | shape: (1024,)              |   0.00M
2026-08-17 15:15:26,481 [INFO] Trainable encoder.layers.7.attn.qkv.weight                        | shape: (3072, 1024)         |   3.15M
2026-08-17 15:15:26,481 [INFO] Trainable encoder.layers.7.attn.qkv.bias                          | shape: (3072,)              |   0.00M
2026-08-17 15:15:26,482 [INFO] Trainable encoder.layers.7.attn.proj.weight                       | shape: (1024, 1024)         |   1.05M
2026-08-17 15:15:26,482 [INFO] Trainable encoder.layers.7.attn.proj.bias                         | shape: (1024,)              |   0.00M
2026-08-17 15:15:26,482 [INFO] Trainable encoder.layers.7.mlp.fc1.weight                         | shape: (4096, 1024)         |   4.19M
2026-08-17 15:15:26,483 [INFO] Trainable encoder.layers.7.mlp.fc1.bias                           | shape: (4096,)              |   0.00M
2026-08-17 15:15:26,483 [INFO] Trainable encoder.layers.7.mlp.fc2.weight                         | shape: (1024, 4096)         |   4.19M
2026-08-17 15:15:26,483 [INFO] Trainable encoder.layers.7.mlp.fc2.bias                           | shape: (1024,)              |   0.00M
2026-08-17 15:15:26,483 [INFO] Trainable encoder.layers.7.norm1.weight                           | shape: (1024,)              |   0.00M
2026-08-17 15:15:26,484 [INFO] Trainable encoder.layers.7.norm1.bias                             | shape: (1024,)              |   0.00M
2026-08-17 15:15:26,484 [INFO] Trainable encoder.layers.7.norm2.weight                           | shape: (1024,)              |   0.00M
2026-08-17 15:15:26,484 [INFO] Trainable encoder.layers.7.norm2.bias                             | shape: (1024,)              |   0.00M
2026-08-17 15:15:26,484 [INFO] Trainable encoder.layers.8.ls1                                    | shape: (1024,)              |   0.00M
2026-08-17 15:15:26,485 [INFO] Trainable encoder.layers.8.ls2                                    | shape: (1024,)              |   0.00M
2026-08-17 15:15:26,485 [INFO] Trainable encoder.layers.8.attn.qkv.weight                        | shape: (3072, 1024)         |   3.15M
2026-08-17 15:15:26,485 [INFO] Trainable encoder.layers.8.attn.qkv.bias                          | shape: (3072,)              |   0.00M
2026-08-17 15:15:26,485 [INFO] Trainable encoder.layers.8.attn.proj.weight                       | shape: (1024, 1024)         |   1.05M
2026-08-17 15:15:26,485 [INFO] Trainable encoder.layers.8.attn.proj.bias                         | shape: (1024,)              |   0.00M
2026-08-17 15:15:26,485 [INFO] Trainable encoder.layers.8.mlp.fc1.weight                         | shape: (4096, 1024)         |   4.19M
2026-08-17 15:15:26,486 [INFO] Trainable encoder.layers.8.mlp.fc1.bias                           | shape: (4096,)              |   0.00M
2026-08-17 15:15:26,486 [INFO] Trainable encoder.layers.8.mlp.fc2.weight                         | shape: (1024, 4096)         |   4.19M
2026-08-17 15:15:26,486 [INFO] Trainable encoder.layers.8.mlp.fc2.bias                           | shape: (1024,)              |   0.00M
2026-08-17 15:15:26,487 [INFO] Trainable encoder.layers.8.norm1.weight                           | shape: (1024,)              |   0.00M
2026-08-17 15:15:26,487 [INFO] Trainable encoder.layers.8.norm1.bias                             | shape: (1024,)              |   0.00M
2026-08-17 15:15:26,487 [INFO] Trainable encoder.layers.8.norm2.weight                           | shape: (1024,)              |   0.00M
2026-08-17 15:15:26,487 [INFO] Trainable encoder.layers.8.norm2.bias                             | shape: (1024,)              |   0.00M
2026-08-17 15:15:26,487 [INFO] Trainable encoder.layers.9.ls1                                    | shape: (1024,)              |   0.00M
2026-08-17 15:15:26,488 [INFO] Trainable encoder.layers.9.ls2                                    | shape: (1024,)              |   0.00M
2026-08-17 15:15:26,488 [INFO] Trainable encoder.layers.9.attn.qkv.weight                        | shape: (3072, 1024)         |   3.15M
2026-08-17 15:15:26,488 [INFO] Trainable encoder.layers.9.attn.qkv.bias                          | shape: (3072,)              |   0.00M
2026-08-17 15:15:26,488 [INFO] Trainable encoder.layers.9.attn.proj.weight                       | shape: (1024, 1024)         |   1.05M
2026-08-17 15:15:26,488 [INFO] Trainable encoder.layers.9.attn.proj.bias                         | shape: (1024,)              |   0.00M
2026-08-17 15:15:26,489 [INFO] Trainable encoder.layers.9.mlp.fc1.weight                         | shape: (4096, 1024)         |   4.19M
2026-08-17 15:15:26,489 [INFO] Trainable encoder.layers.9.mlp.fc1.bias                           | shape: (4096,)              |   0.00M
2026-08-17 15:15:26,489 [INFO] Trainable encoder.layers.9.mlp.fc2.weight                         | shape: (1024, 4096)         |   4.19M
2026-08-17 15:15:26,490 [INFO] Trainable encoder.layers.9.mlp.fc2.bias                           | shape: (1024,)              |   0.00M
2026-08-17 15:15:26,490 [INFO] Trainable encoder.layers.9.norm1.weight                           | shape: (1024,)              |   0.00M
2026-08-17 15:15:26,490 [INFO] Trainable encoder.layers.9.norm1.bias                             | shape: (1024,)              |   0.00M
2026-08-17 15:15:26,491 [INFO] Trainable encoder.layers.9.norm2.weight                           | shape: (1024,)              |   0.00M
2026-08-17 15:15:26,491 [INFO] Trainable encoder.layers.9.norm2.bias                             | shape: (1024,)              |   0.00M
2026-08-17 15:15:26,491 [INFO] Trainable encoder.layers.10.ls1                                   | shape: (1024,)              |   0.00M
2026-08-17 15:15:26,492 [INFO] Trainable encoder.layers.10.ls2                                   | shape: (1024,)              |   0.00M
2026-08-17 15:15:26,492 [INFO] Trainable encoder.layers.10.attn.qkv.weight                       | shape: (3072, 1024)         |   3.15M
2026-08-17 15:15:26,492 [INFO] Trainable encoder.layers.10.attn.qkv.bias                         | shape: (3072,)              |   0.00M
2026-08-17 15:15:26,492 [INFO] Trainable encoder.layers.10.attn.proj.weight                      | shape: (1024, 1024)         |   1.05M
2026-08-17 15:15:26,493 [INFO] Trainable encoder.layers.10.attn.proj.bias                        | shape: (1024,)              |   0.00M
2026-08-17 15:15:26,493 [INFO] Trainable encoder.layers.10.mlp.fc1.weight                        | shape: (4096, 1024)         |   4.19M
2026-08-17 15:15:26,493 [INFO] Trainable encoder.layers.10.mlp.fc1.bias                          | shape: (4096,)              |   0.00M
2026-08-17 15:15:26,494 [INFO] Trainable encoder.layers.10.mlp.fc2.weight                        | shape: (1024, 4096)         |   4.19M
2026-08-17 15:15:26,494 [INFO] Trainable encoder.layers.10.mlp.fc2.bias                          | shape: (1024,)              |   0.00M
2026-08-17 15:15:26,494 [INFO] Trainable encoder.layers.10.norm1.weight                          | shape: (1024,)              |   0.00M
2026-08-17 15:15:26,494 [INFO] Trainable encoder.layers.10.norm1.bias                            | shape: (1024,)              |   0.00M
2026-08-17 15:15:26,495 [INFO] Trainable encoder.layers.10.norm2.weight                          | shape: (1024,)              |   0.00M
2026-08-17 15:15:26,495 [INFO] Trainable encoder.layers.10.norm2.bias                            | shape: (1024,)              |   0.00M
2026-08-17 15:15:26,495 [INFO] Trainable encoder.layers.11.ls1                                   | shape: (1024,)              |   0.00M
2026-08-17 15:15:26,495 [INFO] Trainable encoder.layers.11.ls2                                   | shape: (1024,)              |   0.00M
2026-08-17 15:15:26,496 [INFO] Trainable encoder.layers.11.attn.qkv.weight                       | shape: (3072, 1024)         |   3.15M
2026-08-17 15:15:26,496 [INFO] Trainable encoder.layers.11.attn.qkv.bias                         | shape: (3072,)              |   0.00M
2026-08-17 15:15:26,496 [INFO] Trainable encoder.layers.11.attn.proj.weight                      | shape: (1024, 1024)         |   1.05M
2026-08-17 15:15:26,497 [INFO] Trainable encoder.layers.11.attn.proj.bias                        | shape: (1024,)              |   0.00M
2026-08-17 15:15:26,497 [INFO] Trainable encoder.layers.11.mlp.fc1.weight                        | shape: (4096, 1024)         |   4.19M
2026-08-17 15:15:26,497 [INFO] Trainable encoder.layers.11.mlp.fc1.bias                          | shape: (4096,)              |   0.00M
2026-08-17 15:15:26,497 [INFO] Trainable encoder.layers.11.mlp.fc2.weight                        | shape: (1024, 4096)         |   4.19M
2026-08-17 15:15:26,498 [INFO] Trainable encoder.layers.11.mlp.fc2.bias                          | shape: (1024,)              |   0.00M
2026-08-17 15:15:26,498 [INFO] Trainable encoder.layers.11.norm1.weight                          | shape: (1024,)              |   0.00M
2026-08-17 15:15:26,498 [INFO] Trainable encoder.layers.11.norm1.bias                            | shape: (1024,)              |   0.00M
2026-08-17 15:15:26,498 [INFO] Trainable encoder.layers.11.norm2.weight                          | shape: (1024,)              |   0.00M
2026-08-17 15:15:26,499 [INFO] Trainable encoder.layers.11.norm2.bias                            | shape: (1024,)              |   0.00M
2026-08-17 15:15:26,499 [INFO] Trainable encoder.layers.12.ls1                                   | shape: (1024,)              |   0.00M
2026-08-17 15:15:26,499 [INFO] Trainable encoder.layers.12.ls2                                   | shape: (1024,)              |   0.00M
2026-08-17 15:15:26,500 [INFO] Trainable encoder.layers.12.attn.qkv.weight                       | shape: (3072, 1024)         |   3.15M
2026-08-17 15:15:26,500 [INFO] Trainable encoder.layers.12.attn.qkv.bias                         | shape: (3072,)              |   0.00M
2026-08-17 15:15:26,500 [INFO] Trainable encoder.layers.12.attn.proj.weight                      | shape: (1024, 1024)         |   1.05M
2026-08-17 15:15:26,500 [INFO] Trainable encoder.layers.12.attn.proj.bias                        | shape: (1024,)              |   0.00M
2026-08-17 15:15:26,501 [INFO] Trainable encoder.layers.12.mlp.fc1.weight                        | shape: (4096, 1024)         |   4.19M
2026-08-17 15:15:26,501 [INFO] Trainable encoder.layers.12.mlp.fc1.bias                          | shape: (4096,)              |   0.00M
2026-08-17 15:15:26,501 [INFO] Trainable encoder.layers.12.mlp.fc2.weight                        | shape: (1024, 4096)         |   4.19M
2026-08-17 15:15:26,501 [INFO] Trainable encoder.layers.12.mlp.fc2.bias                          | shape: (1024,)              |   0.00M
2026-08-17 15:15:26,502 [INFO] Trainable encoder.layers.12.norm1.weight                          | shape: (1024,)              |   0.00M
2026-08-17 15:15:26,502 [INFO] Trainable encoder.layers.12.norm1.bias                            | shape: (1024,)              |   0.00M
2026-08-17 15:15:26,502 [INFO] Trainable encoder.layers.12.norm2.weight                          | shape: (1024,)              |   0.00M
2026-08-17 15:15:26,502 [INFO] Trainable encoder.layers.12.norm2.bias                            | shape: (1024,)              |   0.00M
2026-08-17 15:15:26,503 [INFO] Trainable encoder.layers.13.ls1                                   | shape: (1024,)              |   0.00M
2026-08-17 15:15:26,503 [INFO] Trainable encoder.layers.13.ls2                                   | shape: (1024,)              |   0.00M
2026-08-17 15:15:26,503 [INFO] Trainable encoder.layers.13.attn.qkv.weight                       | shape: (3072, 1024)         |   3.15M
2026-08-17 15:15:26,504 [INFO] Trainable encoder.layers.13.attn.qkv.bias                         | shape: (3072,)              |   0.00M
2026-08-17 15:15:26,504 [INFO] Trainable encoder.layers.13.attn.proj.weight                      | shape: (1024, 1024)         |   1.05M
2026-08-17 15:15:26,504 [INFO] Trainable encoder.layers.13.attn.proj.bias                        | shape: (1024,)              |   0.00M
2026-08-17 15:15:26,505 [INFO] Trainable encoder.layers.13.mlp.fc1.weight                        | shape: (4096, 1024)         |   4.19M
2026-08-17 15:15:26,505 [INFO] Trainable encoder.layers.13.mlp.fc1.bias                          | shape: (4096,)              |   0.00M
2026-08-17 15:15:26,505 [INFO] Trainable encoder.layers.13.mlp.fc2.weight                        | shape: (1024, 4096)         |   4.19M
2026-08-17 15:15:26,505 [INFO] Trainable encoder.layers.13.mlp.fc2.bias                          | shape: (1024,)              |   0.00M
2026-08-17 15:15:26,506 [INFO] Trainable encoder.layers.13.norm1.weight                          | shape: (1024,)              |   0.00M
2026-08-17 15:15:26,506 [INFO] Trainable encoder.layers.13.norm1.bias                            | shape: (1024,)              |   0.00M
2026-08-17 15:15:26,506 [INFO] Trainable encoder.layers.13.norm2.weight                          | shape: (1024,)              |   0.00M
2026-08-17 15:15:26,507 [INFO] Trainable encoder.layers.13.norm2.bias                            | shape: (1024,)              |   0.00M
2026-08-17 15:15:26,507 [INFO] Trainable encoder.layers.14.ls1                                   | shape: (1024,)              |   0.00M
2026-08-17 15:15:26,507 [INFO] Trainable encoder.layers.14.ls2                                   | shape: (1024,)              |   0.00M
2026-08-17 15:15:26,507 [INFO] Trainable encoder.layers.14.attn.qkv.weight                       | shape: (3072, 1024)         |   3.15M
2026-08-17 15:15:26,508 [INFO] Trainable encoder.layers.14.attn.qkv.bias                         | shape: (3072,)              |   0.00M
2026-08-17 15:15:26,508 [INFO] Trainable encoder.layers.14.attn.proj.weight                      | shape: (1024, 1024)         |   1.05M
2026-08-17 15:15:26,508 [INFO] Trainable encoder.layers.14.attn.proj.bias                        | shape: (1024,)              |   0.00M
2026-08-17 15:15:26,509 [INFO] Trainable encoder.layers.14.mlp.fc1.weight                        | shape: (4096, 1024)         |   4.19M
2026-08-17 15:15:26,509 [INFO] Trainable encoder.layers.14.mlp.fc1.bias                          | shape: (4096,)              |   0.00M
2026-08-17 15:15:26,509 [INFO] Trainable encoder.layers.14.mlp.fc2.weight                        | shape: (1024, 4096)         |   4.19M
2026-08-17 15:15:26,510 [INFO] Trainable encoder.layers.14.mlp.fc2.bias                          | shape: (1024,)              |   0.00M
2026-08-17 15:15:26,510 [INFO] Trainable encoder.layers.14.norm1.weight                          | shape: (1024,)              |   0.00M
2026-08-17 15:15:26,510 [INFO] Trainable encoder.layers.14.norm1.bias                            | shape: (1024,)              |   0.00M
2026-08-17 15:15:26,510 [INFO] Trainable encoder.layers.14.norm2.weight                          | shape: (1024,)              |   0.00M
2026-08-17 15:15:26,511 [INFO] Trainable encoder.layers.14.norm2.bias                            | shape: (1024,)              |   0.00M
2026-08-17 15:15:26,511 [INFO] Trainable encoder.layers.15.ls1                                   | shape: (1024,)              |   0.00M
2026-08-17 15:15:26,511 [INFO] Trainable encoder.layers.15.ls2                                   | shape: (1024,)              |   0.00M
2026-08-17 15:15:26,511 [INFO] Trainable encoder.layers.15.attn.qkv.weight                       | shape: (3072, 1024)         |   3.15M
2026-08-17 15:15:26,512 [INFO] Trainable encoder.layers.15.attn.qkv.bias                         | shape: (3072,)              |   0.00M
2026-08-17 15:15:26,512 [INFO] Trainable encoder.layers.15.attn.proj.weight                      | shape: (1024, 1024)         |   1.05M
2026-08-17 15:15:26,512 [INFO] Trainable encoder.layers.15.attn.proj.bias                        | shape: (1024,)              |   0.00M
2026-08-17 15:15:26,512 [INFO] Trainable encoder.layers.15.mlp.fc1.weight                        | shape: (4096, 1024)         |   4.19M
2026-08-17 15:15:26,513 [INFO] Trainable encoder.layers.15.mlp.fc1.bias                          | shape: (4096,)              |   0.00M
2026-08-17 15:15:26,513 [INFO] Trainable encoder.layers.15.mlp.fc2.weight                        | shape: (1024, 4096)         |   4.19M
2026-08-17 15:15:26,513 [INFO] Trainable encoder.layers.15.mlp.fc2.bias                          | shape: (1024,)              |   0.00M
2026-08-17 15:15:26,514 [INFO] Trainable encoder.layers.15.norm1.weight                          | shape: (1024,)              |   0.00M
2026-08-17 15:15:26,514 [INFO] Trainable encoder.layers.15.norm1.bias                            | shape: (1024,)              |   0.00M
2026-08-17 15:15:26,514 [INFO] Trainable encoder.layers.15.norm2.weight                          | shape: (1024,)              |   0.00M
2026-08-17 15:15:26,514 [INFO] Trainable encoder.layers.15.norm2.bias                            | shape: (1024,)              |   0.00M
2026-08-17 15:15:26,514 [INFO] Trainable encoder.layers.16.ls1                                   | shape: (1024,)              |   0.00M
2026-08-17 15:15:26,514 [INFO] Trainable encoder.layers.16.ls2                                   | shape: (1024,)              |   0.00M
2026-08-17 15:15:26,515 [INFO] Trainable encoder.layers.16.attn.qkv.weight                       | shape: (3072, 1024)         |   3.15M
2026-08-17 15:15:26,515 [INFO] Trainable encoder.layers.16.attn.qkv.bias                         | shape: (3072,)              |   0.00M
2026-08-17 15:15:26,515 [INFO] Trainable encoder.layers.16.attn.proj.weight                      | shape: (1024, 1024)         |   1.05M
2026-08-17 15:15:26,515 [INFO] Trainable encoder.layers.16.attn.proj.bias                        | shape: (1024,)              |   0.00M
2026-08-17 15:15:26,515 [INFO] Trainable encoder.layers.16.mlp.fc1.weight                        | shape: (4096, 1024)         |   4.19M
2026-08-17 15:15:26,515 [INFO] Trainable encoder.layers.16.mlp.fc1.bias                          | shape: (4096,)              |   0.00M
2026-08-17 15:15:26,515 [INFO] Trainable encoder.layers.16.mlp.fc2.weight                        | shape: (1024, 4096)         |   4.19M
2026-08-17 15:15:26,515 [INFO] Trainable encoder.layers.16.mlp.fc2.bias                          | shape: (1024,)              |   0.00M
2026-08-17 15:15:26,515 [INFO] Trainable encoder.layers.16.norm1.weight                          | shape: (1024,)              |   0.00M
2026-08-17 15:15:26,515 [INFO] Trainable encoder.layers.16.norm1.bias                            | shape: (1024,)              |   0.00M
2026-08-17 15:15:26,515 [INFO] Trainable encoder.layers.16.norm2.weight                          | shape: (1024,)              |   0.00M
2026-08-17 15:15:26,516 [INFO] Trainable encoder.layers.16.norm2.bias                            | shape: (1024,)              |   0.00M
2026-08-17 15:15:26,516 [INFO] Trainable encoder.layers.17.ls1                                   | shape: (1024,)              |   0.00M
2026-08-17 15:15:26,516 [INFO] Trainable encoder.layers.17.ls2                                   | shape: (1024,)              |   0.00M
2026-08-17 15:15:26,516 [INFO] Trainable encoder.layers.17.attn.qkv.weight                       | shape: (3072, 1024)         |   3.15M
2026-08-17 15:15:26,517 [INFO] Trainable encoder.layers.17.attn.qkv.bias                         | shape: (3072,)              |   0.00M
2026-08-17 15:15:26,517 [INFO] Trainable encoder.layers.17.attn.proj.weight                      | shape: (1024, 1024)         |   1.05M
2026-08-17 15:15:26,517 [INFO] Trainable encoder.layers.17.attn.proj.bias                        | shape: (1024,)              |   0.00M
2026-08-17 15:15:26,517 [INFO] Trainable encoder.layers.17.mlp.fc1.weight                        | shape: (4096, 1024)         |   4.19M
2026-08-17 15:15:26,518 [INFO] Trainable encoder.layers.17.mlp.fc1.bias                          | shape: (4096,)              |   0.00M
2026-08-17 15:15:26,518 [INFO] Trainable encoder.layers.17.mlp.fc2.weight                        | shape: (1024, 4096)         |   4.19M
2026-08-17 15:15:26,518 [INFO] Trainable encoder.layers.17.mlp.fc2.bias                          | shape: (1024,)              |   0.00M
2026-08-17 15:15:26,519 [INFO] Trainable encoder.layers.17.norm1.weight                          | shape: (1024,)              |   0.00M
2026-08-17 15:15:26,519 [INFO] Trainable encoder.layers.17.norm1.bias                            | shape: (1024,)              |   0.00M
2026-08-17 15:15:26,519 [INFO] Trainable encoder.layers.17.norm2.weight                          | shape: (1024,)              |   0.00M
2026-08-17 15:15:26,519 [INFO] Trainable encoder.layers.17.norm2.bias                            | shape: (1024,)              |   0.00M
2026-08-17 15:15:26,520 [INFO] Trainable encoder.layers.18.ls1                                   | shape: (1024,)              |   0.00M
2026-08-17 15:15:26,520 [INFO] Trainable encoder.layers.18.ls2                                   | shape: (1024,)              |   0.00M
2026-08-17 15:15:26,520 [INFO] Trainable encoder.layers.18.attn.qkv.weight                       | shape: (3072, 1024)         |   3.15M
2026-08-17 15:15:26,521 [INFO] Trainable encoder.layers.18.attn.qkv.bias                         | shape: (3072,)              |   0.00M
2026-08-17 15:15:26,521 [INFO] Trainable encoder.layers.18.attn.proj.weight                      | shape: (1024, 1024)         |   1.05M
2026-08-17 15:15:26,521 [INFO] Trainable encoder.layers.18.attn.proj.bias                        | shape: (1024,)              |   0.00M
2026-08-17 15:15:26,522 [INFO] Trainable encoder.layers.18.mlp.fc1.weight                        | shape: (4096, 1024)         |   4.19M
2026-08-17 15:15:26,522 [INFO] Trainable encoder.layers.18.mlp.fc1.bias                          | shape: (4096,)              |   0.00M
2026-08-17 15:15:26,522 [INFO] Trainable encoder.layers.18.mlp.fc2.weight                        | shape: (1024, 4096)         |   4.19M
2026-08-17 15:15:26,523 [INFO] Trainable encoder.layers.18.mlp.fc2.bias                          | shape: (1024,)              |   0.00M
2026-08-17 15:15:26,523 [INFO] Trainable encoder.layers.18.norm1.weight                          | shape: (1024,)              |   0.00M
2026-08-17 15:15:26,523 [INFO] Trainable encoder.layers.18.norm1.bias                            | shape: (1024,)              |   0.00M
2026-08-17 15:15:26,524 [INFO] Trainable encoder.layers.18.norm2.weight                          | shape: (1024,)              |   0.00M
2026-08-17 15:15:26,524 [INFO] Trainable encoder.layers.18.norm2.bias                            | shape: (1024,)              |   0.00M
2026-08-17 15:15:26,524 [INFO] Trainable encoder.layers.19.ls1                                   | shape: (1024,)              |   0.00M
2026-08-17 15:15:26,525 [INFO] Trainable encoder.layers.19.ls2                                   | shape: (1024,)              |   0.00M
2026-08-17 15:15:26,525 [INFO] Trainable encoder.layers.19.attn.qkv.weight                       | shape: (3072, 1024)         |   3.15M
2026-08-17 15:15:26,525 [INFO] Trainable encoder.layers.19.attn.qkv.bias                         | shape: (3072,)              |   0.00M
2026-08-17 15:15:26,526 [INFO] Trainable encoder.layers.19.attn.proj.weight                      | shape: (1024, 1024)         |   1.05M
2026-08-17 15:15:26,526 [INFO] Trainable encoder.layers.19.attn.proj.bias                        | shape: (1024,)              |   0.00M
2026-08-17 15:15:26,526 [INFO] Trainable encoder.layers.19.mlp.fc1.weight                        | shape: (4096, 1024)         |   4.19M
2026-08-17 15:15:26,526 [INFO] Trainable encoder.layers.19.mlp.fc1.bias                          | shape: (4096,)              |   0.00M
2026-08-17 15:15:26,527 [INFO] Trainable encoder.layers.19.mlp.fc2.weight                        | shape: (1024, 4096)         |   4.19M
2026-08-17 15:15:26,527 [INFO] Trainable encoder.layers.19.mlp.fc2.bias                          | shape: (1024,)              |   0.00M
2026-08-17 15:15:26,527 [INFO] Trainable encoder.layers.19.norm1.weight                          | shape: (1024,)              |   0.00M
2026-08-17 15:15:26,528 [INFO] Trainable encoder.layers.19.norm1.bias                            | shape: (1024,)              |   0.00M
2026-08-17 15:15:26,528 [INFO] Trainable encoder.layers.19.norm2.weight                          | shape: (1024,)              |   0.00M
2026-08-17 15:15:26,528 [INFO] Trainable encoder.layers.19.norm2.bias                            | shape: (1024,)              |   0.00M
2026-08-17 15:15:26,528 [INFO] Trainable encoder.layers.20.ls1                                   | shape: (1024,)              |   0.00M
2026-08-17 15:15:26,529 [INFO] Trainable encoder.layers.20.ls2                                   | shape: (1024,)              |   0.00M
2026-08-17 15:15:26,529 [INFO] Trainable encoder.layers.20.attn.qkv.weight                       | shape: (3072, 1024)         |   3.15M
2026-08-17 15:15:26,529 [INFO] Trainable encoder.layers.20.attn.qkv.bias                         | shape: (3072,)              |   0.00M
2026-08-17 15:15:26,529 [INFO] Trainable encoder.layers.20.attn.proj.weight                      | shape: (1024, 1024)         |   1.05M
2026-08-17 15:15:26,530 [INFO] Trainable encoder.layers.20.attn.proj.bias                        | shape: (1024,)              |   0.00M
2026-08-17 15:15:26,530 [INFO] Trainable encoder.layers.20.mlp.fc1.weight                        | shape: (4096, 1024)         |   4.19M
2026-08-17 15:15:26,530 [INFO] Trainable encoder.layers.20.mlp.fc1.bias                          | shape: (4096,)              |   0.00M
2026-08-17 15:15:26,530 [INFO] Trainable encoder.layers.20.mlp.fc2.weight                        | shape: (1024, 4096)         |   4.19M
2026-08-17 15:15:26,531 [INFO] Trainable encoder.layers.20.mlp.fc2.bias                          | shape: (1024,)              |   0.00M
2026-08-17 15:15:26,531 [INFO] Trainable encoder.layers.20.norm1.weight                          | shape: (1024,)              |   0.00M
2026-08-17 15:15:26,531 [INFO] Trainable encoder.layers.20.norm1.bias                            | shape: (1024,)              |   0.00M
2026-08-17 15:15:26,531 [INFO] Trainable encoder.layers.20.norm2.weight                          | shape: (1024,)              |   0.00M
2026-08-17 15:15:26,532 [INFO] Trainable encoder.layers.20.norm2.bias                            | shape: (1024,)              |   0.00M
2026-08-17 15:15:26,532 [INFO] Trainable encoder.layers.21.ls1                                   | shape: (1024,)              |   0.00M
2026-08-17 15:15:26,532 [INFO] Trainable encoder.layers.21.ls2                                   | shape: (1024,)              |   0.00M
2026-08-17 15:15:26,533 [INFO] Trainable encoder.layers.21.attn.qkv.weight                       | shape: (3072, 1024)         |   3.15M
2026-08-17 15:15:26,533 [INFO] Trainable encoder.layers.21.attn.qkv.bias                         | shape: (3072,)              |   0.00M
2026-08-17 15:15:26,533 [INFO] Trainable encoder.layers.21.attn.proj.weight                      | shape: (1024, 1024)         |   1.05M
2026-08-17 15:15:26,533 [INFO] Trainable encoder.layers.21.attn.proj.bias                        | shape: (1024,)              |   0.00M
2026-08-17 15:15:26,534 [INFO] Trainable encoder.layers.21.mlp.fc1.weight                        | shape: (4096, 1024)         |   4.19M
2026-08-17 15:15:26,534 [INFO] Trainable encoder.layers.21.mlp.fc1.bias                          | shape: (4096,)              |   0.00M
2026-08-17 15:15:26,534 [INFO] Trainable encoder.layers.21.mlp.fc2.weight                        | shape: (1024, 4096)         |   4.19M
2026-08-17 15:15:26,534 [INFO] Trainable encoder.layers.21.mlp.fc2.bias                          | shape: (1024,)              |   0.00M
2026-08-17 15:15:26,535 [INFO] Trainable encoder.layers.21.norm1.weight                          | shape: (1024,)              |   0.00M
2026-08-17 15:15:26,535 [INFO] Trainable encoder.layers.21.norm1.bias                            | shape: (1024,)              |   0.00M
2026-08-17 15:15:26,535 [INFO] Trainable encoder.layers.21.norm2.weight                          | shape: (1024,)              |   0.00M
2026-08-17 15:15:26,536 [INFO] Trainable encoder.layers.21.norm2.bias                            | shape: (1024,)              |   0.00M
2026-08-17 15:15:26,536 [INFO] Trainable encoder.layers.22.ls1                                   | shape: (1024,)              |   0.00M
2026-08-17 15:15:26,536 [INFO] Trainable encoder.layers.22.ls2                                   | shape: (1024,)              |   0.00M
2026-08-17 15:15:26,536 [INFO] Trainable encoder.layers.22.attn.qkv.weight                       | shape: (3072, 1024)         |   3.15M
2026-08-17 15:15:26,536 [INFO] Trainable encoder.layers.22.attn.qkv.bias                         | shape: (3072,)              |   0.00M
2026-08-17 15:15:26,537 [INFO] Trainable encoder.layers.22.attn.proj.weight                      | shape: (1024, 1024)         |   1.05M
2026-08-17 15:15:26,537 [INFO] Trainable encoder.layers.22.attn.proj.bias                        | shape: (1024,)              |   0.00M
2026-08-17 15:15:26,537 [INFO] Trainable encoder.layers.22.mlp.fc1.weight                        | shape: (4096, 1024)         |   4.19M
2026-08-17 15:15:26,537 [INFO] Trainable encoder.layers.22.mlp.fc1.bias                          | shape: (4096,)              |   0.00M
2026-08-17 15:15:26,538 [INFO] Trainable encoder.layers.22.mlp.fc2.weight                        | shape: (1024, 4096)         |   4.19M
2026-08-17 15:15:26,538 [INFO] Trainable encoder.layers.22.mlp.fc2.bias                          | shape: (1024,)              |   0.00M
2026-08-17 15:15:26,538 [INFO] Trainable encoder.layers.22.norm1.weight                          | shape: (1024,)              |   0.00M
2026-08-17 15:15:26,538 [INFO] Trainable encoder.layers.22.norm1.bias                            | shape: (1024,)              |   0.00M
2026-08-17 15:15:26,539 [INFO] Trainable encoder.layers.22.norm2.weight                          | shape: (1024,)              |   0.00M
2026-08-17 15:15:26,539 [INFO] Trainable encoder.layers.22.norm2.bias                            | shape: (1024,)              |   0.00M
2026-08-17 15:15:26,539 [INFO] Trainable encoder.layers.23.ls1                                   | shape: (1024,)              |   0.00M
2026-08-17 15:15:26,539 [INFO] Trainable encoder.layers.23.ls2                                   | shape: (1024,)              |   0.00M
2026-08-17 15:15:26,540 [INFO] Trainable encoder.layers.23.attn.qkv.weight                       | shape: (3072, 1024)         |   3.15M
2026-08-17 15:15:26,540 [INFO] Trainable encoder.layers.23.attn.qkv.bias                         | shape: (3072,)              |   0.00M
2026-08-17 15:15:26,540 [INFO] Trainable encoder.layers.23.attn.proj.weight                      | shape: (1024, 1024)         |   1.05M
2026-08-17 15:15:26,541 [INFO] Trainable encoder.layers.23.attn.proj.bias                        | shape: (1024,)              |   0.00M
2026-08-17 15:15:26,541 [INFO] Trainable encoder.layers.23.mlp.fc1.weight                        | shape: (4096, 1024)         |   4.19M
2026-08-17 15:15:26,541 [INFO] Trainable encoder.layers.23.mlp.fc1.bias                          | shape: (4096,)              |   0.00M
2026-08-17 15:15:26,542 [INFO] Trainable encoder.layers.23.mlp.fc2.weight                        | shape: (1024, 4096)         |   4.19M
2026-08-17 15:15:26,542 [INFO] Trainable encoder.layers.23.mlp.fc2.bias                          | shape: (1024,)              |   0.00M
2026-08-17 15:15:26,542 [INFO] Trainable encoder.layers.23.norm1.weight                          | shape: (1024,)              |   0.00M
2026-08-17 15:15:26,542 [INFO] Trainable encoder.layers.23.norm1.bias                            | shape: (1024,)              |   0.00M
2026-08-17 15:15:26,542 [INFO] Trainable encoder.layers.23.norm2.weight                          | shape: (1024,)              |   0.00M
2026-08-17 15:15:26,543 [INFO] Trainable encoder.layers.23.norm2.bias                            | shape: (1024,)              |   0.00M
2026-08-17 15:15:26,543 [INFO] ----------------------------------------------------------------------
2026-08-17 15:15:26,543 [INFO] Total     : 304.01M
2026-08-17 15:15:26,544 [INFO] Trainable : 304.01M
2026-08-17 15:15:26,544 [INFO] Frozen    : 0.00M
2026-08-17 15:15:26,544 [INFO] 
 Module: language_model
2026-08-17 15:15:26,545 [INFO] ----------------------------------------------------------------------
2026-08-17 15:15:26,545 [INFO] Trainable model.embed_tokens.weight                               | shape: (151674, 896)        | 135.90M
2026-08-17 15:15:26,545 [INFO] Trainable model.layers.0.self_attn.q_proj.weight                  | shape: (896, 896)           |   0.80M
2026-08-17 15:15:26,545 [INFO] Trainable model.layers.0.self_attn.q_proj.bias                    | shape: (896,)               |   0.00M
2026-08-17 15:15:26,546 [INFO] Trainable model.layers.0.self_attn.k_proj.weight                  | shape: (128, 896)           |   0.11M
2026-08-17 15:15:26,546 [INFO] Trainable model.layers.0.self_attn.k_proj.bias                    | shape: (128,)               |   0.00M
2026-08-17 15:15:26,546 [INFO] Trainable model.layers.0.self_attn.v_proj.weight                  | shape: (128, 896)           |   0.11M
2026-08-17 15:15:26,546 [INFO] Trainable model.layers.0.self_attn.v_proj.bias                    | shape: (128,)               |   0.00M
2026-08-17 15:15:26,547 [INFO] Trainable model.layers.0.self_attn.o_proj.weight                  | shape: (896, 896)           |   0.80M
2026-08-17 15:15:26,547 [INFO] Trainable model.layers.0.mlp.gate_proj.weight                     | shape: (4864, 896)          |   4.36M
2026-08-17 15:15:26,547 [INFO] Trainable model.layers.0.mlp.up_proj.weight                       | shape: (4864, 896)          |   4.36M
2026-08-17 15:15:26,547 [INFO] Trainable model.layers.0.mlp.down_proj.weight                     | shape: (896, 4864)          |   4.36M
2026-08-17 15:15:26,548 [INFO] Trainable model.layers.0.input_layernorm.weight                   | shape: (896,)               |   0.00M
2026-08-17 15:15:26,548 [INFO] Trainable model.layers.0.post_attention_layernorm.weight          | shape: (896,)               |   0.00M
2026-08-17 15:15:26,549 [INFO] Trainable model.layers.1.self_attn.q_proj.weight                  | shape: (896, 896)           |   0.80M
2026-08-17 15:15:26,549 [INFO] Trainable model.layers.1.self_attn.q_proj.bias                    | shape: (896,)               |   0.00M
2026-08-17 15:15:26,549 [INFO] Trainable model.layers.1.self_attn.k_proj.weight                  | shape: (128, 896)           |   0.11M
2026-08-17 15:15:26,549 [INFO] Trainable model.layers.1.self_attn.k_proj.bias                    | shape: (128,)               |   0.00M
2026-08-17 15:15:26,550 [INFO] Trainable model.layers.1.self_attn.v_proj.weight                  | shape: (128, 896)           |   0.11M
2026-08-17 15:15:26,550 [INFO] Trainable model.layers.1.self_attn.v_proj.bias                    | shape: (128,)               |   0.00M
2026-08-17 15:15:26,550 [INFO] Trainable model.layers.1.self_attn.o_proj.weight                  | shape: (896, 896)           |   0.80M
2026-08-17 15:15:26,550 [INFO] Trainable model.layers.1.mlp.gate_proj.weight                     | shape: (4864, 896)          |   4.36M
2026-08-17 15:15:26,550 [INFO] Trainable model.layers.1.mlp.up_proj.weight                       | shape: (4864, 896)          |   4.36M
2026-08-17 15:15:26,550 [INFO] Trainable model.layers.1.mlp.down_proj.weight                     | shape: (896, 4864)          |   4.36M
2026-08-17 15:15:26,551 [INFO] Trainable model.layers.1.input_layernorm.weight                   | shape: (896,)               |   0.00M
2026-08-17 15:15:26,551 [INFO] Trainable model.layers.1.post_attention_layernorm.weight          | shape: (896,)               |   0.00M
2026-08-17 15:15:26,551 [INFO] Trainable model.layers.2.self_attn.q_proj.weight                  | shape: (896, 896)           |   0.80M
2026-08-17 15:15:26,552 [INFO] Trainable model.layers.2.self_attn.q_proj.bias                    | shape: (896,)               |   0.00M
2026-08-17 15:15:26,552 [INFO] Trainable model.layers.2.self_attn.k_proj.weight                  | shape: (128, 896)           |   0.11M
2026-08-17 15:15:26,552 [INFO] Trainable model.layers.2.self_attn.k_proj.bias                    | shape: (128,)               |   0.00M
2026-08-17 15:15:26,552 [INFO] Trainable model.layers.2.self_attn.v_proj.weight                  | shape: (128, 896)           |   0.11M
2026-08-17 15:15:26,553 [INFO] Trainable model.layers.2.self_attn.v_proj.bias                    | shape: (128,)               |   0.00M
2026-08-17 15:15:26,553 [INFO] Trainable model.layers.2.self_attn.o_proj.weight                  | shape: (896, 896)           |   0.80M
2026-08-17 15:15:26,553 [INFO] Trainable model.layers.2.mlp.gate_proj.weight                     | shape: (4864, 896)          |   4.36M
2026-08-17 15:15:26,553 [INFO] Trainable model.layers.2.mlp.up_proj.weight                       | shape: (4864, 896)          |   4.36M
2026-08-17 15:15:26,554 [INFO] Trainable model.layers.2.mlp.down_proj.weight                     | shape: (896, 4864)          |   4.36M
2026-08-17 15:15:26,554 [INFO] Trainable model.layers.2.input_layernorm.weight                   | shape: (896,)               |   0.00M
2026-08-17 15:15:26,554 [INFO] Trainable model.layers.2.post_attention_layernorm.weight          | shape: (896,)               |   0.00M
2026-08-17 15:15:26,555 [INFO] Trainable model.layers.3.self_attn.q_proj.weight                  | shape: (896, 896)           |   0.80M
2026-08-17 15:15:26,555 [INFO] Trainable model.layers.3.self_attn.q_proj.bias                    | shape: (896,)               |   0.00M
2026-08-17 15:15:26,555 [INFO] Trainable model.layers.3.self_attn.k_proj.weight                  | shape: (128, 896)           |   0.11M
2026-08-17 15:15:26,555 [INFO] Trainable model.layers.3.self_attn.k_proj.bias                    | shape: (128,)               |   0.00M
2026-08-17 15:15:26,555 [INFO] Trainable model.layers.3.self_attn.v_proj.weight                  | shape: (128, 896)           |   0.11M
2026-08-17 15:15:26,555 [INFO] Trainable model.layers.3.self_attn.v_proj.bias                    | shape: (128,)               |   0.00M
2026-08-17 15:15:26,556 [INFO] Trainable model.layers.3.self_attn.o_proj.weight                  | shape: (896, 896)           |   0.80M
2026-08-17 15:15:26,556 [INFO] Trainable model.layers.3.mlp.gate_proj.weight                     | shape: (4864, 896)          |   4.36M
2026-08-17 15:15:26,556 [INFO] Trainable model.layers.3.mlp.up_proj.weight                       | shape: (4864, 896)          |   4.36M
2026-08-17 15:15:26,557 [INFO] Trainable model.layers.3.mlp.down_proj.weight                     | shape: (896, 4864)          |   4.36M
2026-08-17 15:15:26,557 [INFO] Trainable model.layers.3.input_layernorm.weight                   | shape: (896,)               |   0.00M
2026-08-17 15:15:26,557 [INFO] Trainable model.layers.3.post_attention_layernorm.weight          | shape: (896,)               |   0.00M
2026-08-17 15:15:26,557 [INFO] Trainable model.layers.4.self_attn.q_proj.weight                  | shape: (896, 896)           |   0.80M
2026-08-17 15:15:26,558 [INFO] Trainable model.layers.4.self_attn.q_proj.bias                    | shape: (896,)               |   0.00M
2026-08-17 15:15:26,558 [INFO] Trainable model.layers.4.self_attn.k_proj.weight                  | shape: (128, 896)           |   0.11M
2026-08-17 15:15:26,558 [INFO] Trainable model.layers.4.self_attn.k_proj.bias                    | shape: (128,)               |   0.00M
2026-08-17 15:15:26,559 [INFO] Trainable model.layers.4.self_attn.v_proj.weight                  | shape: (128, 896)           |   0.11M
2026-08-17 15:15:26,559 [INFO] Trainable model.layers.4.self_attn.v_proj.bias                    | shape: (128,)               |   0.00M
2026-08-17 15:15:26,559 [INFO] Trainable model.layers.4.self_attn.o_proj.weight                  | shape: (896, 896)           |   0.80M
2026-08-17 15:15:26,560 [INFO] Trainable model.layers.4.mlp.gate_proj.weight                     | shape: (4864, 896)          |   4.36M
2026-08-17 15:15:26,560 [INFO] Trainable model.layers.4.mlp.up_proj.weight                       | shape: (4864, 896)          |   4.36M
2026-08-17 15:15:26,560 [INFO] Trainable model.layers.4.mlp.down_proj.weight                     | shape: (896, 4864)          |   4.36M
2026-08-17 15:15:26,560 [INFO] Trainable model.layers.4.input_layernorm.weight                   | shape: (896,)               |   0.00M
2026-08-17 15:15:26,561 [INFO] Trainable model.layers.4.post_attention_layernorm.weight          | shape: (896,)               |   0.00M
2026-08-17 15:15:26,561 [INFO] Trainable model.layers.5.self_attn.q_proj.weight                  | shape: (896, 896)           |   0.80M
2026-08-17 15:15:26,561 [INFO] Trainable model.layers.5.self_attn.q_proj.bias                    | shape: (896,)               |   0.00M
2026-08-17 15:15:26,562 [INFO] Trainable model.layers.5.self_attn.k_proj.weight                  | shape: (128, 896)           |   0.11M
2026-08-17 15:15:26,562 [INFO] Trainable model.layers.5.self_attn.k_proj.bias                    | shape: (128,)               |   0.00M
2026-08-17 15:15:26,562 [INFO] Trainable model.layers.5.self_attn.v_proj.weight                  | shape: (128, 896)           |   0.11M
2026-08-17 15:15:26,563 [INFO] Trainable model.layers.5.self_attn.v_proj.bias                    | shape: (128,)               |   0.00M
2026-08-17 15:15:26,563 [INFO] Trainable model.layers.5.self_attn.o_proj.weight                  | shape: (896, 896)           |   0.80M
2026-08-17 15:15:26,563 [INFO] Trainable model.layers.5.mlp.gate_proj.weight                     | shape: (4864, 896)          |   4.36M
2026-08-17 15:15:26,563 [INFO] Trainable model.layers.5.mlp.up_proj.weight                       | shape: (4864, 896)          |   4.36M
2026-08-17 15:15:26,564 [INFO] Trainable model.layers.5.mlp.down_proj.weight                     | shape: (896, 4864)          |   4.36M
2026-08-17 15:15:26,564 [INFO] Trainable model.layers.5.input_layernorm.weight                   | shape: (896,)               |   0.00M
2026-08-17 15:15:26,564 [INFO] Trainable model.layers.5.post_attention_layernorm.weight          | shape: (896,)               |   0.00M
2026-08-17 15:15:26,564 [INFO] Trainable model.layers.6.self_attn.q_proj.weight                  | shape: (896, 896)           |   0.80M
2026-08-17 15:15:26,565 [INFO] Trainable model.layers.6.self_attn.q_proj.bias                    | shape: (896,)               |   0.00M
2026-08-17 15:15:26,565 [INFO] Trainable model.layers.6.self_attn.k_proj.weight                  | shape: (128, 896)           |   0.11M
2026-08-17 15:15:26,565 [INFO] Trainable model.layers.6.self_attn.k_proj.bias                    | shape: (128,)               |   0.00M
2026-08-17 15:15:26,565 [INFO] Trainable model.layers.6.self_attn.v_proj.weight                  | shape: (128, 896)           |   0.11M
2026-08-17 15:15:26,566 [INFO] Trainable model.layers.6.self_attn.v_proj.bias                    | shape: (128,)               |   0.00M
2026-08-17 15:15:26,566 [INFO] Trainable model.layers.6.self_attn.o_proj.weight                  | shape: (896, 896)           |   0.80M
2026-08-17 15:15:26,566 [INFO] Trainable model.layers.6.mlp.gate_proj.weight                     | shape: (4864, 896)          |   4.36M
2026-08-17 15:15:26,567 [INFO] Trainable model.layers.6.mlp.up_proj.weight                       | shape: (4864, 896)          |   4.36M
2026-08-17 15:15:26,567 [INFO] Trainable model.layers.6.mlp.down_proj.weight                     | shape: (896, 4864)          |   4.36M
2026-08-17 15:15:26,567 [INFO] Trainable model.layers.6.input_layernorm.weight                   | shape: (896,)               |   0.00M
2026-08-17 15:15:26,567 [INFO] Trainable model.layers.6.post_attention_layernorm.weight          | shape: (896,)               |   0.00M
2026-08-17 15:15:26,567 [INFO] Trainable model.layers.7.self_attn.q_proj.weight                  | shape: (896, 896)           |   0.80M
2026-08-17 15:15:26,568 [INFO] Trainable model.layers.7.self_attn.q_proj.bias                    | shape: (896,)               |   0.00M
2026-08-17 15:15:26,568 [INFO] Trainable model.layers.7.self_attn.k_proj.weight                  | shape: (128, 896)           |   0.11M
2026-08-17 15:15:26,568 [INFO] Trainable model.layers.7.self_attn.k_proj.bias                    | shape: (128,)               |   0.00M
2026-08-17 15:15:26,568 [INFO] Trainable model.layers.7.self_attn.v_proj.weight                  | shape: (128, 896)           |   0.11M
2026-08-17 15:15:26,569 [INFO] Trainable model.layers.7.self_attn.v_proj.bias                    | shape: (128,)               |   0.00M
2026-08-17 15:15:26,569 [INFO] Trainable model.layers.7.self_attn.o_proj.weight                  | shape: (896, 896)           |   0.80M
2026-08-17 15:15:26,569 [INFO] Trainable model.layers.7.mlp.gate_proj.weight                     | shape: (4864, 896)          |   4.36M
2026-08-17 15:15:26,569 [INFO] Trainable model.layers.7.mlp.up_proj.weight                       | shape: (4864, 896)          |   4.36M
2026-08-17 15:15:26,569 [INFO] Trainable model.layers.7.mlp.down_proj.weight                     | shape: (896, 4864)          |   4.36M
2026-08-17 15:15:26,570 [INFO] Trainable model.layers.7.input_layernorm.weight                   | shape: (896,)               |   0.00M
2026-08-17 15:15:26,570 [INFO] Trainable model.layers.7.post_attention_layernorm.weight          | shape: (896,)               |   0.00M
2026-08-17 15:15:26,570 [INFO] Trainable model.layers.8.self_attn.q_proj.weight                  | shape: (896, 896)           |   0.80M
2026-08-17 15:15:26,571 [INFO] Trainable model.layers.8.self_attn.q_proj.bias                    | shape: (896,)               |   0.00M
2026-08-17 15:15:26,571 [INFO] Trainable model.layers.8.self_attn.k_proj.weight                  | shape: (128, 896)           |   0.11M
2026-08-17 15:15:26,571 [INFO] Trainable model.layers.8.self_attn.k_proj.bias                    | shape: (128,)               |   0.00M
2026-08-17 15:15:26,571 [INFO] Trainable model.layers.8.self_attn.v_proj.weight                  | shape: (128, 896)           |   0.11M
2026-08-17 15:15:26,572 [INFO] Trainable model.layers.8.self_attn.v_proj.bias                    | shape: (128,)               |   0.00M
2026-08-17 15:15:26,572 [INFO] Trainable model.layers.8.self_attn.o_proj.weight                  | shape: (896, 896)           |   0.80M
2026-08-17 15:15:26,572 [INFO] Trainable model.layers.8.mlp.gate_proj.weight                     | shape: (4864, 896)          |   4.36M
2026-08-17 15:15:26,573 [INFO] Trainable model.layers.8.mlp.up_proj.weight                       | shape: (4864, 896)          |   4.36M
2026-08-17 15:15:26,573 [INFO] Trainable model.layers.8.mlp.down_proj.weight                     | shape: (896, 4864)          |   4.36M
2026-08-17 15:15:26,573 [INFO] Trainable model.layers.8.input_layernorm.weight                   | shape: (896,)               |   0.00M
2026-08-17 15:15:26,574 [INFO] Trainable model.layers.8.post_attention_layernorm.weight          | shape: (896,)               |   0.00M
2026-08-17 15:15:26,574 [INFO] Trainable model.layers.9.self_attn.q_proj.weight                  | shape: (896, 896)           |   0.80M
2026-08-17 15:15:26,574 [INFO] Trainable model.layers.9.self_attn.q_proj.bias                    | shape: (896,)               |   0.00M
2026-08-17 15:15:26,574 [INFO] Trainable model.layers.9.self_attn.k_proj.weight                  | shape: (128, 896)           |   0.11M
2026-08-17 15:15:26,575 [INFO] Trainable model.layers.9.self_attn.k_proj.bias                    | shape: (128,)               |   0.00M
2026-08-17 15:15:26,575 [INFO] Trainable model.layers.9.self_attn.v_proj.weight                  | shape: (128, 896)           |   0.11M
2026-08-17 15:15:26,575 [INFO] Trainable model.layers.9.self_attn.v_proj.bias                    | shape: (128,)               |   0.00M
2026-08-17 15:15:26,575 [INFO] Trainable model.layers.9.self_attn.o_proj.weight                  | shape: (896, 896)           |   0.80M
2026-08-17 15:15:26,575 [INFO] Trainable model.layers.9.mlp.gate_proj.weight                     | shape: (4864, 896)          |   4.36M
2026-08-17 15:15:26,576 [INFO] Trainable model.layers.9.mlp.up_proj.weight                       | shape: (4864, 896)          |   4.36M
2026-08-17 15:15:26,576 [INFO] Trainable model.layers.9.mlp.down_proj.weight                     | shape: (896, 4864)          |   4.36M
2026-08-17 15:15:26,576 [INFO] Trainable model.layers.9.input_layernorm.weight                   | shape: (896,)               |   0.00M
2026-08-17 15:15:26,576 [INFO] Trainable model.layers.9.post_attention_layernorm.weight          | shape: (896,)               |   0.00M
2026-08-17 15:15:26,577 [INFO] Trainable model.layers.10.self_attn.q_proj.weight                 | shape: (896, 896)           |   0.80M
2026-08-17 15:15:26,577 [INFO] Trainable model.layers.10.self_attn.q_proj.bias                   | shape: (896,)               |   0.00M
2026-08-17 15:15:26,578 [INFO] Trainable model.layers.10.self_attn.k_proj.weight                 | shape: (128, 896)           |   0.11M
2026-08-17 15:15:26,578 [INFO] Trainable model.layers.10.self_attn.k_proj.bias                   | shape: (128,)               |   0.00M
2026-08-17 15:15:26,578 [INFO] Trainable model.layers.10.self_attn.v_proj.weight                 | shape: (128, 896)           |   0.11M
2026-08-17 15:15:26,578 [INFO] Trainable model.layers.10.self_attn.v_proj.bias                   | shape: (128,)               |   0.00M
2026-08-17 15:15:26,579 [INFO] Trainable model.layers.10.self_attn.o_proj.weight                 | shape: (896, 896)           |   0.80M
2026-08-17 15:15:26,579 [INFO] Trainable model.layers.10.mlp.gate_proj.weight                    | shape: (4864, 896)          |   4.36M
2026-08-17 15:15:26,579 [INFO] Trainable model.layers.10.mlp.up_proj.weight                      | shape: (4864, 896)          |   4.36M
2026-08-17 15:15:26,579 [INFO] Trainable model.layers.10.mlp.down_proj.weight                    | shape: (896, 4864)          |   4.36M
2026-08-17 15:15:26,580 [INFO] Trainable model.layers.10.input_layernorm.weight                  | shape: (896,)               |   0.00M
2026-08-17 15:15:26,580 [INFO] Trainable model.layers.10.post_attention_layernorm.weight         | shape: (896,)               |   0.00M
2026-08-17 15:15:26,580 [INFO] Trainable model.layers.11.self_attn.q_proj.weight                 | shape: (896, 896)           |   0.80M
2026-08-17 15:15:26,580 [INFO] Trainable model.layers.11.self_attn.q_proj.bias                   | shape: (896,)               |   0.00M
2026-08-17 15:15:26,581 [INFO] Trainable model.layers.11.self_attn.k_proj.weight                 | shape: (128, 896)           |   0.11M
2026-08-17 15:15:26,581 [INFO] Trainable model.layers.11.self_attn.k_proj.bias                   | shape: (128,)               |   0.00M
2026-08-17 15:15:26,582 [INFO] Trainable model.layers.11.self_attn.v_proj.weight                 | shape: (128, 896)           |   0.11M
2026-08-17 15:15:26,582 [INFO] Trainable model.layers.11.self_attn.v_proj.bias                   | shape: (128,)               |   0.00M
2026-08-17 15:15:26,582 [INFO] Trainable model.layers.11.self_attn.o_proj.weight                 | shape: (896, 896)           |   0.80M
2026-08-17 15:15:26,583 [INFO] Trainable model.layers.11.mlp.gate_proj.weight                    | shape: (4864, 896)          |   4.36M
2026-08-17 15:15:26,583 [INFO] Trainable model.layers.11.mlp.up_proj.weight                      | shape: (4864, 896)          |   4.36M
2026-08-17 15:15:26,583 [INFO] Trainable model.layers.11.mlp.down_proj.weight                    | shape: (896, 4864)          |   4.36M
2026-08-17 15:15:26,583 [INFO] Trainable model.layers.11.input_layernorm.weight                  | shape: (896,)               |   0.00M
2026-08-17 15:15:26,584 [INFO] Trainable model.layers.11.post_attention_layernorm.weight         | shape: (896,)               |   0.00M
2026-08-17 15:15:26,584 [INFO] Trainable model.layers.12.self_attn.q_proj.weight                 | shape: (896, 896)           |   0.80M
2026-08-17 15:15:26,584 [INFO] Trainable model.layers.12.self_attn.q_proj.bias                   | shape: (896,)               |   0.00M
2026-08-17 15:15:26,584 [INFO] Trainable model.layers.12.self_attn.k_proj.weight                 | shape: (128, 896)           |   0.11M
2026-08-17 15:15:26,585 [INFO] Trainable model.layers.12.self_attn.k_proj.bias                   | shape: (128,)               |   0.00M
2026-08-17 15:15:26,585 [INFO] Trainable model.layers.12.self_attn.v_proj.weight                 | shape: (128, 896)           |   0.11M
2026-08-17 15:15:26,585 [INFO] Trainable model.layers.12.self_attn.v_proj.bias                   | shape: (128,)               |   0.00M
2026-08-17 15:15:26,585 [INFO] Trainable model.layers.12.self_attn.o_proj.weight                 | shape: (896, 896)           |   0.80M
2026-08-17 15:15:26,586 [INFO] Trainable model.layers.12.mlp.gate_proj.weight                    | shape: (4864, 896)          |   4.36M
2026-08-17 15:15:26,586 [INFO] Trainable model.layers.12.mlp.up_proj.weight                      | shape: (4864, 896)          |   4.36M
2026-08-17 15:15:26,586 [INFO] Trainable model.layers.12.mlp.down_proj.weight                    | shape: (896, 4864)          |   4.36M
2026-08-17 15:15:26,586 [INFO] Trainable model.layers.12.input_layernorm.weight                  | shape: (896,)               |   0.00M
2026-08-17 15:15:26,587 [INFO] Trainable model.layers.12.post_attention_layernorm.weight         | shape: (896,)               |   0.00M
2026-08-17 15:15:26,587 [INFO] Trainable model.layers.13.self_attn.q_proj.weight                 | shape: (896, 896)           |   0.80M
2026-08-17 15:15:26,587 [INFO] Trainable model.layers.13.self_attn.q_proj.bias                   | shape: (896,)               |   0.00M
2026-08-17 15:15:26,588 [INFO] Trainable model.layers.13.self_attn.k_proj.weight                 | shape: (128, 896)           |   0.11M
2026-08-17 15:15:26,588 [INFO] Trainable model.layers.13.self_attn.k_proj.bias                   | shape: (128,)               |   0.00M
2026-08-17 15:15:26,588 [INFO] Trainable model.layers.13.self_attn.v_proj.weight                 | shape: (128, 896)           |   0.11M
2026-08-17 15:15:26,588 [INFO] Trainable model.layers.13.self_attn.v_proj.bias                   | shape: (128,)               |   0.00M
2026-08-17 15:15:26,589 [INFO] Trainable model.layers.13.self_attn.o_proj.weight                 | shape: (896, 896)           |   0.80M
2026-08-17 15:15:26,589 [INFO] Trainable model.layers.13.mlp.gate_proj.weight                    | shape: (4864, 896)          |   4.36M
2026-08-17 15:15:26,589 [INFO] Trainable model.layers.13.mlp.up_proj.weight                      | shape: (4864, 896)          |   4.36M
2026-08-17 15:15:26,589 [INFO] Trainable model.layers.13.mlp.down_proj.weight                    | shape: (896, 4864)          |   4.36M
2026-08-17 15:15:26,590 [INFO] Trainable model.layers.13.input_layernorm.weight                  | shape: (896,)               |   0.00M
2026-08-17 15:15:26,590 [INFO] Trainable model.layers.13.post_attention_layernorm.weight         | shape: (896,)               |   0.00M
2026-08-17 15:15:26,590 [INFO] Trainable model.norm.weight                                       | shape: (896,)               |   0.00M
2026-08-17 15:15:26,591 [INFO] ----------------------------------------------------------------------
2026-08-17 15:15:26,592 [INFO] Total     : 344.67M
2026-08-17 15:15:26,592 [INFO] Trainable : 344.67M
2026-08-17 15:15:26,592 [INFO] Frozen    : 0.00M
2026-08-17 15:15:26,592 [INFO] 
 Module: action_head
2026-08-17 15:15:26,592 [INFO] ----------------------------------------------------------------------
2026-08-17 15:15:26,592 [INFO] Trainable transformer_blocks.0.attn.in_proj_weight                | shape: (2688, 896)          |   2.41M
2026-08-17 15:15:26,593 [INFO] Trainable transformer_blocks.0.attn.in_proj_bias                  | shape: (2688,)              |   0.00M
2026-08-17 15:15:26,593 [INFO] Trainable transformer_blocks.0.attn.out_proj.weight               | shape: (896, 896)           |   0.80M
2026-08-17 15:15:26,593 [INFO] Trainable transformer_blocks.0.attn.out_proj.bias                 | shape: (896,)               |   0.00M
2026-08-17 15:15:26,594 [INFO] Trainable transformer_blocks.0.norm1.weight                       | shape: (896,)               |   0.00M
2026-08-17 15:15:26,594 [INFO] Trainable transformer_blocks.0.norm1.bias                         | shape: (896,)               |   0.00M
2026-08-17 15:15:26,594 [INFO] Trainable transformer_blocks.0.norm2.weight                       | shape: (896,)               |   0.00M
2026-08-17 15:15:26,594 [INFO] Trainable transformer_blocks.0.norm2.bias                         | shape: (896,)               |   0.00M
2026-08-17 15:15:26,595 [INFO] Trainable transformer_blocks.0.ff.0.weight                        | shape: (3584, 896)          |   3.21M
2026-08-17 15:15:26,595 [INFO] Trainable transformer_blocks.0.ff.0.bias                          | shape: (3584,)              |   0.00M
2026-08-17 15:15:26,595 [INFO] Trainable transformer_blocks.0.ff.2.weight                        | shape: (896, 3584)          |   3.21M
2026-08-17 15:15:26,596 [INFO] Trainable transformer_blocks.0.ff.2.bias                          | shape: (896,)               |   0.00M
2026-08-17 15:15:26,596 [INFO] Trainable transformer_blocks.1.attn.in_proj_weight                | shape: (2688, 896)          |   2.41M
2026-08-17 15:15:26,596 [INFO] Trainable transformer_blocks.1.attn.in_proj_bias                  | shape: (2688,)              |   0.00M
2026-08-17 15:15:26,596 [INFO] Trainable transformer_blocks.1.attn.out_proj.weight               | shape: (896, 896)           |   0.80M
2026-08-17 15:15:26,597 [INFO] Trainable transformer_blocks.1.attn.out_proj.bias                 | shape: (896,)               |   0.00M
2026-08-17 15:15:26,597 [INFO] Trainable transformer_blocks.1.norm1.weight                       | shape: (896,)               |   0.00M
2026-08-17 15:15:26,598 [INFO] Trainable transformer_blocks.1.norm1.bias                         | shape: (896,)               |   0.00M
2026-08-17 15:15:26,599 [INFO] Trainable transformer_blocks.1.norm2.weight                       | shape: (896,)               |   0.00M
2026-08-17 15:15:26,599 [INFO] Trainable transformer_blocks.1.norm2.bias                         | shape: (896,)               |   0.00M
2026-08-17 15:15:26,600 [INFO] Trainable transformer_blocks.1.ff.0.weight                        | shape: (3584, 896)          |   3.21M
2026-08-17 15:15:26,600 [INFO] Trainable transformer_blocks.1.ff.0.bias                          | shape: (3584,)              |   0.00M
2026-08-17 15:15:26,601 [INFO] Trainable transformer_blocks.1.ff.2.weight                        | shape: (896, 3584)          |   3.21M
2026-08-17 15:15:26,601 [INFO] Trainable transformer_blocks.1.ff.2.bias                          | shape: (896,)               |   0.00M
2026-08-17 15:15:26,601 [INFO] Trainable transformer_blocks.2.attn.in_proj_weight                | shape: (2688, 896)          |   2.41M
2026-08-17 15:15:26,602 [INFO] Trainable transformer_blocks.2.attn.in_proj_bias                  | shape: (2688,)              |   0.00M
2026-08-17 15:15:26,602 [INFO] Trainable transformer_blocks.2.attn.out_proj.weight               | shape: (896, 896)           |   0.80M
2026-08-17 15:15:26,603 [INFO] Trainable transformer_blocks.2.attn.out_proj.bias                 | shape: (896,)               |   0.00M
2026-08-17 15:15:26,603 [INFO] Trainable transformer_blocks.2.norm1.weight                       | shape: (896,)               |   0.00M
2026-08-17 15:15:26,603 [INFO] Trainable transformer_blocks.2.norm1.bias                         | shape: (896,)               |   0.00M
2026-08-17 15:15:26,604 [INFO] Trainable transformer_blocks.2.norm2.weight                       | shape: (896,)               |   0.00M
2026-08-17 15:15:26,604 [INFO] Trainable transformer_blocks.2.norm2.bias                         | shape: (896,)               |   0.00M
2026-08-17 15:15:26,604 [INFO] Trainable transformer_blocks.2.ff.0.weight                        | shape: (3584, 896)          |   3.21M
2026-08-17 15:15:26,605 [INFO] Trainable transformer_blocks.2.ff.0.bias                          | shape: (3584,)              |   0.00M
2026-08-17 15:15:26,605 [INFO] Trainable transformer_blocks.2.ff.2.weight                        | shape: (896, 3584)          |   3.21M
2026-08-17 15:15:26,605 [INFO] Trainable transformer_blocks.2.ff.2.bias                          | shape: (896,)               |   0.00M
2026-08-17 15:15:26,605 [INFO] Trainable transformer_blocks.3.attn.in_proj_weight                | shape: (2688, 896)          |   2.41M
2026-08-17 15:15:26,605 [INFO] Trainable transformer_blocks.3.attn.in_proj_bias                  | shape: (2688,)              |   0.00M
2026-08-17 15:15:26,606 [INFO] Trainable transformer_blocks.3.attn.out_proj.weight               | shape: (896, 896)           |   0.80M
2026-08-17 15:15:26,606 [INFO] Trainable transformer_blocks.3.attn.out_proj.bias                 | shape: (896,)               |   0.00M
2026-08-17 15:15:26,606 [INFO] Trainable transformer_blocks.3.norm1.weight                       | shape: (896,)               |   0.00M
2026-08-17 15:15:26,606 [INFO] Trainable transformer_blocks.3.norm1.bias                         | shape: (896,)               |   0.00M
2026-08-17 15:15:26,607 [INFO] Trainable transformer_blocks.3.norm2.weight                       | shape: (896,)               |   0.00M
2026-08-17 15:15:26,607 [INFO] Trainable transformer_blocks.3.norm2.bias                         | shape: (896,)               |   0.00M
2026-08-17 15:15:26,607 [INFO] Trainable transformer_blocks.3.ff.0.weight                        | shape: (3584, 896)          |   3.21M
2026-08-17 15:15:26,607 [INFO] Trainable transformer_blocks.3.ff.0.bias                          | shape: (3584,)              |   0.00M
2026-08-17 15:15:26,608 [INFO] Trainable transformer_blocks.3.ff.2.weight                        | shape: (896, 3584)          |   3.21M
2026-08-17 15:15:26,608 [INFO] Trainable transformer_blocks.3.ff.2.bias                          | shape: (896,)               |   0.00M
2026-08-17 15:15:26,608 [INFO] Trainable transformer_blocks.4.attn.in_proj_weight                | shape: (2688, 896)          |   2.41M
2026-08-17 15:15:26,609 [INFO] Trainable transformer_blocks.4.attn.in_proj_bias                  | shape: (2688,)              |   0.00M
2026-08-17 15:15:26,609 [INFO] Trainable transformer_blocks.4.attn.out_proj.weight               | shape: (896, 896)           |   0.80M
2026-08-17 15:15:26,609 [INFO] Trainable transformer_blocks.4.attn.out_proj.bias                 | shape: (896,)               |   0.00M
2026-08-17 15:15:26,609 [INFO] Trainable transformer_blocks.4.norm1.weight                       | shape: (896,)               |   0.00M
2026-08-17 15:15:26,610 [INFO] Trainable transformer_blocks.4.norm1.bias                         | shape: (896,)               |   0.00M
2026-08-17 15:15:26,610 [INFO] Trainable transformer_blocks.4.norm2.weight                       | shape: (896,)               |   0.00M
2026-08-17 15:15:26,610 [INFO] Trainable transformer_blocks.4.norm2.bias                         | shape: (896,)               |   0.00M
2026-08-17 15:15:26,611 [INFO] Trainable transformer_blocks.4.ff.0.weight                        | shape: (3584, 896)          |   3.21M
2026-08-17 15:15:26,611 [INFO] Trainable transformer_blocks.4.ff.0.bias                          | shape: (3584,)              |   0.00M
2026-08-17 15:15:26,611 [INFO] Trainable transformer_blocks.4.ff.2.weight                        | shape: (896, 3584)          |   3.21M
2026-08-17 15:15:26,612 [INFO] Trainable transformer_blocks.4.ff.2.bias                          | shape: (896,)               |   0.00M
2026-08-17 15:15:26,612 [INFO] Trainable transformer_blocks.5.attn.in_proj_weight                | shape: (2688, 896)          |   2.41M
2026-08-17 15:15:26,613 [INFO] Trainable transformer_blocks.5.attn.in_proj_bias                  | shape: (2688,)              |   0.00M
2026-08-17 15:15:26,613 [INFO] Trainable transformer_blocks.5.attn.out_proj.weight               | shape: (896, 896)           |   0.80M
2026-08-17 15:15:26,613 [INFO] Trainable transformer_blocks.5.attn.out_proj.bias                 | shape: (896,)               |   0.00M
2026-08-17 15:15:26,614 [INFO] Trainable transformer_blocks.5.norm1.weight                       | shape: (896,)               |   0.00M
2026-08-17 15:15:26,614 [INFO] Trainable transformer_blocks.5.norm1.bias                         | shape: (896,)               |   0.00M
2026-08-17 15:15:26,614 [INFO] Trainable transformer_blocks.5.norm2.weight                       | shape: (896,)               |   0.00M
2026-08-17 15:15:26,614 [INFO] Trainable transformer_blocks.5.norm2.bias                         | shape: (896,)               |   0.00M
2026-08-17 15:15:26,615 [INFO] Trainable transformer_blocks.5.ff.0.weight                        | shape: (3584, 896)          |   3.21M
2026-08-17 15:15:26,615 [INFO] Trainable transformer_blocks.5.ff.0.bias                          | shape: (3584,)              |   0.00M
2026-08-17 15:15:26,615 [INFO] Trainable transformer_blocks.5.ff.2.weight                        | shape: (896, 3584)          |   3.21M
2026-08-17 15:15:26,615 [INFO] Trainable transformer_blocks.5.ff.2.bias                          | shape: (896,)               |   0.00M
2026-08-17 15:15:26,615 [INFO] Trainable transformer_blocks.6.attn.in_proj_weight                | shape: (2688, 896)          |   2.41M
2026-08-17 15:15:26,615 [INFO] Trainable transformer_blocks.6.attn.in_proj_bias                  | shape: (2688,)              |   0.00M
2026-08-17 15:15:26,616 [INFO] Trainable transformer_blocks.6.attn.out_proj.weight               | shape: (896, 896)           |   0.80M
2026-08-17 15:15:26,616 [INFO] Trainable transformer_blocks.6.attn.out_proj.bias                 | shape: (896,)               |   0.00M
2026-08-17 15:15:26,617 [INFO] Trainable transformer_blocks.6.norm1.weight                       | shape: (896,)               |   0.00M
2026-08-17 15:15:26,617 [INFO] Trainable transformer_blocks.6.norm1.bias                         | shape: (896,)               |   0.00M
2026-08-17 15:15:26,617 [INFO] Trainable transformer_blocks.6.norm2.weight                       | shape: (896,)               |   0.00M
2026-08-17 15:15:26,617 [INFO] Trainable transformer_blocks.6.norm2.bias                         | shape: (896,)               |   0.00M
2026-08-17 15:15:26,618 [INFO] Trainable transformer_blocks.6.ff.0.weight                        | shape: (3584, 896)          |   3.21M
2026-08-17 15:15:26,618 [INFO] Trainable transformer_blocks.6.ff.0.bias                          | shape: (3584,)              |   0.00M
2026-08-17 15:15:26,619 [INFO] Trainable transformer_blocks.6.ff.2.weight                        | shape: (896, 3584)          |   3.21M
2026-08-17 15:15:26,619 [INFO] Trainable transformer_blocks.6.ff.2.bias                          | shape: (896,)               |   0.00M
2026-08-17 15:15:26,620 [INFO] Trainable transformer_blocks.7.attn.in_proj_weight                | shape: (2688, 896)          |   2.41M
2026-08-17 15:15:26,620 [INFO] Trainable transformer_blocks.7.attn.in_proj_bias                  | shape: (2688,)              |   0.00M
2026-08-17 15:15:26,620 [INFO] Trainable transformer_blocks.7.attn.out_proj.weight               | shape: (896, 896)           |   0.80M
2026-08-17 15:15:26,621 [INFO] Trainable transformer_blocks.7.attn.out_proj.bias                 | shape: (896,)               |   0.00M
2026-08-17 15:15:26,621 [INFO] Trainable transformer_blocks.7.norm1.weight                       | shape: (896,)               |   0.00M
2026-08-17 15:15:26,621 [INFO] Trainable transformer_blocks.7.norm1.bias                         | shape: (896,)               |   0.00M
2026-08-17 15:15:26,621 [INFO] Trainable transformer_blocks.7.norm2.weight                       | shape: (896,)               |   0.00M
2026-08-17 15:15:26,621 [INFO] Trainable transformer_blocks.7.norm2.bias                         | shape: (896,)               |   0.00M
2026-08-17 15:15:26,622 [INFO] Trainable transformer_blocks.7.ff.0.weight                        | shape: (3584, 896)          |   3.21M
2026-08-17 15:15:26,622 [INFO] Trainable transformer_blocks.7.ff.0.bias                          | shape: (3584,)              |   0.00M
2026-08-17 15:15:26,622 [INFO] Trainable transformer_blocks.7.ff.2.weight                        | shape: (896, 3584)          |   3.21M
2026-08-17 15:15:26,622 [INFO] Trainable transformer_blocks.7.ff.2.bias                          | shape: (896,)               |   0.00M
2026-08-17 15:15:26,623 [INFO] Trainable norm_out.weight                                         | shape: (896,)               |   0.00M
2026-08-17 15:15:26,623 [INFO] Trainable norm_out.bias                                           | shape: (896,)               |   0.00M
2026-08-17 15:15:26,623 [INFO] Trainable seq_pool_proj.weight                                    | shape: (896, 12544)         |  11.24M
2026-08-17 15:15:26,624 [INFO] Trainable seq_pool_proj.bias                                      | shape: (896,)               |   0.00M
2026-08-17 15:15:26,624 [INFO] Trainable mlp_head.fc1.linear.weight                              | shape: (1024, 896)          |   0.92M
2026-08-17 15:15:26,624 [INFO] Trainable mlp_head.fc1.linear.bias                                | shape: (1024,)              |   0.00M
2026-08-17 15:15:26,625 [INFO] Trainable mlp_head.fc2.linear.weight                              | shape: (336, 1024)          |   0.34M
2026-08-17 15:15:26,625 [INFO] Trainable mlp_head.fc2.linear.bias                                | shape: (336,)               |   0.00M
2026-08-17 15:15:26,625 [INFO] Trainable state_encoder.fc1.linear.weight                         | shape: (1024, 24)           |   0.02M
2026-08-17 15:15:26,625 [INFO] Trainable state_encoder.fc1.linear.bias                           | shape: (1024,)              |   0.00M
2026-08-17 15:15:26,626 [INFO] Trainable state_encoder.fc2.linear.weight                         | shape: (896, 1024)          |   0.92M
2026-08-17 15:15:26,626 [INFO] Trainable state_encoder.fc2.linear.bias                           | shape: (896,)               |   0.00M
2026-08-17 15:15:26,626 [INFO] Trainable action_encoder.W1.linear.weight                         | shape: (896, 24)            |   0.02M
2026-08-17 15:15:26,626 [INFO] Trainable action_encoder.W1.linear.bias                           | shape: (896,)               |   0.00M
2026-08-17 15:15:26,627 [INFO] Trainable action_encoder.W2.linear.weight                         | shape: (896, 896)           |   0.80M
2026-08-17 15:15:26,627 [INFO] Trainable action_encoder.W2.linear.bias                           | shape: (896,)               |   0.00M
2026-08-17 15:15:26,628 [INFO] Trainable action_encoder.W3.linear.weight                         | shape: (896, 896)           |   0.80M
2026-08-17 15:15:26,628 [INFO] Trainable action_encoder.W3.linear.bias                           | shape: (896,)               |   0.00M
2026-08-17 15:15:26,628 [INFO] ----------------------------------------------------------------------
2026-08-17 15:15:26,628 [INFO] Total     : 92.24M
2026-08-17 15:15:26,629 [INFO] Trainable : 92.24M
2026-08-17 15:15:26,629 [INFO] Frozen    : 0.00M
2026-08-17 15:15:26,629 [INFO] ======================================================================
2026-08-17 15:15:26,629 [INFO] ALL TOTAL     : 740.93M
2026-08-17 15:15:26,630 [INFO] ALL TRAINABLE : 740.93M
2026-08-17 15:15:26,630 [INFO] ALL FROZEN    : 0.00M
2026-08-17 15:15:26,630 [INFO] ======================================================================
2026-08-17 15:15:28,324 [INFO] Warning: Image list is empty, using zero tensor for padding
