2026-07-30 15:46:56,167 [INFO] Logging to: /home/user/mujoco+evo/ckpt/evo1_mujoco_pickplace_stage1/train_log_20260730_154656.log
2026-07-30 15:46:57,763 [INFO] Loaded 3252 samples from None (lerobot)
2026-07-30 15:46:57,763 [INFO] Initialized dataloader with batch size 16
2026-07-30 15:46:59,887 [INFO] vision_select_layer: -1
2026-07-30 15:46:59,887 [INFO] ps_version: v2
2026-07-30 15:46:59,890 [INFO] min_dynamic_patch: 1
2026-07-30 15:46:59,890 [INFO] max_dynamic_patch: 12
2026-07-30 15:47:00,863 [INFO] num_image_token: 256
2026-07-30 15:47:00,863 [INFO] ps_version: v2
2026-07-30 15:47:07,209 [INFO] Optimizer=AdamW, lr=1e-05, weight_decay=0.001
2026-07-30 15:47:07,502 [INFO] Initialized with Accelerate
2026-07-30 15:47:07,503 [INFO] Starting fresh training
2026-07-30 15:47:07,503 [INFO] 
 Parameter Inspection by Module:
2026-07-30 15:47:07,504 [INFO] ======================================================================
2026-07-30 15:47:07,504 [INFO] 
 Module: vision_model
2026-07-30 15:47:07,504 [INFO] ----------------------------------------------------------------------
2026-07-30 15:47:07,504 [INFO] Frozen embeddings.class_embedding                              | shape: (1, 1, 1024)         |   0.00M
2026-07-30 15:47:07,505 [INFO] Frozen embeddings.position_embedding                           | shape: (1, 1025, 1024)      |   1.05M
2026-07-30 15:47:07,505 [INFO] Frozen embeddings.patch_embedding.weight                       | shape: (1024, 3, 14, 14)    |   0.60M
2026-07-30 15:47:07,505 [INFO] Frozen embeddings.patch_embedding.bias                         | shape: (1024,)              |   0.00M
2026-07-30 15:47:07,505 [INFO] Frozen encoder.layers.0.ls1                                    | shape: (1024,)              |   0.00M
2026-07-30 15:47:07,505 [INFO] Frozen encoder.layers.0.ls2                                    | shape: (1024,)              |   0.00M
2026-07-30 15:47:07,506 [INFO] Frozen encoder.layers.0.attn.qkv.weight                        | shape: (3072, 1024)         |   3.15M
2026-07-30 15:47:07,506 [INFO] Frozen encoder.layers.0.attn.qkv.bias                          | shape: (3072,)              |   0.00M
2026-07-30 15:47:07,506 [INFO] Frozen encoder.layers.0.attn.proj.weight                       | shape: (1024, 1024)         |   1.05M
2026-07-30 15:47:07,506 [INFO] Frozen encoder.layers.0.attn.proj.bias                         | shape: (1024,)              |   0.00M
2026-07-30 15:47:07,507 [INFO] Frozen encoder.layers.0.mlp.fc1.weight                         | shape: (4096, 1024)         |   4.19M
2026-07-30 15:47:07,507 [INFO] Frozen encoder.layers.0.mlp.fc1.bias                           | shape: (4096,)              |   0.00M
2026-07-30 15:47:07,507 [INFO] Frozen encoder.layers.0.mlp.fc2.weight                         | shape: (1024, 4096)         |   4.19M
2026-07-30 15:47:07,507 [INFO] Frozen encoder.layers.0.mlp.fc2.bias                           | shape: (1024,)              |   0.00M
2026-07-30 15:47:07,508 [INFO] Frozen encoder.layers.0.norm1.weight                           | shape: (1024,)              |   0.00M
2026-07-30 15:47:07,508 [INFO] Frozen encoder.layers.0.norm1.bias                             | shape: (1024,)              |   0.00M
2026-07-30 15:47:07,508 [INFO] Frozen encoder.layers.0.norm2.weight                           | shape: (1024,)              |   0.00M
2026-07-30 15:47:07,508 [INFO] Frozen encoder.layers.0.norm2.bias                             | shape: (1024,)              |   0.00M
2026-07-30 15:47:07,508 [INFO] Frozen encoder.layers.1.ls1                                    | shape: (1024,)              |   0.00M
2026-07-30 15:47:07,509 [INFO] Frozen encoder.layers.1.ls2                                    | shape: (1024,)              |   0.00M
2026-07-30 15:47:07,509 [INFO] Frozen encoder.layers.1.attn.qkv.weight                        | shape: (3072, 1024)         |   3.15M
2026-07-30 15:47:07,509 [INFO] Frozen encoder.layers.1.attn.qkv.bias                          | shape: (3072,)              |   0.00M
2026-07-30 15:47:07,509 [INFO] Frozen encoder.layers.1.attn.proj.weight                       | shape: (1024, 1024)         |   1.05M
2026-07-30 15:47:07,510 [INFO] Frozen encoder.layers.1.attn.proj.bias                         | shape: (1024,)              |   0.00M
2026-07-30 15:47:07,510 [INFO] Frozen encoder.layers.1.mlp.fc1.weight                         | shape: (4096, 1024)         |   4.19M
2026-07-30 15:47:07,510 [INFO] Frozen encoder.layers.1.mlp.fc1.bias                           | shape: (4096,)              |   0.00M
2026-07-30 15:47:07,511 [INFO] Frozen encoder.layers.1.mlp.fc2.weight                         | shape: (1024, 4096)         |   4.19M
2026-07-30 15:47:07,511 [INFO] Frozen encoder.layers.1.mlp.fc2.bias                           | shape: (1024,)              |   0.00M
2026-07-30 15:47:07,511 [INFO] Frozen encoder.layers.1.norm1.weight                           | shape: (1024,)              |   0.00M
2026-07-30 15:47:07,511 [INFO] Frozen encoder.layers.1.norm1.bias                             | shape: (1024,)              |   0.00M
2026-07-30 15:47:07,511 [INFO] Frozen encoder.layers.1.norm2.weight                           | shape: (1024,)              |   0.00M
2026-07-30 15:47:07,512 [INFO] Frozen encoder.layers.1.norm2.bias                             | shape: (1024,)              |   0.00M
2026-07-30 15:47:07,512 [INFO] Frozen encoder.layers.2.ls1                                    | shape: (1024,)              |   0.00M
2026-07-30 15:47:07,512 [INFO] Frozen encoder.layers.2.ls2                                    | shape: (1024,)              |   0.00M
2026-07-30 15:47:07,512 [INFO] Frozen encoder.layers.2.attn.qkv.weight                        | shape: (3072, 1024)         |   3.15M
2026-07-30 15:47:07,512 [INFO] Frozen encoder.layers.2.attn.qkv.bias                          | shape: (3072,)              |   0.00M
2026-07-30 15:47:07,513 [INFO] Frozen encoder.layers.2.attn.proj.weight                       | shape: (1024, 1024)         |   1.05M
2026-07-30 15:47:07,513 [INFO] Frozen encoder.layers.2.attn.proj.bias                         | shape: (1024,)              |   0.00M
2026-07-30 15:47:07,513 [INFO] Frozen encoder.layers.2.mlp.fc1.weight                         | shape: (4096, 1024)         |   4.19M
2026-07-30 15:47:07,513 [INFO] Frozen encoder.layers.2.mlp.fc1.bias                           | shape: (4096,)              |   0.00M
2026-07-30 15:47:07,514 [INFO] Frozen encoder.layers.2.mlp.fc2.weight                         | shape: (1024, 4096)         |   4.19M
2026-07-30 15:47:07,514 [INFO] Frozen encoder.layers.2.mlp.fc2.bias                           | shape: (1024,)              |   0.00M
2026-07-30 15:47:07,514 [INFO] Frozen encoder.layers.2.norm1.weight                           | shape: (1024,)              |   0.00M
2026-07-30 15:47:07,514 [INFO] Frozen encoder.layers.2.norm1.bias                             | shape: (1024,)              |   0.00M
2026-07-30 15:47:07,514 [INFO] Frozen encoder.layers.2.norm2.weight                           | shape: (1024,)              |   0.00M
2026-07-30 15:47:07,515 [INFO] Frozen encoder.layers.2.norm2.bias                             | shape: (1024,)              |   0.00M
2026-07-30 15:47:07,515 [INFO] Frozen encoder.layers.3.ls1                                    | shape: (1024,)              |   0.00M
2026-07-30 15:47:07,515 [INFO] Frozen encoder.layers.3.ls2                                    | shape: (1024,)              |   0.00M
2026-07-30 15:47:07,516 [INFO] Frozen encoder.layers.3.attn.qkv.weight                        | shape: (3072, 1024)         |   3.15M
2026-07-30 15:47:07,516 [INFO] Frozen encoder.layers.3.attn.qkv.bias                          | shape: (3072,)              |   0.00M
2026-07-30 15:47:07,516 [INFO] Frozen encoder.layers.3.attn.proj.weight                       | shape: (1024, 1024)         |   1.05M
2026-07-30 15:47:07,516 [INFO] Frozen encoder.layers.3.attn.proj.bias                         | shape: (1024,)              |   0.00M
2026-07-30 15:47:07,517 [INFO] Frozen encoder.layers.3.mlp.fc1.weight                         | shape: (4096, 1024)         |   4.19M
2026-07-30 15:47:07,517 [INFO] Frozen encoder.layers.3.mlp.fc1.bias                           | shape: (4096,)              |   0.00M
2026-07-30 15:47:07,517 [INFO] Frozen encoder.layers.3.mlp.fc2.weight                         | shape: (1024, 4096)         |   4.19M
2026-07-30 15:47:07,517 [INFO] Frozen encoder.layers.3.mlp.fc2.bias                           | shape: (1024,)              |   0.00M
2026-07-30 15:47:07,518 [INFO] Frozen encoder.layers.3.norm1.weight                           | shape: (1024,)              |   0.00M
2026-07-30 15:47:07,518 [INFO] Frozen encoder.layers.3.norm1.bias                             | shape: (1024,)              |   0.00M
2026-07-30 15:47:07,518 [INFO] Frozen encoder.layers.3.norm2.weight                           | shape: (1024,)              |   0.00M
2026-07-30 15:47:07,519 [INFO] Frozen encoder.layers.3.norm2.bias                             | shape: (1024,)              |   0.00M
2026-07-30 15:47:07,519 [INFO] Frozen encoder.layers.4.ls1                                    | shape: (1024,)              |   0.00M
2026-07-30 15:47:07,519 [INFO] Frozen encoder.layers.4.ls2                                    | shape: (1024,)              |   0.00M
2026-07-30 15:47:07,519 [INFO] Frozen encoder.layers.4.attn.qkv.weight                        | shape: (3072, 1024)         |   3.15M
2026-07-30 15:47:07,519 [INFO] Frozen encoder.layers.4.attn.qkv.bias                          | shape: (3072,)              |   0.00M
2026-07-30 15:47:07,520 [INFO] Frozen encoder.layers.4.attn.proj.weight                       | shape: (1024, 1024)         |   1.05M
2026-07-30 15:47:07,520 [INFO] Frozen encoder.layers.4.attn.proj.bias                         | shape: (1024,)              |   0.00M
2026-07-30 15:47:07,520 [INFO] Frozen encoder.layers.4.mlp.fc1.weight                         | shape: (4096, 1024)         |   4.19M
2026-07-30 15:47:07,520 [INFO] Frozen encoder.layers.4.mlp.fc1.bias                           | shape: (4096,)              |   0.00M
2026-07-30 15:47:07,521 [INFO] Frozen encoder.layers.4.mlp.fc2.weight                         | shape: (1024, 4096)         |   4.19M
2026-07-30 15:47:07,521 [INFO] Frozen encoder.layers.4.mlp.fc2.bias                           | shape: (1024,)              |   0.00M
2026-07-30 15:47:07,521 [INFO] Frozen encoder.layers.4.norm1.weight                           | shape: (1024,)              |   0.00M
2026-07-30 15:47:07,521 [INFO] Frozen encoder.layers.4.norm1.bias                             | shape: (1024,)              |   0.00M
2026-07-30 15:47:07,521 [INFO] Frozen encoder.layers.4.norm2.weight                           | shape: (1024,)              |   0.00M
2026-07-30 15:47:07,522 [INFO] Frozen encoder.layers.4.norm2.bias                             | shape: (1024,)              |   0.00M
2026-07-30 15:47:07,522 [INFO] Frozen encoder.layers.5.ls1                                    | shape: (1024,)              |   0.00M
2026-07-30 15:47:07,522 [INFO] Frozen encoder.layers.5.ls2                                    | shape: (1024,)              |   0.00M
2026-07-30 15:47:07,523 [INFO] Frozen encoder.layers.5.attn.qkv.weight                        | shape: (3072, 1024)         |   3.15M
2026-07-30 15:47:07,523 [INFO] Frozen encoder.layers.5.attn.qkv.bias                          | shape: (3072,)              |   0.00M
2026-07-30 15:47:07,523 [INFO] Frozen encoder.layers.5.attn.proj.weight                       | shape: (1024, 1024)         |   1.05M
2026-07-30 15:47:07,524 [INFO] Frozen encoder.layers.5.attn.proj.bias                         | shape: (1024,)              |   0.00M
2026-07-30 15:47:07,524 [INFO] Frozen encoder.layers.5.mlp.fc1.weight                         | shape: (4096, 1024)         |   4.19M
2026-07-30 15:47:07,524 [INFO] Frozen encoder.layers.5.mlp.fc1.bias                           | shape: (4096,)              |   0.00M
2026-07-30 15:47:07,524 [INFO] Frozen encoder.layers.5.mlp.fc2.weight                         | shape: (1024, 4096)         |   4.19M
2026-07-30 15:47:07,525 [INFO] Frozen encoder.layers.5.mlp.fc2.bias                           | shape: (1024,)              |   0.00M
2026-07-30 15:47:07,525 [INFO] Frozen encoder.layers.5.norm1.weight                           | shape: (1024,)              |   0.00M
2026-07-30 15:47:07,525 [INFO] Frozen encoder.layers.5.norm1.bias                             | shape: (1024,)              |   0.00M
2026-07-30 15:47:07,525 [INFO] Frozen encoder.layers.5.norm2.weight                           | shape: (1024,)              |   0.00M
2026-07-30 15:47:07,526 [INFO] Frozen encoder.layers.5.norm2.bias                             | shape: (1024,)              |   0.00M
2026-07-30 15:47:07,526 [INFO] Frozen encoder.layers.6.ls1                                    | shape: (1024,)              |   0.00M
2026-07-30 15:47:07,526 [INFO] Frozen encoder.layers.6.ls2                                    | shape: (1024,)              |   0.00M
2026-07-30 15:47:07,526 [INFO] Frozen encoder.layers.6.attn.qkv.weight                        | shape: (3072, 1024)         |   3.15M
2026-07-30 15:47:07,527 [INFO] Frozen encoder.layers.6.attn.qkv.bias                          | shape: (3072,)              |   0.00M
2026-07-30 15:47:07,527 [INFO] Frozen encoder.layers.6.attn.proj.weight                       | shape: (1024, 1024)         |   1.05M
2026-07-30 15:47:07,527 [INFO] Frozen encoder.layers.6.attn.proj.bias                         | shape: (1024,)              |   0.00M
2026-07-30 15:47:07,527 [INFO] Frozen encoder.layers.6.mlp.fc1.weight                         | shape: (4096, 1024)         |   4.19M
2026-07-30 15:47:07,528 [INFO] Frozen encoder.layers.6.mlp.fc1.bias                           | shape: (4096,)              |   0.00M
2026-07-30 15:47:07,528 [INFO] Frozen encoder.layers.6.mlp.fc2.weight                         | shape: (1024, 4096)         |   4.19M
2026-07-30 15:47:07,528 [INFO] Frozen encoder.layers.6.mlp.fc2.bias                           | shape: (1024,)              |   0.00M
2026-07-30 15:47:07,528 [INFO] Frozen encoder.layers.6.norm1.weight                           | shape: (1024,)              |   0.00M
2026-07-30 15:47:07,528 [INFO] Frozen encoder.layers.6.norm1.bias                             | shape: (1024,)              |   0.00M
2026-07-30 15:47:07,529 [INFO] Frozen encoder.layers.6.norm2.weight                           | shape: (1024,)              |   0.00M
2026-07-30 15:47:07,529 [INFO] Frozen encoder.layers.6.norm2.bias                             | shape: (1024,)              |   0.00M
2026-07-30 15:47:07,529 [INFO] Frozen encoder.layers.7.ls1                                    | shape: (1024,)              |   0.00M
2026-07-30 15:47:07,529 [INFO] Frozen encoder.layers.7.ls2                                    | shape: (1024,)              |   0.00M
2026-07-30 15:47:07,529 [INFO] Frozen encoder.layers.7.attn.qkv.weight                        | shape: (3072, 1024)         |   3.15M
2026-07-30 15:47:07,530 [INFO] Frozen encoder.layers.7.attn.qkv.bias                          | shape: (3072,)              |   0.00M
2026-07-30 15:47:07,530 [INFO] Frozen encoder.layers.7.attn.proj.weight                       | shape: (1024, 1024)         |   1.05M
2026-07-30 15:47:07,530 [INFO] Frozen encoder.layers.7.attn.proj.bias                         | shape: (1024,)              |   0.00M
2026-07-30 15:47:07,530 [INFO] Frozen encoder.layers.7.mlp.fc1.weight                         | shape: (4096, 1024)         |   4.19M
2026-07-30 15:47:07,531 [INFO] Frozen encoder.layers.7.mlp.fc1.bias                           | shape: (4096,)              |   0.00M
2026-07-30 15:47:07,531 [INFO] Frozen encoder.layers.7.mlp.fc2.weight                         | shape: (1024, 4096)         |   4.19M
2026-07-30 15:47:07,531 [INFO] Frozen encoder.layers.7.mlp.fc2.bias                           | shape: (1024,)              |   0.00M
2026-07-30 15:47:07,532 [INFO] Frozen encoder.layers.7.norm1.weight                           | shape: (1024,)              |   0.00M
2026-07-30 15:47:07,532 [INFO] Frozen encoder.layers.7.norm1.bias                             | shape: (1024,)              |   0.00M
2026-07-30 15:47:07,532 [INFO] Frozen encoder.layers.7.norm2.weight                           | shape: (1024,)              |   0.00M
2026-07-30 15:47:07,532 [INFO] Frozen encoder.layers.7.norm2.bias                             | shape: (1024,)              |   0.00M
2026-07-30 15:47:07,532 [INFO] Frozen encoder.layers.8.ls1                                    | shape: (1024,)              |   0.00M
2026-07-30 15:47:07,533 [INFO] Frozen encoder.layers.8.ls2                                    | shape: (1024,)              |   0.00M
2026-07-30 15:47:07,533 [INFO] Frozen encoder.layers.8.attn.qkv.weight                        | shape: (3072, 1024)         |   3.15M
2026-07-30 15:47:07,533 [INFO] Frozen encoder.layers.8.attn.qkv.bias                          | shape: (3072,)              |   0.00M
2026-07-30 15:47:07,533 [INFO] Frozen encoder.layers.8.attn.proj.weight                       | shape: (1024, 1024)         |   1.05M
2026-07-30 15:47:07,533 [INFO] Frozen encoder.layers.8.attn.proj.bias                         | shape: (1024,)              |   0.00M
2026-07-30 15:47:07,534 [INFO] Frozen encoder.layers.8.mlp.fc1.weight                         | shape: (4096, 1024)         |   4.19M
2026-07-30 15:47:07,534 [INFO] Frozen encoder.layers.8.mlp.fc1.bias                           | shape: (4096,)              |   0.00M
2026-07-30 15:47:07,534 [INFO] Frozen encoder.layers.8.mlp.fc2.weight                         | shape: (1024, 4096)         |   4.19M
2026-07-30 15:47:07,534 [INFO] Frozen encoder.layers.8.mlp.fc2.bias                           | shape: (1024,)              |   0.00M
2026-07-30 15:47:07,535 [INFO] Frozen encoder.layers.8.norm1.weight                           | shape: (1024,)              |   0.00M
2026-07-30 15:47:07,535 [INFO] Frozen encoder.layers.8.norm1.bias                             | shape: (1024,)              |   0.00M
2026-07-30 15:47:07,535 [INFO] Frozen encoder.layers.8.norm2.weight                           | shape: (1024,)              |   0.00M
2026-07-30 15:47:07,535 [INFO] Frozen encoder.layers.8.norm2.bias                             | shape: (1024,)              |   0.00M
2026-07-30 15:47:07,536 [INFO] Frozen encoder.layers.9.ls1                                    | shape: (1024,)              |   0.00M
2026-07-30 15:47:07,536 [INFO] Frozen encoder.layers.9.ls2                                    | shape: (1024,)              |   0.00M
2026-07-30 15:47:07,536 [INFO] Frozen encoder.layers.9.attn.qkv.weight                        | shape: (3072, 1024)         |   3.15M
2026-07-30 15:47:07,536 [INFO] Frozen encoder.layers.9.attn.qkv.bias                          | shape: (3072,)              |   0.00M
2026-07-30 15:47:07,537 [INFO] Frozen encoder.layers.9.attn.proj.weight                       | shape: (1024, 1024)         |   1.05M
2026-07-30 15:47:07,537 [INFO] Frozen encoder.layers.9.attn.proj.bias                         | shape: (1024,)              |   0.00M
2026-07-30 15:47:07,537 [INFO] Frozen encoder.layers.9.mlp.fc1.weight                         | shape: (4096, 1024)         |   4.19M
2026-07-30 15:47:07,537 [INFO] Frozen encoder.layers.9.mlp.fc1.bias                           | shape: (4096,)              |   0.00M
2026-07-30 15:47:07,538 [INFO] Frozen encoder.layers.9.mlp.fc2.weight                         | shape: (1024, 4096)         |   4.19M
2026-07-30 15:47:07,538 [INFO] Frozen encoder.layers.9.mlp.fc2.bias                           | shape: (1024,)              |   0.00M
2026-07-30 15:47:07,538 [INFO] Frozen encoder.layers.9.norm1.weight                           | shape: (1024,)              |   0.00M
2026-07-30 15:47:07,538 [INFO] Frozen encoder.layers.9.norm1.bias                             | shape: (1024,)              |   0.00M
2026-07-30 15:47:07,539 [INFO] Frozen encoder.layers.9.norm2.weight                           | shape: (1024,)              |   0.00M
2026-07-30 15:47:07,539 [INFO] Frozen encoder.layers.9.norm2.bias                             | shape: (1024,)              |   0.00M
2026-07-30 15:47:07,539 [INFO] Frozen encoder.layers.10.ls1                                   | shape: (1024,)              |   0.00M
2026-07-30 15:47:07,539 [INFO] Frozen encoder.layers.10.ls2                                   | shape: (1024,)              |   0.00M
2026-07-30 15:47:07,540 [INFO] Frozen encoder.layers.10.attn.qkv.weight                       | shape: (3072, 1024)         |   3.15M
2026-07-30 15:47:07,540 [INFO] Frozen encoder.layers.10.attn.qkv.bias                         | shape: (3072,)              |   0.00M
2026-07-30 15:47:07,540 [INFO] Frozen encoder.layers.10.attn.proj.weight                      | shape: (1024, 1024)         |   1.05M
2026-07-30 15:47:07,540 [INFO] Frozen encoder.layers.10.attn.proj.bias                        | shape: (1024,)              |   0.00M
2026-07-30 15:47:07,541 [INFO] Frozen encoder.layers.10.mlp.fc1.weight                        | shape: (4096, 1024)         |   4.19M
2026-07-30 15:47:07,541 [INFO] Frozen encoder.layers.10.mlp.fc1.bias                          | shape: (4096,)              |   0.00M
2026-07-30 15:47:07,541 [INFO] Frozen encoder.layers.10.mlp.fc2.weight                        | shape: (1024, 4096)         |   4.19M
2026-07-30 15:47:07,542 [INFO] Frozen encoder.layers.10.mlp.fc2.bias                          | shape: (1024,)              |   0.00M
2026-07-30 15:47:07,542 [INFO] Frozen encoder.layers.10.norm1.weight                          | shape: (1024,)              |   0.00M
2026-07-30 15:47:07,542 [INFO] Frozen encoder.layers.10.norm1.bias                            | shape: (1024,)              |   0.00M
2026-07-30 15:47:07,543 [INFO] Frozen encoder.layers.10.norm2.weight                          | shape: (1024,)              |   0.00M
2026-07-30 15:47:07,543 [INFO] Frozen encoder.layers.10.norm2.bias                            | shape: (1024,)              |   0.00M
2026-07-30 15:47:07,543 [INFO] Frozen encoder.layers.11.ls1                                   | shape: (1024,)              |   0.00M
2026-07-30 15:47:07,544 [INFO] Frozen encoder.layers.11.ls2                                   | shape: (1024,)              |   0.00M
2026-07-30 15:47:07,544 [INFO] Frozen encoder.layers.11.attn.qkv.weight                       | shape: (3072, 1024)         |   3.15M
2026-07-30 15:47:07,544 [INFO] Frozen encoder.layers.11.attn.qkv.bias                         | shape: (3072,)              |   0.00M
2026-07-30 15:47:07,544 [INFO] Frozen encoder.layers.11.attn.proj.weight                      | shape: (1024, 1024)         |   1.05M
2026-07-30 15:47:07,545 [INFO] Frozen encoder.layers.11.attn.proj.bias                        | shape: (1024,)              |   0.00M
2026-07-30 15:47:07,545 [INFO] Frozen encoder.layers.11.mlp.fc1.weight                        | shape: (4096, 1024)         |   4.19M
2026-07-30 15:47:07,545 [INFO] Frozen encoder.layers.11.mlp.fc1.bias                          | shape: (4096,)              |   0.00M
2026-07-30 15:47:07,546 [INFO] Frozen encoder.layers.11.mlp.fc2.weight                        | shape: (1024, 4096)         |   4.19M
2026-07-30 15:47:07,546 [INFO] Frozen encoder.layers.11.mlp.fc2.bias                          | shape: (1024,)              |   0.00M
2026-07-30 15:47:07,546 [INFO] Frozen encoder.layers.11.norm1.weight                          | shape: (1024,)              |   0.00M
2026-07-30 15:47:07,547 [INFO] Frozen encoder.layers.11.norm1.bias                            | shape: (1024,)              |   0.00M
2026-07-30 15:47:07,547 [INFO] Frozen encoder.layers.11.norm2.weight                          | shape: (1024,)              |   0.00M
2026-07-30 15:47:07,547 [INFO] Frozen encoder.layers.11.norm2.bias                            | shape: (1024,)              |   0.00M
2026-07-30 15:47:07,547 [INFO] Frozen encoder.layers.12.ls1                                   | shape: (1024,)              |   0.00M
2026-07-30 15:47:07,547 [INFO] Frozen encoder.layers.12.ls2                                   | shape: (1024,)              |   0.00M
2026-07-30 15:47:07,548 [INFO] Frozen encoder.layers.12.attn.qkv.weight                       | shape: (3072, 1024)         |   3.15M
2026-07-30 15:47:07,548 [INFO] Frozen encoder.layers.12.attn.qkv.bias                         | shape: (3072,)              |   0.00M
2026-07-30 15:47:07,548 [INFO] Frozen encoder.layers.12.attn.proj.weight                      | shape: (1024, 1024)         |   1.05M
2026-07-30 15:47:07,549 [INFO] Frozen encoder.layers.12.attn.proj.bias                        | shape: (1024,)              |   0.00M
2026-07-30 15:47:07,549 [INFO] Frozen encoder.layers.12.mlp.fc1.weight                        | shape: (4096, 1024)         |   4.19M
2026-07-30 15:47:07,549 [INFO] Frozen encoder.layers.12.mlp.fc1.bias                          | shape: (4096,)              |   0.00M
2026-07-30 15:47:07,549 [INFO] Frozen encoder.layers.12.mlp.fc2.weight                        | shape: (1024, 4096)         |   4.19M
2026-07-30 15:47:07,550 [INFO] Frozen encoder.layers.12.mlp.fc2.bias                          | shape: (1024,)              |   0.00M
2026-07-30 15:47:07,550 [INFO] Frozen encoder.layers.12.norm1.weight                          | shape: (1024,)              |   0.00M
2026-07-30 15:47:07,550 [INFO] Frozen encoder.layers.12.norm1.bias                            | shape: (1024,)              |   0.00M
2026-07-30 15:47:07,550 [INFO] Frozen encoder.layers.12.norm2.weight                          | shape: (1024,)              |   0.00M
2026-07-30 15:47:07,551 [INFO] Frozen encoder.layers.12.norm2.bias                            | shape: (1024,)              |   0.00M
2026-07-30 15:47:07,551 [INFO] Frozen encoder.layers.13.ls1                                   | shape: (1024,)              |   0.00M
2026-07-30 15:47:07,551 [INFO] Frozen encoder.layers.13.ls2                                   | shape: (1024,)              |   0.00M
2026-07-30 15:47:07,551 [INFO] Frozen encoder.layers.13.attn.qkv.weight                       | shape: (3072, 1024)         |   3.15M
2026-07-30 15:47:07,552 [INFO] Frozen encoder.layers.13.attn.qkv.bias                         | shape: (3072,)              |   0.00M
2026-07-30 15:47:07,552 [INFO] Frozen encoder.layers.13.attn.proj.weight                      | shape: (1024, 1024)         |   1.05M
2026-07-30 15:47:07,552 [INFO] Frozen encoder.layers.13.attn.proj.bias                        | shape: (1024,)              |   0.00M
2026-07-30 15:47:07,553 [INFO] Frozen encoder.layers.13.mlp.fc1.weight                        | shape: (4096, 1024)         |   4.19M
2026-07-30 15:47:07,553 [INFO] Frozen encoder.layers.13.mlp.fc1.bias                          | shape: (4096,)              |   0.00M
2026-07-30 15:47:07,553 [INFO] Frozen encoder.layers.13.mlp.fc2.weight                        | shape: (1024, 4096)         |   4.19M
2026-07-30 15:47:07,553 [INFO] Frozen encoder.layers.13.mlp.fc2.bias                          | shape: (1024,)              |   0.00M
2026-07-30 15:47:07,553 [INFO] Frozen encoder.layers.13.norm1.weight                          | shape: (1024,)              |   0.00M
2026-07-30 15:47:07,553 [INFO] Frozen encoder.layers.13.norm1.bias                            | shape: (1024,)              |   0.00M
2026-07-30 15:47:07,554 [INFO] Frozen encoder.layers.13.norm2.weight                          | shape: (1024,)              |   0.00M
2026-07-30 15:47:07,554 [INFO] Frozen encoder.layers.13.norm2.bias                            | shape: (1024,)              |   0.00M
2026-07-30 15:47:07,554 [INFO] Frozen encoder.layers.14.ls1                                   | shape: (1024,)              |   0.00M
2026-07-30 15:47:07,554 [INFO] Frozen encoder.layers.14.ls2                                   | shape: (1024,)              |   0.00M
2026-07-30 15:47:07,554 [INFO] Frozen encoder.layers.14.attn.qkv.weight                       | shape: (3072, 1024)         |   3.15M
2026-07-30 15:47:07,555 [INFO] Frozen encoder.layers.14.attn.qkv.bias                         | shape: (3072,)              |   0.00M
2026-07-30 15:47:07,555 [INFO] Frozen encoder.layers.14.attn.proj.weight                      | shape: (1024, 1024)         |   1.05M
2026-07-30 15:47:07,555 [INFO] Frozen encoder.layers.14.attn.proj.bias                        | shape: (1024,)              |   0.00M
2026-07-30 15:47:07,555 [INFO] Frozen encoder.layers.14.mlp.fc1.weight                        | shape: (4096, 1024)         |   4.19M
2026-07-30 15:47:07,555 [INFO] Frozen encoder.layers.14.mlp.fc1.bias                          | shape: (4096,)              |   0.00M
2026-07-30 15:47:07,556 [INFO] Frozen encoder.layers.14.mlp.fc2.weight                        | shape: (1024, 4096)         |   4.19M
2026-07-30 15:47:07,556 [INFO] Frozen encoder.layers.14.mlp.fc2.bias                          | shape: (1024,)              |   0.00M
2026-07-30 15:47:07,556 [INFO] Frozen encoder.layers.14.norm1.weight                          | shape: (1024,)              |   0.00M
2026-07-30 15:47:07,556 [INFO] Frozen encoder.layers.14.norm1.bias                            | shape: (1024,)              |   0.00M
2026-07-30 15:47:07,557 [INFO] Frozen encoder.layers.14.norm2.weight                          | shape: (1024,)              |   0.00M
2026-07-30 15:47:07,557 [INFO] Frozen encoder.layers.14.norm2.bias                            | shape: (1024,)              |   0.00M
2026-07-30 15:47:07,557 [INFO] Frozen encoder.layers.15.ls1                                   | shape: (1024,)              |   0.00M
2026-07-30 15:47:07,558 [INFO] Frozen encoder.layers.15.ls2                                   | shape: (1024,)              |   0.00M
2026-07-30 15:47:07,558 [INFO] Frozen encoder.layers.15.attn.qkv.weight                       | shape: (3072, 1024)         |   3.15M
2026-07-30 15:47:07,558 [INFO] Frozen encoder.layers.15.attn.qkv.bias                         | shape: (3072,)              |   0.00M
2026-07-30 15:47:07,558 [INFO] Frozen encoder.layers.15.attn.proj.weight                      | shape: (1024, 1024)         |   1.05M
2026-07-30 15:47:07,559 [INFO] Frozen encoder.layers.15.attn.proj.bias                        | shape: (1024,)              |   0.00M
2026-07-30 15:47:07,559 [INFO] Frozen encoder.layers.15.mlp.fc1.weight                        | shape: (4096, 1024)         |   4.19M
2026-07-30 15:47:07,559 [INFO] Frozen encoder.layers.15.mlp.fc1.bias                          | shape: (4096,)              |   0.00M
2026-07-30 15:47:07,559 [INFO] Frozen encoder.layers.15.mlp.fc2.weight                        | shape: (1024, 4096)         |   4.19M
2026-07-30 15:47:07,559 [INFO] Frozen encoder.layers.15.mlp.fc2.bias                          | shape: (1024,)              |   0.00M
2026-07-30 15:47:07,560 [INFO] Frozen encoder.layers.15.norm1.weight                          | shape: (1024,)              |   0.00M
2026-07-30 15:47:07,560 [INFO] Frozen encoder.layers.15.norm1.bias                            | shape: (1024,)              |   0.00M
2026-07-30 15:47:07,560 [INFO] Frozen encoder.layers.15.norm2.weight                          | shape: (1024,)              |   0.00M
2026-07-30 15:47:07,561 [INFO] Frozen encoder.layers.15.norm2.bias                            | shape: (1024,)              |   0.00M
2026-07-30 15:47:07,561 [INFO] Frozen encoder.layers.16.ls1                                   | shape: (1024,)              |   0.00M
2026-07-30 15:47:07,561 [INFO] Frozen encoder.layers.16.ls2                                   | shape: (1024,)              |   0.00M
2026-07-30 15:47:07,561 [INFO] Frozen encoder.layers.16.attn.qkv.weight                       | shape: (3072, 1024)         |   3.15M
2026-07-30 15:47:07,562 [INFO] Frozen encoder.layers.16.attn.qkv.bias                         | shape: (3072,)              |   0.00M
2026-07-30 15:47:07,562 [INFO] Frozen encoder.layers.16.attn.proj.weight                      | shape: (1024, 1024)         |   1.05M
2026-07-30 15:47:07,562 [INFO] Frozen encoder.layers.16.attn.proj.bias                        | shape: (1024,)              |   0.00M
2026-07-30 15:47:07,563 [INFO] Frozen encoder.layers.16.mlp.fc1.weight                        | shape: (4096, 1024)         |   4.19M
2026-07-30 15:47:07,563 [INFO] Frozen encoder.layers.16.mlp.fc1.bias                          | shape: (4096,)              |   0.00M
2026-07-30 15:47:07,563 [INFO] Frozen encoder.layers.16.mlp.fc2.weight                        | shape: (1024, 4096)         |   4.19M
2026-07-30 15:47:07,563 [INFO] Frozen encoder.layers.16.mlp.fc2.bias                          | shape: (1024,)              |   0.00M
2026-07-30 15:47:07,564 [INFO] Frozen encoder.layers.16.norm1.weight                          | shape: (1024,)              |   0.00M
2026-07-30 15:47:07,564 [INFO] Frozen encoder.layers.16.norm1.bias                            | shape: (1024,)              |   0.00M
2026-07-30 15:47:07,564 [INFO] Frozen encoder.layers.16.norm2.weight                          | shape: (1024,)              |   0.00M
2026-07-30 15:47:07,565 [INFO] Frozen encoder.layers.16.norm2.bias                            | shape: (1024,)              |   0.00M
2026-07-30 15:47:07,565 [INFO] Frozen encoder.layers.17.ls1                                   | shape: (1024,)              |   0.00M
2026-07-30 15:47:07,565 [INFO] Frozen encoder.layers.17.ls2                                   | shape: (1024,)              |   0.00M
2026-07-30 15:47:07,565 [INFO] Frozen encoder.layers.17.attn.qkv.weight                       | shape: (3072, 1024)         |   3.15M
2026-07-30 15:47:07,566 [INFO] Frozen encoder.layers.17.attn.qkv.bias                         | shape: (3072,)              |   0.00M
2026-07-30 15:47:07,566 [INFO] Frozen encoder.layers.17.attn.proj.weight                      | shape: (1024, 1024)         |   1.05M
2026-07-30 15:47:07,566 [INFO] Frozen encoder.layers.17.attn.proj.bias                        | shape: (1024,)              |   0.00M
2026-07-30 15:47:07,566 [INFO] Frozen encoder.layers.17.mlp.fc1.weight                        | shape: (4096, 1024)         |   4.19M
2026-07-30 15:47:07,567 [INFO] Frozen encoder.layers.17.mlp.fc1.bias                          | shape: (4096,)              |   0.00M
2026-07-30 15:47:07,567 [INFO] Frozen encoder.layers.17.mlp.fc2.weight                        | shape: (1024, 4096)         |   4.19M
2026-07-30 15:47:07,567 [INFO] Frozen encoder.layers.17.mlp.fc2.bias                          | shape: (1024,)              |   0.00M
2026-07-30 15:47:07,567 [INFO] Frozen encoder.layers.17.norm1.weight                          | shape: (1024,)              |   0.00M
2026-07-30 15:47:07,567 [INFO] Frozen encoder.layers.17.norm1.bias                            | shape: (1024,)              |   0.00M
2026-07-30 15:47:07,568 [INFO] Frozen encoder.layers.17.norm2.weight                          | shape: (1024,)              |   0.00M
2026-07-30 15:47:07,568 [INFO] Frozen encoder.layers.17.norm2.bias                            | shape: (1024,)              |   0.00M
2026-07-30 15:47:07,568 [INFO] Frozen encoder.layers.18.ls1                                   | shape: (1024,)              |   0.00M
2026-07-30 15:47:07,568 [INFO] Frozen encoder.layers.18.ls2                                   | shape: (1024,)              |   0.00M
2026-07-30 15:47:07,568 [INFO] Frozen encoder.layers.18.attn.qkv.weight                       | shape: (3072, 1024)         |   3.15M
2026-07-30 15:47:07,569 [INFO] Frozen encoder.layers.18.attn.qkv.bias                         | shape: (3072,)              |   0.00M
2026-07-30 15:47:07,569 [INFO] Frozen encoder.layers.18.attn.proj.weight                      | shape: (1024, 1024)         |   1.05M
2026-07-30 15:47:07,569 [INFO] Frozen encoder.layers.18.attn.proj.bias                        | shape: (1024,)              |   0.00M
2026-07-30 15:47:07,569 [INFO] Frozen encoder.layers.18.mlp.fc1.weight                        | shape: (4096, 1024)         |   4.19M
2026-07-30 15:47:07,570 [INFO] Frozen encoder.layers.18.mlp.fc1.bias                          | shape: (4096,)              |   0.00M
2026-07-30 15:47:07,570 [INFO] Frozen encoder.layers.18.mlp.fc2.weight                        | shape: (1024, 4096)         |   4.19M
2026-07-30 15:47:07,570 [INFO] Frozen encoder.layers.18.mlp.fc2.bias                          | shape: (1024,)              |   0.00M
2026-07-30 15:47:07,570 [INFO] Frozen encoder.layers.18.norm1.weight                          | shape: (1024,)              |   0.00M
2026-07-30 15:47:07,571 [INFO] Frozen encoder.layers.18.norm1.bias                            | shape: (1024,)              |   0.00M
2026-07-30 15:47:07,571 [INFO] Frozen encoder.layers.18.norm2.weight                          | shape: (1024,)              |   0.00M
2026-07-30 15:47:07,572 [INFO] Frozen encoder.layers.18.norm2.bias                            | shape: (1024,)              |   0.00M
2026-07-30 15:47:07,572 [INFO] Frozen encoder.layers.19.ls1                                   | shape: (1024,)              |   0.00M
2026-07-30 15:47:07,572 [INFO] Frozen encoder.layers.19.ls2                                   | shape: (1024,)              |   0.00M
2026-07-30 15:47:07,573 [INFO] Frozen encoder.layers.19.attn.qkv.weight                       | shape: (3072, 1024)         |   3.15M
2026-07-30 15:47:07,573 [INFO] Frozen encoder.layers.19.attn.qkv.bias                         | shape: (3072,)              |   0.00M
2026-07-30 15:47:07,573 [INFO] Frozen encoder.layers.19.attn.proj.weight                      | shape: (1024, 1024)         |   1.05M
2026-07-30 15:47:07,573 [INFO] Frozen encoder.layers.19.attn.proj.bias                        | shape: (1024,)              |   0.00M
2026-07-30 15:47:07,574 [INFO] Frozen encoder.layers.19.mlp.fc1.weight                        | shape: (4096, 1024)         |   4.19M
2026-07-30 15:47:07,574 [INFO] Frozen encoder.layers.19.mlp.fc1.bias                          | shape: (4096,)              |   0.00M
2026-07-30 15:47:07,574 [INFO] Frozen encoder.layers.19.mlp.fc2.weight                        | shape: (1024, 4096)         |   4.19M
2026-07-30 15:47:07,575 [INFO] Frozen encoder.layers.19.mlp.fc2.bias                          | shape: (1024,)              |   0.00M
2026-07-30 15:47:07,575 [INFO] Frozen encoder.layers.19.norm1.weight                          | shape: (1024,)              |   0.00M
2026-07-30 15:47:07,575 [INFO] Frozen encoder.layers.19.norm1.bias                            | shape: (1024,)              |   0.00M
2026-07-30 15:47:07,575 [INFO] Frozen encoder.layers.19.norm2.weight                          | shape: (1024,)              |   0.00M
2026-07-30 15:47:07,576 [INFO] Frozen encoder.layers.19.norm2.bias                            | shape: (1024,)              |   0.00M
2026-07-30 15:47:07,576 [INFO] Frozen encoder.layers.20.ls1                                   | shape: (1024,)              |   0.00M
2026-07-30 15:47:07,576 [INFO] Frozen encoder.layers.20.ls2                                   | shape: (1024,)              |   0.00M
2026-07-30 15:47:07,576 [INFO] Frozen encoder.layers.20.attn.qkv.weight                       | shape: (3072, 1024)         |   3.15M
2026-07-30 15:47:07,577 [INFO] Frozen encoder.layers.20.attn.qkv.bias                         | shape: (3072,)              |   0.00M
2026-07-30 15:47:07,577 [INFO] Frozen encoder.layers.20.attn.proj.weight                      | shape: (1024, 1024)         |   1.05M
2026-07-30 15:47:07,577 [INFO] Frozen encoder.layers.20.attn.proj.bias                        | shape: (1024,)              |   0.00M
2026-07-30 15:47:07,577 [INFO] Frozen encoder.layers.20.mlp.fc1.weight                        | shape: (4096, 1024)         |   4.19M
2026-07-30 15:47:07,578 [INFO] Frozen encoder.layers.20.mlp.fc1.bias                          | shape: (4096,)              |   0.00M
2026-07-30 15:47:07,578 [INFO] Frozen encoder.layers.20.mlp.fc2.weight                        | shape: (1024, 4096)         |   4.19M
2026-07-30 15:47:07,578 [INFO] Frozen encoder.layers.20.mlp.fc2.bias                          | shape: (1024,)              |   0.00M
2026-07-30 15:47:07,578 [INFO] Frozen encoder.layers.20.norm1.weight                          | shape: (1024,)              |   0.00M
2026-07-30 15:47:07,578 [INFO] Frozen encoder.layers.20.norm1.bias                            | shape: (1024,)              |   0.00M
2026-07-30 15:47:07,579 [INFO] Frozen encoder.layers.20.norm2.weight                          | shape: (1024,)              |   0.00M
2026-07-30 15:47:07,579 [INFO] Frozen encoder.layers.20.norm2.bias                            | shape: (1024,)              |   0.00M
2026-07-30 15:47:07,579 [INFO] Frozen encoder.layers.21.ls1                                   | shape: (1024,)              |   0.00M
2026-07-30 15:47:07,579 [INFO] Frozen encoder.layers.21.ls2                                   | shape: (1024,)              |   0.00M
2026-07-30 15:47:07,580 [INFO] Frozen encoder.layers.21.attn.qkv.weight                       | shape: (3072, 1024)         |   3.15M
2026-07-30 15:47:07,580 [INFO] Frozen encoder.layers.21.attn.qkv.bias                         | shape: (3072,)              |   0.00M
2026-07-30 15:47:07,580 [INFO] Frozen encoder.layers.21.attn.proj.weight                      | shape: (1024, 1024)         |   1.05M
2026-07-30 15:47:07,580 [INFO] Frozen encoder.layers.21.attn.proj.bias                        | shape: (1024,)              |   0.00M
2026-07-30 15:47:07,581 [INFO] Frozen encoder.layers.21.mlp.fc1.weight                        | shape: (4096, 1024)         |   4.19M
2026-07-30 15:47:07,581 [INFO] Frozen encoder.layers.21.mlp.fc1.bias                          | shape: (4096,)              |   0.00M
2026-07-30 15:47:07,581 [INFO] Frozen encoder.layers.21.mlp.fc2.weight                        | shape: (1024, 4096)         |   4.19M
2026-07-30 15:47:07,582 [INFO] Frozen encoder.layers.21.mlp.fc2.bias                          | shape: (1024,)              |   0.00M
2026-07-30 15:47:07,582 [INFO] Frozen encoder.layers.21.norm1.weight                          | shape: (1024,)              |   0.00M
2026-07-30 15:47:07,582 [INFO] Frozen encoder.layers.21.norm1.bias                            | shape: (1024,)              |   0.00M
2026-07-30 15:47:07,583 [INFO] Frozen encoder.layers.21.norm2.weight                          | shape: (1024,)              |   0.00M
2026-07-30 15:47:07,583 [INFO] Frozen encoder.layers.21.norm2.bias                            | shape: (1024,)              |   0.00M
2026-07-30 15:47:07,583 [INFO] Frozen encoder.layers.22.ls1                                   | shape: (1024,)              |   0.00M
2026-07-30 15:47:07,583 [INFO] Frozen encoder.layers.22.ls2                                   | shape: (1024,)              |   0.00M
2026-07-30 15:47:07,584 [INFO] Frozen encoder.layers.22.attn.qkv.weight                       | shape: (3072, 1024)         |   3.15M
2026-07-30 15:47:07,584 [INFO] Frozen encoder.layers.22.attn.qkv.bias                         | shape: (3072,)              |   0.00M
2026-07-30 15:47:07,584 [INFO] Frozen encoder.layers.22.attn.proj.weight                      | shape: (1024, 1024)         |   1.05M
2026-07-30 15:47:07,584 [INFO] Frozen encoder.layers.22.attn.proj.bias                        | shape: (1024,)              |   0.00M
2026-07-30 15:47:07,585 [INFO] Frozen encoder.layers.22.mlp.fc1.weight                        | shape: (4096, 1024)         |   4.19M
2026-07-30 15:47:07,585 [INFO] Frozen encoder.layers.22.mlp.fc1.bias                          | shape: (4096,)              |   0.00M
2026-07-30 15:47:07,585 [INFO] Frozen encoder.layers.22.mlp.fc2.weight                        | shape: (1024, 4096)         |   4.19M
2026-07-30 15:47:07,585 [INFO] Frozen encoder.layers.22.mlp.fc2.bias                          | shape: (1024,)              |   0.00M
2026-07-30 15:47:07,585 [INFO] Frozen encoder.layers.22.norm1.weight                          | shape: (1024,)              |   0.00M
2026-07-30 15:47:07,586 [INFO] Frozen encoder.layers.22.norm1.bias                            | shape: (1024,)              |   0.00M
2026-07-30 15:47:07,586 [INFO] Frozen encoder.layers.22.norm2.weight                          | shape: (1024,)              |   0.00M
2026-07-30 15:47:07,586 [INFO] Frozen encoder.layers.22.norm2.bias                            | shape: (1024,)              |   0.00M
2026-07-30 15:47:07,586 [INFO] Frozen encoder.layers.23.ls1                                   | shape: (1024,)              |   0.00M
2026-07-30 15:47:07,587 [INFO] Frozen encoder.layers.23.ls2                                   | shape: (1024,)              |   0.00M
2026-07-30 15:47:07,587 [INFO] Frozen encoder.layers.23.attn.qkv.weight                       | shape: (3072, 1024)         |   3.15M
2026-07-30 15:47:07,587 [INFO] Frozen encoder.layers.23.attn.qkv.bias                         | shape: (3072,)              |   0.00M
2026-07-30 15:47:07,587 [INFO] Frozen encoder.layers.23.attn.proj.weight                      | shape: (1024, 1024)         |   1.05M
2026-07-30 15:47:07,588 [INFO] Frozen encoder.layers.23.attn.proj.bias                        | shape: (1024,)              |   0.00M
2026-07-30 15:47:07,588 [INFO] Frozen encoder.layers.23.mlp.fc1.weight                        | shape: (4096, 1024)         |   4.19M
2026-07-30 15:47:07,588 [INFO] Frozen encoder.layers.23.mlp.fc1.bias                          | shape: (4096,)              |   0.00M
2026-07-30 15:47:07,588 [INFO] Frozen encoder.layers.23.mlp.fc2.weight                        | shape: (1024, 4096)         |   4.19M
2026-07-30 15:47:07,588 [INFO] Frozen encoder.layers.23.mlp.fc2.bias                          | shape: (1024,)              |   0.00M
2026-07-30 15:47:07,588 [INFO] Frozen encoder.layers.23.norm1.weight                          | shape: (1024,)              |   0.00M
2026-07-30 15:47:07,589 [INFO] Frozen encoder.layers.23.norm1.bias                            | shape: (1024,)              |   0.00M
2026-07-30 15:47:07,589 [INFO] Frozen encoder.layers.23.norm2.weight                          | shape: (1024,)              |   0.00M
2026-07-30 15:47:07,589 [INFO] Frozen encoder.layers.23.norm2.bias                            | shape: (1024,)              |   0.00M
2026-07-30 15:47:07,589 [INFO] ----------------------------------------------------------------------
2026-07-30 15:47:07,589 [INFO] Total     : 304.01M
2026-07-30 15:47:07,590 [INFO] Trainable : 0.00M
2026-07-30 15:47:07,590 [INFO] Frozen    : 304.01M
2026-07-30 15:47:07,590 [INFO] 
 Module: language_model
2026-07-30 15:47:07,590 [INFO] ----------------------------------------------------------------------
2026-07-30 15:47:07,591 [INFO] Frozen model.embed_tokens.weight                               | shape: (151674, 896)        | 135.90M
2026-07-30 15:47:07,591 [INFO] Frozen model.layers.0.self_attn.q_proj.weight                  | shape: (896, 896)           |   0.80M
2026-07-30 15:47:07,591 [INFO] Frozen model.layers.0.self_attn.q_proj.bias                    | shape: (896,)               |   0.00M
2026-07-30 15:47:07,591 [INFO] Frozen model.layers.0.self_attn.k_proj.weight                  | shape: (128, 896)           |   0.11M
2026-07-30 15:47:07,592 [INFO] Frozen model.layers.0.self_attn.k_proj.bias                    | shape: (128,)               |   0.00M
2026-07-30 15:47:07,592 [INFO] Frozen model.layers.0.self_attn.v_proj.weight                  | shape: (128, 896)           |   0.11M
2026-07-30 15:47:07,592 [INFO] Frozen model.layers.0.self_attn.v_proj.bias                    | shape: (128,)               |   0.00M
2026-07-30 15:47:07,592 [INFO] Frozen model.layers.0.self_attn.o_proj.weight                  | shape: (896, 896)           |   0.80M
2026-07-30 15:47:07,592 [INFO] Frozen model.layers.0.mlp.gate_proj.weight                     | shape: (4864, 896)          |   4.36M
2026-07-30 15:47:07,593 [INFO] Frozen model.layers.0.mlp.up_proj.weight                       | shape: (4864, 896)          |   4.36M
2026-07-30 15:47:07,593 [INFO] Frozen model.layers.0.mlp.down_proj.weight                     | shape: (896, 4864)          |   4.36M
2026-07-30 15:47:07,593 [INFO] Frozen model.layers.0.input_layernorm.weight                   | shape: (896,)               |   0.00M
2026-07-30 15:47:07,594 [INFO] Frozen model.layers.0.post_attention_layernorm.weight          | shape: (896,)               |   0.00M
2026-07-30 15:47:07,594 [INFO] Frozen model.layers.1.self_attn.q_proj.weight                  | shape: (896, 896)           |   0.80M
2026-07-30 15:47:07,594 [INFO] Frozen model.layers.1.self_attn.q_proj.bias                    | shape: (896,)               |   0.00M
2026-07-30 15:47:07,595 [INFO] Frozen model.layers.1.self_attn.k_proj.weight                  | shape: (128, 896)           |   0.11M
2026-07-30 15:47:07,595 [INFO] Frozen model.layers.1.self_attn.k_proj.bias                    | shape: (128,)               |   0.00M
2026-07-30 15:47:07,595 [INFO] Frozen model.layers.1.self_attn.v_proj.weight                  | shape: (128, 896)           |   0.11M
2026-07-30 15:47:07,595 [INFO] Frozen model.layers.1.self_attn.v_proj.bias                    | shape: (128,)               |   0.00M
2026-07-30 15:47:07,595 [INFO] Frozen model.layers.1.self_attn.o_proj.weight                  | shape: (896, 896)           |   0.80M
2026-07-30 15:47:07,596 [INFO] Frozen model.layers.1.mlp.gate_proj.weight                     | shape: (4864, 896)          |   4.36M
2026-07-30 15:47:07,596 [INFO] Frozen model.layers.1.mlp.up_proj.weight                       | shape: (4864, 896)          |   4.36M
2026-07-30 15:47:07,596 [INFO] Frozen model.layers.1.mlp.down_proj.weight                     | shape: (896, 4864)          |   4.36M
2026-07-30 15:47:07,597 [INFO] Frozen model.layers.1.input_layernorm.weight                   | shape: (896,)               |   0.00M
2026-07-30 15:47:07,597 [INFO] Frozen model.layers.1.post_attention_layernorm.weight          | shape: (896,)               |   0.00M
2026-07-30 15:47:07,597 [INFO] Frozen model.layers.2.self_attn.q_proj.weight                  | shape: (896, 896)           |   0.80M
2026-07-30 15:47:07,597 [INFO] Frozen model.layers.2.self_attn.q_proj.bias                    | shape: (896,)               |   0.00M
2026-07-30 15:47:07,598 [INFO] Frozen model.layers.2.self_attn.k_proj.weight                  | shape: (128, 896)           |   0.11M
2026-07-30 15:47:07,598 [INFO] Frozen model.layers.2.self_attn.k_proj.bias                    | shape: (128,)               |   0.00M
2026-07-30 15:47:07,598 [INFO] Frozen model.layers.2.self_attn.v_proj.weight                  | shape: (128, 896)           |   0.11M
2026-07-30 15:47:07,598 [INFO] Frozen model.layers.2.self_attn.v_proj.bias                    | shape: (128,)               |   0.00M
2026-07-30 15:47:07,599 [INFO] Frozen model.layers.2.self_attn.o_proj.weight                  | shape: (896, 896)           |   0.80M
2026-07-30 15:47:07,599 [INFO] Frozen model.layers.2.mlp.gate_proj.weight                     | shape: (4864, 896)          |   4.36M
2026-07-30 15:47:07,599 [INFO] Frozen model.layers.2.mlp.up_proj.weight                       | shape: (4864, 896)          |   4.36M
2026-07-30 15:47:07,599 [INFO] Frozen model.layers.2.mlp.down_proj.weight                     | shape: (896, 4864)          |   4.36M
2026-07-30 15:47:07,599 [INFO] Frozen model.layers.2.input_layernorm.weight                   | shape: (896,)               |   0.00M
2026-07-30 15:47:07,600 [INFO] Frozen model.layers.2.post_attention_layernorm.weight          | shape: (896,)               |   0.00M
2026-07-30 15:47:07,600 [INFO] Frozen model.layers.3.self_attn.q_proj.weight                  | shape: (896, 896)           |   0.80M
2026-07-30 15:47:07,600 [INFO] Frozen model.layers.3.self_attn.q_proj.bias                    | shape: (896,)               |   0.00M
2026-07-30 15:47:07,601 [INFO] Frozen model.layers.3.self_attn.k_proj.weight                  | shape: (128, 896)           |   0.11M
2026-07-30 15:47:07,601 [INFO] Frozen model.layers.3.self_attn.k_proj.bias                    | shape: (128,)               |   0.00M
2026-07-30 15:47:07,601 [INFO] Frozen model.layers.3.self_attn.v_proj.weight                  | shape: (128, 896)           |   0.11M
2026-07-30 15:47:07,601 [INFO] Frozen model.layers.3.self_attn.v_proj.bias                    | shape: (128,)               |   0.00M
2026-07-30 15:47:07,602 [INFO] Frozen model.layers.3.self_attn.o_proj.weight                  | shape: (896, 896)           |   0.80M
2026-07-30 15:47:07,602 [INFO] Frozen model.layers.3.mlp.gate_proj.weight                     | shape: (4864, 896)          |   4.36M
2026-07-30 15:47:07,602 [INFO] Frozen model.layers.3.mlp.up_proj.weight                       | shape: (4864, 896)          |   4.36M
2026-07-30 15:47:07,602 [INFO] Frozen model.layers.3.mlp.down_proj.weight                     | shape: (896, 4864)          |   4.36M
2026-07-30 15:47:07,603 [INFO] Frozen model.layers.3.input_layernorm.weight                   | shape: (896,)               |   0.00M
2026-07-30 15:47:07,603 [INFO] Frozen model.layers.3.post_attention_layernorm.weight          | shape: (896,)               |   0.00M
2026-07-30 15:47:07,603 [INFO] Frozen model.layers.4.self_attn.q_proj.weight                  | shape: (896, 896)           |   0.80M
2026-07-30 15:47:07,603 [INFO] Frozen model.layers.4.self_attn.q_proj.bias                    | shape: (896,)               |   0.00M
2026-07-30 15:47:07,604 [INFO] Frozen model.layers.4.self_attn.k_proj.weight                  | shape: (128, 896)           |   0.11M
2026-07-30 15:47:07,604 [INFO] Frozen model.layers.4.self_attn.k_proj.bias                    | shape: (128,)               |   0.00M
2026-07-30 15:47:07,604 [INFO] Frozen model.layers.4.self_attn.v_proj.weight                  | shape: (128, 896)           |   0.11M
2026-07-30 15:47:07,604 [INFO] Frozen model.layers.4.self_attn.v_proj.bias                    | shape: (128,)               |   0.00M
2026-07-30 15:47:07,605 [INFO] Frozen model.layers.4.self_attn.o_proj.weight                  | shape: (896, 896)           |   0.80M
2026-07-30 15:47:07,605 [INFO] Frozen model.layers.4.mlp.gate_proj.weight                     | shape: (4864, 896)          |   4.36M
2026-07-30 15:47:07,605 [INFO] Frozen model.layers.4.mlp.up_proj.weight                       | shape: (4864, 896)          |   4.36M
2026-07-30 15:47:07,605 [INFO] Frozen model.layers.4.mlp.down_proj.weight                     | shape: (896, 4864)          |   4.36M
2026-07-30 15:47:07,606 [INFO] Frozen model.layers.4.input_layernorm.weight                   | shape: (896,)               |   0.00M
2026-07-30 15:47:07,606 [INFO] Frozen model.layers.4.post_attention_layernorm.weight          | shape: (896,)               |   0.00M
2026-07-30 15:47:07,606 [INFO] Frozen model.layers.5.self_attn.q_proj.weight                  | shape: (896, 896)           |   0.80M
2026-07-30 15:47:07,607 [INFO] Frozen model.layers.5.self_attn.q_proj.bias                    | shape: (896,)               |   0.00M
2026-07-30 15:47:07,607 [INFO] Frozen model.layers.5.self_attn.k_proj.weight                  | shape: (128, 896)           |   0.11M
2026-07-30 15:47:07,607 [INFO] Frozen model.layers.5.self_attn.k_proj.bias                    | shape: (128,)               |   0.00M
2026-07-30 15:47:07,608 [INFO] Frozen model.layers.5.self_attn.v_proj.weight                  | shape: (128, 896)           |   0.11M
2026-07-30 15:47:07,608 [INFO] Frozen model.layers.5.self_attn.v_proj.bias                    | shape: (128,)               |   0.00M
2026-07-30 15:47:07,608 [INFO] Frozen model.layers.5.self_attn.o_proj.weight                  | shape: (896, 896)           |   0.80M
2026-07-30 15:47:07,608 [INFO] Frozen model.layers.5.mlp.gate_proj.weight                     | shape: (4864, 896)          |   4.36M
2026-07-30 15:47:07,609 [INFO] Frozen model.layers.5.mlp.up_proj.weight                       | shape: (4864, 896)          |   4.36M
2026-07-30 15:47:07,609 [INFO] Frozen model.layers.5.mlp.down_proj.weight                     | shape: (896, 4864)          |   4.36M
2026-07-30 15:47:07,609 [INFO] Frozen model.layers.5.input_layernorm.weight                   | shape: (896,)               |   0.00M
2026-07-30 15:47:07,609 [INFO] Frozen model.layers.5.post_attention_layernorm.weight          | shape: (896,)               |   0.00M
2026-07-30 15:47:07,610 [INFO] Frozen model.layers.6.self_attn.q_proj.weight                  | shape: (896, 896)           |   0.80M
2026-07-30 15:47:07,610 [INFO] Frozen model.layers.6.self_attn.q_proj.bias                    | shape: (896,)               |   0.00M
2026-07-30 15:47:07,610 [INFO] Frozen model.layers.6.self_attn.k_proj.weight                  | shape: (128, 896)           |   0.11M
2026-07-30 15:47:07,611 [INFO] Frozen model.layers.6.self_attn.k_proj.bias                    | shape: (128,)               |   0.00M
2026-07-30 15:47:07,611 [INFO] Frozen model.layers.6.self_attn.v_proj.weight                  | shape: (128, 896)           |   0.11M
2026-07-30 15:47:07,611 [INFO] Frozen model.layers.6.self_attn.v_proj.bias                    | shape: (128,)               |   0.00M
2026-07-30 15:47:07,611 [INFO] Frozen model.layers.6.self_attn.o_proj.weight                  | shape: (896, 896)           |   0.80M
2026-07-30 15:47:07,612 [INFO] Frozen model.layers.6.mlp.gate_proj.weight                     | shape: (4864, 896)          |   4.36M
2026-07-30 15:47:07,612 [INFO] Frozen model.layers.6.mlp.up_proj.weight                       | shape: (4864, 896)          |   4.36M
2026-07-30 15:47:07,612 [INFO] Frozen model.layers.6.mlp.down_proj.weight                     | shape: (896, 4864)          |   4.36M
2026-07-30 15:47:07,612 [INFO] Frozen model.layers.6.input_layernorm.weight                   | shape: (896,)               |   0.00M
2026-07-30 15:47:07,612 [INFO] Frozen model.layers.6.post_attention_layernorm.weight          | shape: (896,)               |   0.00M
2026-07-30 15:47:07,613 [INFO] Frozen model.layers.7.self_attn.q_proj.weight                  | shape: (896, 896)           |   0.80M
2026-07-30 15:47:07,613 [INFO] Frozen model.layers.7.self_attn.q_proj.bias                    | shape: (896,)               |   0.00M
2026-07-30 15:47:07,613 [INFO] Frozen model.layers.7.self_attn.k_proj.weight                  | shape: (128, 896)           |   0.11M
2026-07-30 15:47:07,613 [INFO] Frozen model.layers.7.self_attn.k_proj.bias                    | shape: (128,)               |   0.00M
2026-07-30 15:47:07,614 [INFO] Frozen model.layers.7.self_attn.v_proj.weight                  | shape: (128, 896)           |   0.11M
2026-07-30 15:47:07,614 [INFO] Frozen model.layers.7.self_attn.v_proj.bias                    | shape: (128,)               |   0.00M
2026-07-30 15:47:07,614 [INFO] Frozen model.layers.7.self_attn.o_proj.weight                  | shape: (896, 896)           |   0.80M
2026-07-30 15:47:07,614 [INFO] Frozen model.layers.7.mlp.gate_proj.weight                     | shape: (4864, 896)          |   4.36M
2026-07-30 15:47:07,615 [INFO] Frozen model.layers.7.mlp.up_proj.weight                       | shape: (4864, 896)          |   4.36M
2026-07-30 15:47:07,615 [INFO] Frozen model.layers.7.mlp.down_proj.weight                     | shape: (896, 4864)          |   4.36M
2026-07-30 15:47:07,615 [INFO] Frozen model.layers.7.input_layernorm.weight                   | shape: (896,)               |   0.00M
2026-07-30 15:47:07,615 [INFO] Frozen model.layers.7.post_attention_layernorm.weight          | shape: (896,)               |   0.00M
2026-07-30 15:47:07,616 [INFO] Frozen model.layers.8.self_attn.q_proj.weight                  | shape: (896, 896)           |   0.80M
2026-07-30 15:47:07,616 [INFO] Frozen model.layers.8.self_attn.q_proj.bias                    | shape: (896,)               |   0.00M
2026-07-30 15:47:07,616 [INFO] Frozen model.layers.8.self_attn.k_proj.weight                  | shape: (128, 896)           |   0.11M
2026-07-30 15:47:07,616 [INFO] Frozen model.layers.8.self_attn.k_proj.bias                    | shape: (128,)               |   0.00M
2026-07-30 15:47:07,616 [INFO] Frozen model.layers.8.self_attn.v_proj.weight                  | shape: (128, 896)           |   0.11M
2026-07-30 15:47:07,617 [INFO] Frozen model.layers.8.self_attn.v_proj.bias                    | shape: (128,)               |   0.00M
2026-07-30 15:47:07,617 [INFO] Frozen model.layers.8.self_attn.o_proj.weight                  | shape: (896, 896)           |   0.80M
2026-07-30 15:47:07,617 [INFO] Frozen model.layers.8.mlp.gate_proj.weight                     | shape: (4864, 896)          |   4.36M
2026-07-30 15:47:07,617 [INFO] Frozen model.layers.8.mlp.up_proj.weight                       | shape: (4864, 896)          |   4.36M
2026-07-30 15:47:07,618 [INFO] Frozen model.layers.8.mlp.down_proj.weight                     | shape: (896, 4864)          |   4.36M
2026-07-30 15:47:07,618 [INFO] Frozen model.layers.8.input_layernorm.weight                   | shape: (896,)               |   0.00M
2026-07-30 15:47:07,618 [INFO] Frozen model.layers.8.post_attention_layernorm.weight          | shape: (896,)               |   0.00M
2026-07-30 15:47:07,618 [INFO] Frozen model.layers.9.self_attn.q_proj.weight                  | shape: (896, 896)           |   0.80M
2026-07-30 15:47:07,619 [INFO] Frozen model.layers.9.self_attn.q_proj.bias                    | shape: (896,)               |   0.00M
2026-07-30 15:47:07,619 [INFO] Frozen model.layers.9.self_attn.k_proj.weight                  | shape: (128, 896)           |   0.11M
2026-07-30 15:47:07,619 [INFO] Frozen model.layers.9.self_attn.k_proj.bias                    | shape: (128,)               |   0.00M
2026-07-30 15:47:07,620 [INFO] Frozen model.layers.9.self_attn.v_proj.weight                  | shape: (128, 896)           |   0.11M
2026-07-30 15:47:07,620 [INFO] Frozen model.layers.9.self_attn.v_proj.bias                    | shape: (128,)               |   0.00M
2026-07-30 15:47:07,620 [INFO] Frozen model.layers.9.self_attn.o_proj.weight                  | shape: (896, 896)           |   0.80M
2026-07-30 15:47:07,620 [INFO] Frozen model.layers.9.mlp.gate_proj.weight                     | shape: (4864, 896)          |   4.36M
2026-07-30 15:47:07,620 [INFO] Frozen model.layers.9.mlp.up_proj.weight                       | shape: (4864, 896)          |   4.36M
2026-07-30 15:47:07,620 [INFO] Frozen model.layers.9.mlp.down_proj.weight                     | shape: (896, 4864)          |   4.36M
2026-07-30 15:47:07,621 [INFO] Frozen model.layers.9.input_layernorm.weight                   | shape: (896,)               |   0.00M
2026-07-30 15:47:07,621 [INFO] Frozen model.layers.9.post_attention_layernorm.weight          | shape: (896,)               |   0.00M
2026-07-30 15:47:07,621 [INFO] Frozen model.layers.10.self_attn.q_proj.weight                 | shape: (896, 896)           |   0.80M
2026-07-30 15:47:07,621 [INFO] Frozen model.layers.10.self_attn.q_proj.bias                   | shape: (896,)               |   0.00M
2026-07-30 15:47:07,622 [INFO] Frozen model.layers.10.self_attn.k_proj.weight                 | shape: (128, 896)           |   0.11M
2026-07-30 15:47:07,622 [INFO] Frozen model.layers.10.self_attn.k_proj.bias                   | shape: (128,)               |   0.00M
2026-07-30 15:47:07,622 [INFO] Frozen model.layers.10.self_attn.v_proj.weight                 | shape: (128, 896)           |   0.11M
2026-07-30 15:47:07,622 [INFO] Frozen model.layers.10.self_attn.v_proj.bias                   | shape: (128,)               |   0.00M
2026-07-30 15:47:07,622 [INFO] Frozen model.layers.10.self_attn.o_proj.weight                 | shape: (896, 896)           |   0.80M
2026-07-30 15:47:07,623 [INFO] Frozen model.layers.10.mlp.gate_proj.weight                    | shape: (4864, 896)          |   4.36M
2026-07-30 15:47:07,623 [INFO] Frozen model.layers.10.mlp.up_proj.weight                      | shape: (4864, 896)          |   4.36M
2026-07-30 15:47:07,623 [INFO] Frozen model.layers.10.mlp.down_proj.weight                    | shape: (896, 4864)          |   4.36M
2026-07-30 15:47:07,623 [INFO] Frozen model.layers.10.input_layernorm.weight                  | shape: (896,)               |   0.00M
2026-07-30 15:47:07,623 [INFO] Frozen model.layers.10.post_attention_layernorm.weight         | shape: (896,)               |   0.00M
2026-07-30 15:47:07,624 [INFO] Frozen model.layers.11.self_attn.q_proj.weight                 | shape: (896, 896)           |   0.80M
2026-07-30 15:47:07,624 [INFO] Frozen model.layers.11.self_attn.q_proj.bias                   | shape: (896,)               |   0.00M
2026-07-30 15:47:07,624 [INFO] Frozen model.layers.11.self_attn.k_proj.weight                 | shape: (128, 896)           |   0.11M
2026-07-30 15:47:07,624 [INFO] Frozen model.layers.11.self_attn.k_proj.bias                   | shape: (128,)               |   0.00M
2026-07-30 15:47:07,625 [INFO] Frozen model.layers.11.self_attn.v_proj.weight                 | shape: (128, 896)           |   0.11M
2026-07-30 15:47:07,625 [INFO] Frozen model.layers.11.self_attn.v_proj.bias                   | shape: (128,)               |   0.00M
2026-07-30 15:47:07,625 [INFO] Frozen model.layers.11.self_attn.o_proj.weight                 | shape: (896, 896)           |   0.80M
2026-07-30 15:47:07,625 [INFO] Frozen model.layers.11.mlp.gate_proj.weight                    | shape: (4864, 896)          |   4.36M
2026-07-30 15:47:07,626 [INFO] Frozen model.layers.11.mlp.up_proj.weight                      | shape: (4864, 896)          |   4.36M
2026-07-30 15:47:07,626 [INFO] Frozen model.layers.11.mlp.down_proj.weight                    | shape: (896, 4864)          |   4.36M
2026-07-30 15:47:07,626 [INFO] Frozen model.layers.11.input_layernorm.weight                  | shape: (896,)               |   0.00M
2026-07-30 15:47:07,626 [INFO] Frozen model.layers.11.post_attention_layernorm.weight         | shape: (896,)               |   0.00M
2026-07-30 15:47:07,627 [INFO] Frozen model.layers.12.self_attn.q_proj.weight                 | shape: (896, 896)           |   0.80M
2026-07-30 15:47:07,627 [INFO] Frozen model.layers.12.self_attn.q_proj.bias                   | shape: (896,)               |   0.00M
2026-07-30 15:47:07,627 [INFO] Frozen model.layers.12.self_attn.k_proj.weight                 | shape: (128, 896)           |   0.11M
2026-07-30 15:47:07,627 [INFO] Frozen model.layers.12.self_attn.k_proj.bias                   | shape: (128,)               |   0.00M
2026-07-30 15:47:07,628 [INFO] Frozen model.layers.12.self_attn.v_proj.weight                 | shape: (128, 896)           |   0.11M
2026-07-30 15:47:07,628 [INFO] Frozen model.layers.12.self_attn.v_proj.bias                   | shape: (128,)               |   0.00M
2026-07-30 15:47:07,628 [INFO] Frozen model.layers.12.self_attn.o_proj.weight                 | shape: (896, 896)           |   0.80M
2026-07-30 15:47:07,628 [INFO] Frozen model.layers.12.mlp.gate_proj.weight                    | shape: (4864, 896)          |   4.36M
2026-07-30 15:47:07,628 [INFO] Frozen model.layers.12.mlp.up_proj.weight                      | shape: (4864, 896)          |   4.36M
2026-07-30 15:47:07,629 [INFO] Frozen model.layers.12.mlp.down_proj.weight                    | shape: (896, 4864)          |   4.36M
2026-07-30 15:47:07,629 [INFO] Frozen model.layers.12.input_layernorm.weight                  | shape: (896,)               |   0.00M
2026-07-30 15:47:07,629 [INFO] Frozen model.layers.12.post_attention_layernorm.weight         | shape: (896,)               |   0.00M
2026-07-30 15:47:07,629 [INFO] Frozen model.layers.13.self_attn.q_proj.weight                 | shape: (896, 896)           |   0.80M
2026-07-30 15:47:07,630 [INFO] Frozen model.layers.13.self_attn.q_proj.bias                   | shape: (896,)               |   0.00M
2026-07-30 15:47:07,630 [INFO] Frozen model.layers.13.self_attn.k_proj.weight                 | shape: (128, 896)           |   0.11M
2026-07-30 15:47:07,630 [INFO] Frozen model.layers.13.self_attn.k_proj.bias                   | shape: (128,)               |   0.00M
2026-07-30 15:47:07,631 [INFO] Frozen model.layers.13.self_attn.v_proj.weight                 | shape: (128, 896)           |   0.11M
2026-07-30 15:47:07,631 [INFO] Frozen model.layers.13.self_attn.v_proj.bias                   | shape: (128,)               |   0.00M
2026-07-30 15:47:07,631 [INFO] Frozen model.layers.13.self_attn.o_proj.weight                 | shape: (896, 896)           |   0.80M
2026-07-30 15:47:07,632 [INFO] Frozen model.layers.13.mlp.gate_proj.weight                    | shape: (4864, 896)          |   4.36M
2026-07-30 15:47:07,632 [INFO] Frozen model.layers.13.mlp.up_proj.weight                      | shape: (4864, 896)          |   4.36M
2026-07-30 15:47:07,632 [INFO] Frozen model.layers.13.mlp.down_proj.weight                    | shape: (896, 4864)          |   4.36M
2026-07-30 15:47:07,633 [INFO] Frozen model.layers.13.input_layernorm.weight                  | shape: (896,)               |   0.00M
2026-07-30 15:47:07,633 [INFO] Frozen model.layers.13.post_attention_layernorm.weight         | shape: (896,)               |   0.00M
2026-07-30 15:47:07,633 [INFO] Frozen model.norm.weight                                       | shape: (896,)               |   0.00M
2026-07-30 15:47:07,633 [INFO] ----------------------------------------------------------------------
2026-07-30 15:47:07,634 [INFO] Total     : 344.67M
2026-07-30 15:47:07,634 [INFO] Trainable : 0.00M
2026-07-30 15:47:07,634 [INFO] Frozen    : 344.67M
2026-07-30 15:47:07,634 [INFO] 
 Module: action_head
2026-07-30 15:47:07,635 [INFO] ----------------------------------------------------------------------
2026-07-30 15:47:07,635 [INFO] Trainable transformer_blocks.0.attn.in_proj_weight                | shape: (2688, 896)          |   2.41M
2026-07-30 15:47:07,635 [INFO] Trainable transformer_blocks.0.attn.in_proj_bias                  | shape: (2688,)              |   0.00M
2026-07-30 15:47:07,635 [INFO] Trainable transformer_blocks.0.attn.out_proj.weight               | shape: (896, 896)           |   0.80M
2026-07-30 15:47:07,636 [INFO] Trainable transformer_blocks.0.attn.out_proj.bias                 | shape: (896,)               |   0.00M
2026-07-30 15:47:07,636 [INFO] Trainable transformer_blocks.0.norm1.weight                       | shape: (896,)               |   0.00M
2026-07-30 15:47:07,636 [INFO] Trainable transformer_blocks.0.norm1.bias                         | shape: (896,)               |   0.00M
2026-07-30 15:47:07,636 [INFO] Trainable transformer_blocks.0.norm2.weight                       | shape: (896,)               |   0.00M
2026-07-30 15:47:07,637 [INFO] Trainable transformer_blocks.0.norm2.bias                         | shape: (896,)               |   0.00M
2026-07-30 15:47:07,637 [INFO] Trainable transformer_blocks.0.ff.0.weight                        | shape: (3584, 896)          |   3.21M
2026-07-30 15:47:07,637 [INFO] Trainable transformer_blocks.0.ff.0.bias                          | shape: (3584,)              |   0.00M
2026-07-30 15:47:07,637 [INFO] Trainable transformer_blocks.0.ff.2.weight                        | shape: (896, 3584)          |   3.21M
2026-07-30 15:47:07,637 [INFO] Trainable transformer_blocks.0.ff.2.bias                          | shape: (896,)               |   0.00M
2026-07-30 15:47:07,638 [INFO] Trainable transformer_blocks.1.attn.in_proj_weight                | shape: (2688, 896)          |   2.41M
2026-07-30 15:47:07,638 [INFO] Trainable transformer_blocks.1.attn.in_proj_bias                  | shape: (2688,)              |   0.00M
2026-07-30 15:47:07,638 [INFO] Trainable transformer_blocks.1.attn.out_proj.weight               | shape: (896, 896)           |   0.80M
2026-07-30 15:47:07,638 [INFO] Trainable transformer_blocks.1.attn.out_proj.bias                 | shape: (896,)               |   0.00M
2026-07-30 15:47:07,639 [INFO] Trainable transformer_blocks.1.norm1.weight                       | shape: (896,)               |   0.00M
2026-07-30 15:47:07,639 [INFO] Trainable transformer_blocks.1.norm1.bias                         | shape: (896,)               |   0.00M
2026-07-30 15:47:07,639 [INFO] Trainable transformer_blocks.1.norm2.weight                       | shape: (896,)               |   0.00M
2026-07-30 15:47:07,640 [INFO] Trainable transformer_blocks.1.norm2.bias                         | shape: (896,)               |   0.00M
2026-07-30 15:47:07,640 [INFO] Trainable transformer_blocks.1.ff.0.weight                        | shape: (3584, 896)          |   3.21M
2026-07-30 15:47:07,640 [INFO] Trainable transformer_blocks.1.ff.0.bias                          | shape: (3584,)              |   0.00M
2026-07-30 15:47:07,641 [INFO] Trainable transformer_blocks.1.ff.2.weight                        | shape: (896, 3584)          |   3.21M
2026-07-30 15:47:07,641 [INFO] Trainable transformer_blocks.1.ff.2.bias                          | shape: (896,)               |   0.00M
2026-07-30 15:47:07,641 [INFO] Trainable transformer_blocks.2.attn.in_proj_weight                | shape: (2688, 896)          |   2.41M
2026-07-30 15:47:07,641 [INFO] Trainable transformer_blocks.2.attn.in_proj_bias                  | shape: (2688,)              |   0.00M
2026-07-30 15:47:07,642 [INFO] Trainable transformer_blocks.2.attn.out_proj.weight               | shape: (896, 896)           |   0.80M
2026-07-30 15:47:07,642 [INFO] Trainable transformer_blocks.2.attn.out_proj.bias                 | shape: (896,)               |   0.00M
2026-07-30 15:47:07,642 [INFO] Trainable transformer_blocks.2.norm1.weight                       | shape: (896,)               |   0.00M
2026-07-30 15:47:07,642 [INFO] Trainable transformer_blocks.2.norm1.bias                         | shape: (896,)               |   0.00M
2026-07-30 15:47:07,642 [INFO] Trainable transformer_blocks.2.norm2.weight                       | shape: (896,)               |   0.00M
2026-07-30 15:47:07,643 [INFO] Trainable transformer_blocks.2.norm2.bias                         | shape: (896,)               |   0.00M
2026-07-30 15:47:07,643 [INFO] Trainable transformer_blocks.2.ff.0.weight                        | shape: (3584, 896)          |   3.21M
2026-07-30 15:47:07,643 [INFO] Trainable transformer_blocks.2.ff.0.bias                          | shape: (3584,)              |   0.00M
2026-07-30 15:47:07,644 [INFO] Trainable transformer_blocks.2.ff.2.weight                        | shape: (896, 3584)          |   3.21M
2026-07-30 15:47:07,644 [INFO] Trainable transformer_blocks.2.ff.2.bias                          | shape: (896,)               |   0.00M
2026-07-30 15:47:07,644 [INFO] Trainable transformer_blocks.3.attn.in_proj_weight                | shape: (2688, 896)          |   2.41M
2026-07-30 15:47:07,644 [INFO] Trainable transformer_blocks.3.attn.in_proj_bias                  | shape: (2688,)              |   0.00M
2026-07-30 15:47:07,644 [INFO] Trainable transformer_blocks.3.attn.out_proj.weight               | shape: (896, 896)           |   0.80M
2026-07-30 15:47:07,645 [INFO] Trainable transformer_blocks.3.attn.out_proj.bias                 | shape: (896,)               |   0.00M
2026-07-30 15:47:07,645 [INFO] Trainable transformer_blocks.3.norm1.weight                       | shape: (896,)               |   0.00M
2026-07-30 15:47:07,645 [INFO] Trainable transformer_blocks.3.norm1.bias                         | shape: (896,)               |   0.00M
2026-07-30 15:47:07,646 [INFO] Trainable transformer_blocks.3.norm2.weight                       | shape: (896,)               |   0.00M
2026-07-30 15:47:07,646 [INFO] Trainable transformer_blocks.3.norm2.bias                         | shape: (896,)               |   0.00M
2026-07-30 15:47:07,646 [INFO] Trainable transformer_blocks.3.ff.0.weight                        | shape: (3584, 896)          |   3.21M
2026-07-30 15:47:07,646 [INFO] Trainable transformer_blocks.3.ff.0.bias                          | shape: (3584,)              |   0.00M
2026-07-30 15:47:07,647 [INFO] Trainable transformer_blocks.3.ff.2.weight                        | shape: (896, 3584)          |   3.21M
2026-07-30 15:47:07,647 [INFO] Trainable transformer_blocks.3.ff.2.bias                          | shape: (896,)               |   0.00M
2026-07-30 15:47:07,647 [INFO] Trainable transformer_blocks.4.attn.in_proj_weight                | shape: (2688, 896)          |   2.41M
2026-07-30 15:47:07,648 [INFO] Trainable transformer_blocks.4.attn.in_proj_bias                  | shape: (2688,)              |   0.00M
2026-07-30 15:47:07,648 [INFO] Trainable transformer_blocks.4.attn.out_proj.weight               | shape: (896, 896)           |   0.80M
2026-07-30 15:47:07,648 [INFO] Trainable transformer_blocks.4.attn.out_proj.bias                 | shape: (896,)               |   0.00M
2026-07-30 15:47:07,649 [INFO] Trainable transformer_blocks.4.norm1.weight                       | shape: (896,)               |   0.00M
2026-07-30 15:47:07,649 [INFO] Trainable transformer_blocks.4.norm1.bias                         | shape: (896,)               |   0.00M
2026-07-30 15:47:07,649 [INFO] Trainable transformer_blocks.4.norm2.weight                       | shape: (896,)               |   0.00M
2026-07-30 15:47:07,649 [INFO] Trainable transformer_blocks.4.norm2.bias                         | shape: (896,)               |   0.00M
2026-07-30 15:47:07,649 [INFO] Trainable transformer_blocks.4.ff.0.weight                        | shape: (3584, 896)          |   3.21M
2026-07-30 15:47:07,650 [INFO] Trainable transformer_blocks.4.ff.0.bias                          | shape: (3584,)              |   0.00M
2026-07-30 15:47:07,650 [INFO] Trainable transformer_blocks.4.ff.2.weight                        | shape: (896, 3584)          |   3.21M
2026-07-30 15:47:07,650 [INFO] Trainable transformer_blocks.4.ff.2.bias                          | shape: (896,)               |   0.00M
2026-07-30 15:47:07,650 [INFO] Trainable transformer_blocks.5.attn.in_proj_weight                | shape: (2688, 896)          |   2.41M
2026-07-30 15:47:07,651 [INFO] Trainable transformer_blocks.5.attn.in_proj_bias                  | shape: (2688,)              |   0.00M
2026-07-30 15:47:07,651 [INFO] Trainable transformer_blocks.5.attn.out_proj.weight               | shape: (896, 896)           |   0.80M
2026-07-30 15:47:07,651 [INFO] Trainable transformer_blocks.5.attn.out_proj.bias                 | shape: (896,)               |   0.00M
2026-07-30 15:47:07,651 [INFO] Trainable transformer_blocks.5.norm1.weight                       | shape: (896,)               |   0.00M
2026-07-30 15:47:07,652 [INFO] Trainable transformer_blocks.5.norm1.bias                         | shape: (896,)               |   0.00M
2026-07-30 15:47:07,652 [INFO] Trainable transformer_blocks.5.norm2.weight                       | shape: (896,)               |   0.00M
2026-07-30 15:47:07,652 [INFO] Trainable transformer_blocks.5.norm2.bias                         | shape: (896,)               |   0.00M
2026-07-30 15:47:07,652 [INFO] Trainable transformer_blocks.5.ff.0.weight                        | shape: (3584, 896)          |   3.21M
2026-07-30 15:47:07,653 [INFO] Trainable transformer_blocks.5.ff.0.bias                          | shape: (3584,)              |   0.00M
2026-07-30 15:47:07,653 [INFO] Trainable transformer_blocks.5.ff.2.weight                        | shape: (896, 3584)          |   3.21M
2026-07-30 15:47:07,653 [INFO] Trainable transformer_blocks.5.ff.2.bias                          | shape: (896,)               |   0.00M
2026-07-30 15:47:07,653 [INFO] Trainable transformer_blocks.6.attn.in_proj_weight                | shape: (2688, 896)          |   2.41M
2026-07-30 15:47:07,654 [INFO] Trainable transformer_blocks.6.attn.in_proj_bias                  | shape: (2688,)              |   0.00M
2026-07-30 15:47:07,654 [INFO] Trainable transformer_blocks.6.attn.out_proj.weight               | shape: (896, 896)           |   0.80M
2026-07-30 15:47:07,654 [INFO] Trainable transformer_blocks.6.attn.out_proj.bias                 | shape: (896,)               |   0.00M
2026-07-30 15:47:07,654 [INFO] Trainable transformer_blocks.6.norm1.weight                       | shape: (896,)               |   0.00M
2026-07-30 15:47:07,655 [INFO] Trainable transformer_blocks.6.norm1.bias                         | shape: (896,)               |   0.00M
2026-07-30 15:47:07,655 [INFO] Trainable transformer_blocks.6.norm2.weight                       | shape: (896,)               |   0.00M
2026-07-30 15:47:07,655 [INFO] Trainable transformer_blocks.6.norm2.bias                         | shape: (896,)               |   0.00M
2026-07-30 15:47:07,655 [INFO] Trainable transformer_blocks.6.ff.0.weight                        | shape: (3584, 896)          |   3.21M
2026-07-30 15:47:07,656 [INFO] Trainable transformer_blocks.6.ff.0.bias                          | shape: (3584,)              |   0.00M
2026-07-30 15:47:07,656 [INFO] Trainable transformer_blocks.6.ff.2.weight                        | shape: (896, 3584)          |   3.21M
2026-07-30 15:47:07,656 [INFO] Trainable transformer_blocks.6.ff.2.bias                          | shape: (896,)               |   0.00M
2026-07-30 15:47:07,657 [INFO] Trainable transformer_blocks.7.attn.in_proj_weight                | shape: (2688, 896)          |   2.41M
2026-07-30 15:47:07,657 [INFO] Trainable transformer_blocks.7.attn.in_proj_bias                  | shape: (2688,)              |   0.00M
2026-07-30 15:47:07,657 [INFO] Trainable transformer_blocks.7.attn.out_proj.weight               | shape: (896, 896)           |   0.80M
2026-07-30 15:47:07,658 [INFO] Trainable transformer_blocks.7.attn.out_proj.bias                 | shape: (896,)               |   0.00M
2026-07-30 15:47:07,658 [INFO] Trainable transformer_blocks.7.norm1.weight                       | shape: (896,)               |   0.00M
2026-07-30 15:47:07,658 [INFO] Trainable transformer_blocks.7.norm1.bias                         | shape: (896,)               |   0.00M
2026-07-30 15:47:07,658 [INFO] Trainable transformer_blocks.7.norm2.weight                       | shape: (896,)               |   0.00M
2026-07-30 15:47:07,658 [INFO] Trainable transformer_blocks.7.norm2.bias                         | shape: (896,)               |   0.00M
2026-07-30 15:47:07,659 [INFO] Trainable transformer_blocks.7.ff.0.weight                        | shape: (3584, 896)          |   3.21M
2026-07-30 15:47:07,659 [INFO] Trainable transformer_blocks.7.ff.0.bias                          | shape: (3584,)              |   0.00M
2026-07-30 15:47:07,659 [INFO] Trainable transformer_blocks.7.ff.2.weight                        | shape: (896, 3584)          |   3.21M
2026-07-30 15:47:07,659 [INFO] Trainable transformer_blocks.7.ff.2.bias                          | shape: (896,)               |   0.00M
2026-07-30 15:47:07,660 [INFO] Trainable norm_out.weight                                         | shape: (896,)               |   0.00M
2026-07-30 15:47:07,660 [INFO] Trainable norm_out.bias                                           | shape: (896,)               |   0.00M
2026-07-30 15:47:07,660 [INFO] Trainable seq_pool_proj.weight                                    | shape: (896, 44800)         |  40.14M
2026-07-30 15:47:07,661 [INFO] Trainable seq_pool_proj.bias                                      | shape: (896,)               |   0.00M
2026-07-30 15:47:07,661 [INFO] Trainable mlp_head.fc1.linear.weight                              | shape: (1024, 896)          |   0.92M
2026-07-30 15:47:07,661 [INFO] Trainable mlp_head.fc1.linear.bias                                | shape: (1024,)              |   0.00M
2026-07-30 15:47:07,661 [INFO] Trainable mlp_head.fc2.linear.weight                              | shape: (1200, 1024)         |   1.23M
2026-07-30 15:47:07,661 [INFO] Trainable mlp_head.fc2.linear.bias                                | shape: (1200,)              |   0.00M
2026-07-30 15:47:07,661 [INFO] Trainable state_encoder.fc1.linear.weight                         | shape: (1024, 24)           |   0.02M
2026-07-30 15:47:07,662 [INFO] Trainable state_encoder.fc1.linear.bias                           | shape: (1024,)              |   0.00M
2026-07-30 15:47:07,662 [INFO] Trainable state_encoder.fc2.linear.weight                         | shape: (896, 1024)          |   0.92M
2026-07-30 15:47:07,662 [INFO] Trainable state_encoder.fc2.linear.bias                           | shape: (896,)               |   0.00M
2026-07-30 15:47:07,662 [INFO] Trainable action_encoder.W1.linear.weight                         | shape: (896, 24)            |   0.02M
2026-07-30 15:47:07,663 [INFO] Trainable action_encoder.W1.linear.bias                           | shape: (896,)               |   0.00M
2026-07-30 15:47:07,663 [INFO] Trainable action_encoder.W2.linear.weight                         | shape: (896, 896)           |   0.80M
2026-07-30 15:47:07,663 [INFO] Trainable action_encoder.W2.linear.bias                           | shape: (896,)               |   0.00M
2026-07-30 15:47:07,663 [INFO] Trainable action_encoder.W3.linear.weight                         | shape: (896, 896)           |   0.80M
2026-07-30 15:47:07,664 [INFO] Trainable action_encoder.W3.linear.bias                           | shape: (896,)               |   0.00M
2026-07-30 15:47:07,664 [INFO] ----------------------------------------------------------------------
2026-07-30 15:47:07,664 [INFO] Total     : 122.03M
2026-07-30 15:47:07,664 [INFO] Trainable : 122.03M
2026-07-30 15:47:07,665 [INFO] Frozen    : 0.00M
2026-07-30 15:47:07,665 [INFO] ======================================================================
2026-07-30 15:47:07,665 [INFO] ALL TOTAL     : 770.72M
2026-07-30 15:47:07,665 [INFO] ALL TRAINABLE : 122.03M
2026-07-30 15:47:07,666 [INFO] ALL FROZEN    : 648.69M
2026-07-30 15:47:07,666 [INFO] ======================================================================
2026-07-30 15:47:15,653 [INFO] Estimated Epoch: 0.00
2026-07-30 15:47:15,654 [INFO] [Step 0] Loss: 1.0312
2026-07-30 15:47:42,828 [INFO] Estimated Epoch: 0.05
2026-07-30 15:47:42,828 [INFO] [Step 10] Loss: 1.0469
2026-07-30 15:48:09,493 [INFO] Estimated Epoch: 0.10
2026-07-30 15:48:09,494 [INFO] [Step 20] Loss: 1.0547
2026-07-30 15:48:36,199 [INFO] Estimated Epoch: 0.15
2026-07-30 15:48:36,199 [INFO] [Step 30] Loss: 1.0469
2026-07-30 15:49:02,972 [INFO] Estimated Epoch: 0.20
2026-07-30 15:49:02,973 [INFO] [Step 40] Loss: 1.0625
2026-07-30 15:49:29,444 [INFO] Estimated Epoch: 0.25
2026-07-30 15:49:29,445 [INFO] [Step 50] Loss: 0.9531
2026-07-30 15:49:56,042 [INFO] Estimated Epoch: 0.30
2026-07-30 15:49:56,043 [INFO] [Step 60] Loss: 0.8789
2026-07-30 15:50:22,404 [INFO] Estimated Epoch: 0.34
2026-07-30 15:50:22,404 [INFO] [Step 70] Loss: 0.8203
2026-07-30 15:50:49,380 [INFO] Estimated Epoch: 0.39
2026-07-30 15:50:49,381 [INFO] [Step 80] Loss: 0.7617
2026-07-30 15:51:16,181 [INFO] Estimated Epoch: 0.44
2026-07-30 15:51:16,183 [INFO] [Step 90] Loss: 0.7344
2026-07-30 15:51:43,026 [INFO] Estimated Epoch: 0.49
2026-07-30 15:51:43,027 [INFO] [Step 100] Loss: 0.6211
2026-07-30 15:52:09,865 [INFO] Estimated Epoch: 0.54
2026-07-30 15:52:09,865 [INFO] [Step 110] Loss: 0.6367
2026-07-30 15:52:36,387 [INFO] Estimated Epoch: 0.59
2026-07-30 15:52:36,387 [INFO] [Step 120] Loss: 0.5859
2026-07-30 15:53:03,099 [INFO] Estimated Epoch: 0.64
2026-07-30 15:53:03,099 [INFO] [Step 130] Loss: 0.6016
2026-07-30 15:53:29,928 [INFO] Estimated Epoch: 0.69
2026-07-30 15:53:29,928 [INFO] [Step 140] Loss: 0.6016
2026-07-30 15:53:56,407 [INFO] Estimated Epoch: 0.74
2026-07-30 15:53:56,407 [INFO] [Step 150] Loss: 0.5352
2026-07-30 15:54:22,791 [INFO] Estimated Epoch: 0.79
2026-07-30 15:54:22,792 [INFO] [Step 160] Loss: 0.5312
2026-07-30 15:54:49,611 [INFO] Estimated Epoch: 0.84
2026-07-30 15:54:49,612 [INFO] [Step 170] Loss: 0.5312
2026-07-30 15:55:16,515 [INFO] Estimated Epoch: 0.89
2026-07-30 15:55:16,515 [INFO] [Step 180] Loss: 0.5156
2026-07-30 15:55:43,703 [INFO] Estimated Epoch: 0.94
2026-07-30 15:55:43,704 [INFO] [Step 190] Loss: 0.5039
2026-07-30 15:56:10,111 [INFO] Estimated Epoch: 0.99
2026-07-30 15:56:10,112 [INFO] [Step 200] Loss: 0.5039
2026-07-30 15:56:38,475 [INFO] Estimated Epoch: 1.03
2026-07-30 15:56:38,478 [INFO] [Step 210] Loss: 0.5664
2026-07-30 15:57:05,126 [INFO] Estimated Epoch: 1.08
2026-07-30 15:57:05,127 [INFO] [Step 220] Loss: 0.4922
2026-07-30 15:57:31,652 [INFO] Estimated Epoch: 1.13
2026-07-30 15:57:31,653 [INFO] [Step 230] Loss: 0.4766
2026-07-30 15:57:58,469 [INFO] Estimated Epoch: 1.18
2026-07-30 15:57:58,469 [INFO] [Step 240] Loss: 0.5312
2026-07-30 15:58:24,949 [INFO] Estimated Epoch: 1.23
2026-07-30 15:58:24,950 [INFO] [Step 250] Loss: 0.4961
2026-07-30 15:58:51,432 [INFO] Estimated Epoch: 1.28
2026-07-30 15:58:51,433 [INFO] [Step 260] Loss: 0.5195
2026-07-30 15:59:17,863 [INFO] Estimated Epoch: 1.33
2026-07-30 15:59:17,863 [INFO] [Step 270] Loss: 0.5898
2026-07-30 15:59:43,994 [INFO] Estimated Epoch: 1.38
2026-07-30 15:59:43,994 [INFO] [Step 280] Loss: 0.5234
2026-07-30 16:00:10,406 [INFO] Estimated Epoch: 1.43
2026-07-30 16:00:10,406 [INFO] [Step 290] Loss: 0.5508
2026-07-30 16:00:38,180 [INFO] Estimated Epoch: 1.48
2026-07-30 16:00:38,181 [INFO] [Step 300] Loss: 0.5156
2026-07-30 16:01:09,239 [INFO] Estimated Epoch: 1.53
2026-07-30 16:01:09,239 [INFO] [Step 310] Loss: 0.5352
2026-07-30 16:01:39,198 [INFO] Estimated Epoch: 1.58
2026-07-30 16:01:39,198 [INFO] [Step 320] Loss: 0.5469
2026-07-30 16:02:09,147 [INFO] Estimated Epoch: 1.63
2026-07-30 16:02:09,148 [INFO] [Step 330] Loss: 0.5391
2026-07-30 16:02:39,248 [INFO] Estimated Epoch: 1.67
2026-07-30 16:02:39,249 [INFO] [Step 340] Loss: 0.5000
2026-07-30 16:03:09,506 [INFO] Estimated Epoch: 1.72
2026-07-30 16:03:09,506 [INFO] [Step 350] Loss: 0.5625
2026-07-30 16:03:39,702 [INFO] Estimated Epoch: 1.77
2026-07-30 16:03:39,703 [INFO] [Step 360] Loss: 0.5156
2026-07-30 16:04:09,765 [INFO] Estimated Epoch: 1.82
2026-07-30 16:04:09,766 [INFO] [Step 370] Loss: 0.5078
2026-07-30 16:04:39,861 [INFO] Estimated Epoch: 1.87
2026-07-30 16:04:39,862 [INFO] [Step 380] Loss: 0.5312
2026-07-30 16:05:10,282 [INFO] Estimated Epoch: 1.92
2026-07-30 16:05:10,283 [INFO] [Step 390] Loss: 0.5273
2026-07-30 16:05:40,436 [INFO] Estimated Epoch: 1.97
2026-07-30 16:05:40,437 [INFO] [Step 400] Loss: 0.5039
2026-07-30 16:06:11,067 [INFO] Estimated Epoch: 2.02
2026-07-30 16:06:11,068 [INFO] [Step 410] Loss: 0.5000
2026-07-30 16:06:41,099 [INFO] Estimated Epoch: 2.07
2026-07-30 16:06:41,100 [INFO] [Step 420] Loss: 0.4746
2026-07-30 16:07:11,061 [INFO] Estimated Epoch: 2.12
2026-07-30 16:07:11,062 [INFO] [Step 430] Loss: 0.5391
2026-07-30 16:07:41,043 [INFO] Estimated Epoch: 2.17
2026-07-30 16:07:41,044 [INFO] [Step 440] Loss: 0.4961
2026-07-30 16:08:10,986 [INFO] Estimated Epoch: 2.22
2026-07-30 16:08:10,987 [INFO] [Step 450] Loss: 0.4453
2026-07-30 16:08:41,378 [INFO] Estimated Epoch: 2.27
2026-07-30 16:08:41,379 [INFO] [Step 460] Loss: 0.5195
2026-07-30 16:09:11,603 [INFO] Estimated Epoch: 2.32
2026-07-30 16:09:11,604 [INFO] [Step 470] Loss: 0.4746
2026-07-30 16:09:41,845 [INFO] Estimated Epoch: 2.36
2026-07-30 16:09:41,846 [INFO] [Step 480] Loss: 0.4648
2026-07-30 16:10:11,822 [INFO] Estimated Epoch: 2.41
2026-07-30 16:10:11,823 [INFO] [Step 490] Loss: 0.4629
2026-07-30 16:10:41,871 [INFO] Estimated Epoch: 2.46
2026-07-30 16:10:41,872 [INFO] [Step 500] Loss: 0.4746
2026-07-30 16:11:11,999 [INFO] Estimated Epoch: 2.51
2026-07-30 16:11:12,000 [INFO] [Step 510] Loss: 0.5078
2026-07-30 16:11:42,168 [INFO] Estimated Epoch: 2.56
2026-07-30 16:11:42,168 [INFO] [Step 520] Loss: 0.4863
2026-07-30 16:12:12,165 [INFO] Estimated Epoch: 2.61
2026-07-30 16:12:12,166 [INFO] [Step 530] Loss: 0.4531
2026-07-30 16:12:42,352 [INFO] Estimated Epoch: 2.66
2026-07-30 16:12:42,353 [INFO] [Step 540] Loss: 0.4863
2026-07-30 16:13:12,405 [INFO] Estimated Epoch: 2.71
2026-07-30 16:13:12,406 [INFO] [Step 550] Loss: 0.5391
2026-07-30 16:13:42,347 [INFO] Estimated Epoch: 2.76
2026-07-30 16:13:42,348 [INFO] [Step 560] Loss: 0.4219
2026-07-30 16:14:12,244 [INFO] Estimated Epoch: 2.81
2026-07-30 16:14:12,244 [INFO] [Step 570] Loss: 0.4883
2026-07-30 16:14:42,499 [INFO] Estimated Epoch: 2.86
2026-07-30 16:14:42,499 [INFO] [Step 580] Loss: 0.5117
2026-07-30 16:15:12,694 [INFO] Estimated Epoch: 2.91
2026-07-30 16:15:12,695 [INFO] [Step 590] Loss: 0.4961
2026-07-30 16:15:45,255 [INFO] Estimated Epoch: 2.96
2026-07-30 16:15:45,256 [INFO] [Step 600] Loss: 0.4688
2026-07-30 16:16:16,107 [INFO] Estimated Epoch: 3.00
2026-07-30 16:16:16,107 [INFO] [Step 610] Loss: 0.4746
2026-07-30 16:16:46,245 [INFO] Estimated Epoch: 3.05
2026-07-30 16:16:46,246 [INFO] [Step 620] Loss: 0.5156
2026-07-30 16:17:16,471 [INFO] Estimated Epoch: 3.10
2026-07-30 16:17:16,472 [INFO] [Step 630] Loss: 0.4961
2026-07-30 16:17:46,575 [INFO] Estimated Epoch: 3.15
2026-07-30 16:17:46,576 [INFO] [Step 640] Loss: 0.4746
2026-07-30 16:18:16,526 [INFO] Estimated Epoch: 3.20
2026-07-30 16:18:16,527 [INFO] [Step 650] Loss: 0.4609
2026-07-30 16:19:02,299 [INFO] Estimated Epoch: 3.25
2026-07-30 16:19:02,300 [INFO] [Step 660] Loss: 0.4414
2026-07-30 16:19:37,546 [INFO] Estimated Epoch: 3.30
2026-07-30 16:19:37,547 [INFO] [Step 670] Loss: 0.4570
2026-07-30 16:20:07,517 [INFO] Estimated Epoch: 3.35
2026-07-30 16:20:07,518 [INFO] [Step 680] Loss: 0.4453
2026-07-30 16:20:37,797 [INFO] Estimated Epoch: 3.40
2026-07-30 16:20:37,798 [INFO] [Step 690] Loss: 0.4570
2026-07-30 16:21:08,244 [INFO] Estimated Epoch: 3.45
2026-07-30 16:21:08,245 [INFO] [Step 700] Loss: 0.4629
2026-07-30 16:21:38,327 [INFO] Estimated Epoch: 3.50
2026-07-30 16:21:38,328 [INFO] [Step 710] Loss: 0.4180
2026-07-30 16:22:08,357 [INFO] Estimated Epoch: 3.55
2026-07-30 16:22:08,358 [INFO] [Step 720] Loss: 0.4746
2026-07-30 16:22:38,501 [INFO] Estimated Epoch: 3.60
2026-07-30 16:22:38,501 [INFO] [Step 730] Loss: 0.4336
2026-07-30 16:23:08,645 [INFO] Estimated Epoch: 3.65
2026-07-30 16:23:08,645 [INFO] [Step 740] Loss: 0.4375
2026-07-30 16:23:38,764 [INFO] Estimated Epoch: 3.69
2026-07-30 16:23:38,765 [INFO] [Step 750] Loss: 0.4297
2026-07-30 16:24:08,764 [INFO] Estimated Epoch: 3.74
2026-07-30 16:24:08,765 [INFO] [Step 760] Loss: 0.4395
2026-07-30 16:24:38,915 [INFO] Estimated Epoch: 3.79
2026-07-30 16:24:38,915 [INFO] [Step 770] Loss: 0.4492
2026-07-30 16:25:09,205 [INFO] Estimated Epoch: 3.84
2026-07-30 16:25:09,205 [INFO] [Step 780] Loss: 0.4746
2026-07-30 16:25:39,238 [INFO] Estimated Epoch: 3.89
2026-07-30 16:25:39,239 [INFO] [Step 790] Loss: 0.4570
2026-07-30 16:26:09,375 [INFO] Estimated Epoch: 3.94
2026-07-30 16:26:09,376 [INFO] [Step 800] Loss: 0.4609
2026-07-30 16:26:39,668 [INFO] Estimated Epoch: 3.99
2026-07-30 16:26:39,669 [INFO] [Step 810] Loss: 0.4492
2026-07-30 16:27:10,860 [INFO] Estimated Epoch: 4.04
2026-07-30 16:27:10,861 [INFO] [Step 820] Loss: 0.4492
2026-07-30 16:27:41,072 [INFO] Estimated Epoch: 4.09
2026-07-30 16:27:41,073 [INFO] [Step 830] Loss: 0.4277
2026-07-30 16:28:11,265 [INFO] Estimated Epoch: 4.14
2026-07-30 16:28:11,265 [INFO] [Step 840] Loss: 0.4141
2026-07-30 16:28:41,340 [INFO] Estimated Epoch: 4.19
2026-07-30 16:28:41,340 [INFO] [Step 850] Loss: 0.4160
2026-07-30 16:29:11,555 [INFO] Estimated Epoch: 4.24
2026-07-30 16:29:11,556 [INFO] [Step 860] Loss: 0.4375
2026-07-30 16:29:41,735 [INFO] Estimated Epoch: 4.29
2026-07-30 16:29:41,736 [INFO] [Step 870] Loss: 0.4277
2026-07-30 16:30:11,985 [INFO] Estimated Epoch: 4.33
2026-07-30 16:30:11,986 [INFO] [Step 880] Loss: 0.4395
2026-07-30 16:30:42,253 [INFO] Estimated Epoch: 4.38
2026-07-30 16:30:42,254 [INFO] [Step 890] Loss: 0.4180
2026-07-30 16:31:12,438 [INFO] Estimated Epoch: 4.43
2026-07-30 16:31:12,439 [INFO] [Step 900] Loss: 0.4277
2026-07-30 16:31:42,609 [INFO] Estimated Epoch: 4.48
2026-07-30 16:31:42,610 [INFO] [Step 910] Loss: 0.4453
2026-07-30 16:32:12,780 [INFO] Estimated Epoch: 4.53
2026-07-30 16:32:12,781 [INFO] [Step 920] Loss: 0.4160
2026-07-30 16:32:43,169 [INFO] Estimated Epoch: 4.58
2026-07-30 16:32:43,170 [INFO] [Step 930] Loss: 0.4395
2026-07-30 16:33:13,437 [INFO] Estimated Epoch: 4.63
2026-07-30 16:33:13,437 [INFO] [Step 940] Loss: 0.4180
2026-07-30 16:33:43,564 [INFO] Estimated Epoch: 4.68
2026-07-30 16:33:43,565 [INFO] [Step 950] Loss: 0.4297
2026-07-30 16:34:13,587 [INFO] Estimated Epoch: 4.73
2026-07-30 16:34:13,587 [INFO] [Step 960] Loss: 0.4043
2026-07-30 16:34:43,577 [INFO] Estimated Epoch: 4.78
2026-07-30 16:34:43,578 [INFO] [Step 970] Loss: 0.4277
2026-07-30 16:35:13,810 [INFO] Estimated Epoch: 4.83
2026-07-30 16:35:13,811 [INFO] [Step 980] Loss: 0.4062
2026-07-30 16:35:43,960 [INFO] Estimated Epoch: 4.88
2026-07-30 16:35:43,961 [INFO] [Step 990] Loss: 0.4141
2026-07-30 16:36:13,917 [INFO] Estimated Epoch: 4.93
2026-07-30 16:36:13,917 [INFO] [Step 1000] Loss: 0.4258
2026-07-30 16:36:44,128 [INFO] Estimated Epoch: 4.98
2026-07-30 16:36:44,129 [INFO] [Step 1010] Loss: 0.4219
2026-07-30 16:37:15,077 [INFO] Estimated Epoch: 5.02
2026-07-30 16:37:15,077 [INFO] [Step 1020] Loss: 0.4062
2026-07-30 16:37:45,089 [INFO] Estimated Epoch: 5.07
2026-07-30 16:37:45,090 [INFO] [Step 1030] Loss: 0.4043
2026-07-30 16:38:23,209 [INFO] [Rank 0] Saved checkpoint to /home/user/mujoco+evo/ckpt/evo1_mujoco_pickplace_stage1/step_best
2026-07-30 16:38:23,210 [INFO] Saved best checkpoint at step 1035 with loss 0.373047
2026-07-30 16:38:38,670 [INFO] Estimated Epoch: 5.12
2026-07-30 16:38:38,671 [INFO] [Step 1040] Loss: 0.4102
2026-07-30 16:39:09,102 [INFO] Estimated Epoch: 5.17
2026-07-30 16:39:09,103 [INFO] [Step 1050] Loss: 0.3984
2026-07-30 16:39:39,367 [INFO] Estimated Epoch: 5.22
2026-07-30 16:39:39,368 [INFO] [Step 1060] Loss: 0.4453
2026-07-30 16:40:09,634 [INFO] Estimated Epoch: 5.27
2026-07-30 16:40:09,635 [INFO] [Step 1070] Loss: 0.3828
2026-07-30 16:40:39,789 [INFO] Estimated Epoch: 5.32
2026-07-30 16:40:39,790 [INFO] [Step 1080] Loss: 0.4043
2026-07-30 16:41:10,277 [INFO] Estimated Epoch: 5.37
2026-07-30 16:41:10,278 [INFO] [Step 1090] Loss: 0.4043
2026-07-30 16:41:40,434 [INFO] Estimated Epoch: 5.42
2026-07-30 16:41:40,435 [INFO] [Step 1100] Loss: 0.4141
2026-07-30 16:42:10,362 [INFO] Estimated Epoch: 5.47
2026-07-30 16:42:10,363 [INFO] [Step 1110] Loss: 0.4219
2026-07-30 16:42:22,376 [WARNING] Checkpoint directory /home/user/mujoco+evo/ckpt/evo1_mujoco_pickplace_stage1/step_best exists. Removing before overwrite.
2026-07-30 16:42:26,759 [INFO] [Rank 0] Saved checkpoint to /home/user/mujoco+evo/ckpt/evo1_mujoco_pickplace_stage1/step_best
2026-07-30 16:42:26,761 [INFO] Saved best checkpoint at step 1114 with loss 0.359375
2026-07-30 16:42:45,255 [INFO] Estimated Epoch: 5.52
2026-07-30 16:42:45,255 [INFO] [Step 1120] Loss: 0.3906
2026-07-30 16:43:15,566 [INFO] Estimated Epoch: 5.57
2026-07-30 16:43:15,566 [INFO] [Step 1130] Loss: 0.3867
2026-07-30 16:43:46,888 [INFO] Estimated Epoch: 5.62
2026-07-30 16:43:46,889 [INFO] [Step 1140] Loss: 0.4297
2026-07-30 16:44:17,769 [INFO] Estimated Epoch: 5.67
2026-07-30 16:44:17,770 [INFO] [Step 1150] Loss: 0.3945
2026-07-30 16:44:48,413 [INFO] Estimated Epoch: 5.71
2026-07-30 16:44:48,413 [INFO] [Step 1160] Loss: 0.4062
2026-07-30 16:45:18,658 [INFO] Estimated Epoch: 5.76
2026-07-30 16:45:18,658 [INFO] [Step 1170] Loss: 0.3711
2026-07-30 16:45:48,928 [INFO] Estimated Epoch: 5.81
2026-07-30 16:45:48,929 [INFO] [Step 1180] Loss: 0.3906
2026-07-30 16:46:19,065 [INFO] Estimated Epoch: 5.86
2026-07-30 16:46:19,066 [INFO] [Step 1190] Loss: 0.3926
2026-07-30 16:46:49,285 [INFO] Estimated Epoch: 5.91
2026-07-30 16:46:49,285 [INFO] [Step 1200] Loss: 0.3867
2026-07-30 16:47:19,576 [INFO] Estimated Epoch: 5.96
2026-07-30 16:47:19,577 [INFO] [Step 1210] Loss: 0.3809
2026-07-30 16:47:50,509 [INFO] Estimated Epoch: 6.01
2026-07-30 16:47:50,510 [INFO] [Step 1220] Loss: 0.3828
2026-07-30 16:48:20,424 [INFO] Estimated Epoch: 6.06
2026-07-30 16:48:20,425 [INFO] [Step 1230] Loss: 0.3867
2026-07-30 16:48:50,820 [INFO] Estimated Epoch: 6.11
2026-07-30 16:48:50,821 [INFO] [Step 1240] Loss: 0.3789
2026-07-30 16:49:11,993 [WARNING] Checkpoint directory /home/user/mujoco+evo/ckpt/evo1_mujoco_pickplace_stage1/step_best exists. Removing before overwrite.
2026-07-30 16:49:16,503 [INFO] [Rank 0] Saved checkpoint to /home/user/mujoco+evo/ckpt/evo1_mujoco_pickplace_stage1/step_best
2026-07-30 16:49:16,504 [INFO] Saved best checkpoint at step 1247 with loss 0.355469
2026-07-30 16:49:25,508 [INFO] Estimated Epoch: 6.16
2026-07-30 16:49:25,508 [INFO] [Step 1250] Loss: 0.3750
2026-07-30 16:49:55,637 [INFO] Estimated Epoch: 6.21
2026-07-30 16:49:55,638 [INFO] [Step 1260] Loss: 0.3535
2026-07-30 16:49:55,640 [WARNING] Checkpoint directory /home/user/mujoco+evo/ckpt/evo1_mujoco_pickplace_stage1/step_best exists. Removing before overwrite.
2026-07-30 16:49:59,847 [INFO] [Rank 0] Saved checkpoint to /home/user/mujoco+evo/ckpt/evo1_mujoco_pickplace_stage1/step_best
2026-07-30 16:49:59,849 [INFO] Saved best checkpoint at step 1260 with loss 0.353516
2026-07-30 16:50:39,181 [INFO] Estimated Epoch: 6.26
2026-07-30 16:50:39,182 [INFO] [Step 1270] Loss: 0.3750
2026-07-30 16:50:46,975 [WARNING] Checkpoint directory /home/user/mujoco+evo/ckpt/evo1_mujoco_pickplace_stage1/step_best exists. Removing before overwrite.
2026-07-30 16:50:57,282 [INFO] [Rank 0] Saved checkpoint to /home/user/mujoco+evo/ckpt/evo1_mujoco_pickplace_stage1/step_best
2026-07-30 16:50:57,284 [INFO] Saved best checkpoint at step 1272 with loss 0.339844
2026-07-30 16:51:24,548 [INFO] Estimated Epoch: 6.31
2026-07-30 16:51:24,548 [INFO] [Step 1280] Loss: 0.3594
2026-07-30 16:51:58,625 [INFO] Estimated Epoch: 6.35
2026-07-30 16:51:58,626 [INFO] [Step 1290] Loss: 0.3516
2026-07-30 16:52:32,716 [INFO] Estimated Epoch: 6.40
2026-07-30 16:52:32,717 [INFO] [Step 1300] Loss: 0.3711
2026-07-30 16:53:06,700 [INFO] Estimated Epoch: 6.45
2026-07-30 16:53:06,701 [INFO] [Step 1310] Loss: 0.3594
2026-07-30 16:53:20,299 [WARNING] Checkpoint directory /home/user/mujoco+evo/ckpt/evo1_mujoco_pickplace_stage1/step_best exists. Removing before overwrite.
2026-07-30 16:53:24,493 [INFO] [Rank 0] Saved checkpoint to /home/user/mujoco+evo/ckpt/evo1_mujoco_pickplace_stage1/step_best
2026-07-30 16:53:24,494 [INFO] Saved best checkpoint at step 1314 with loss 0.333984
2026-07-30 16:53:44,930 [INFO] Estimated Epoch: 6.50
2026-07-30 16:53:44,931 [INFO] [Step 1320] Loss: 0.3594
2026-07-30 16:54:18,761 [INFO] Estimated Epoch: 6.55
2026-07-30 16:54:18,761 [INFO] [Step 1330] Loss: 0.3906
2026-07-30 16:54:39,238 [WARNING] Checkpoint directory /home/user/mujoco+evo/ckpt/evo1_mujoco_pickplace_stage1/step_best exists. Removing before overwrite.
2026-07-30 16:54:43,166 [INFO] [Rank 0] Saved checkpoint to /home/user/mujoco+evo/ckpt/evo1_mujoco_pickplace_stage1/step_best
2026-07-30 16:54:43,167 [INFO] Saved best checkpoint at step 1336 with loss 0.328125
2026-07-30 16:54:57,036 [INFO] Estimated Epoch: 6.60
2026-07-30 16:54:57,037 [INFO] [Step 1340] Loss: 0.3711
2026-07-30 16:55:30,943 [INFO] Estimated Epoch: 6.65
2026-07-30 16:55:30,943 [INFO] [Step 1350] Loss: 0.3555
2026-07-30 16:56:04,748 [INFO] Estimated Epoch: 6.70
2026-07-30 16:56:04,748 [INFO] [Step 1360] Loss: 0.3555
2026-07-30 16:56:38,669 [INFO] Estimated Epoch: 6.75
2026-07-30 16:56:38,670 [INFO] [Step 1370] Loss: 0.3867
2026-07-30 16:56:48,927 [WARNING] Checkpoint directory /home/user/mujoco+evo/ckpt/evo1_mujoco_pickplace_stage1/step_best exists. Removing before overwrite.
2026-07-30 16:56:53,211 [INFO] [Rank 0] Saved checkpoint to /home/user/mujoco+evo/ckpt/evo1_mujoco_pickplace_stage1/step_best
2026-07-30 16:56:53,212 [INFO] Saved best checkpoint at step 1373 with loss 0.324219
2026-07-30 16:57:17,189 [INFO] Estimated Epoch: 6.80
2026-07-30 16:57:17,190 [INFO] [Step 1380] Loss: 0.3711
2026-07-30 16:57:51,439 [INFO] Estimated Epoch: 6.85
2026-07-30 16:57:51,440 [INFO] [Step 1390] Loss: 0.3379
2026-07-30 16:58:25,106 [INFO] Estimated Epoch: 6.90
2026-07-30 16:58:25,107 [INFO] [Step 1400] Loss: 0.3496
2026-07-30 16:58:38,703 [WARNING] Checkpoint directory /home/user/mujoco+evo/ckpt/evo1_mujoco_pickplace_stage1/step_best exists. Removing before overwrite.
2026-07-30 16:58:42,744 [INFO] [Rank 0] Saved checkpoint to /home/user/mujoco+evo/ckpt/evo1_mujoco_pickplace_stage1/step_best
2026-07-30 16:58:42,745 [INFO] Saved best checkpoint at step 1404 with loss 0.320312
2026-07-30 16:59:03,206 [INFO] Estimated Epoch: 6.95
2026-07-30 16:59:03,207 [INFO] [Step 1410] Loss: 0.3652
2026-07-30 16:59:37,223 [INFO] Estimated Epoch: 7.00
2026-07-30 16:59:37,224 [INFO] [Step 1420] Loss: 0.3594
2026-07-30 17:00:11,724 [INFO] Estimated Epoch: 7.04
2026-07-30 17:00:11,725 [INFO] [Step 1430] Loss: 0.3125
2026-07-30 17:00:11,727 [WARNING] Checkpoint directory /home/user/mujoco+evo/ckpt/evo1_mujoco_pickplace_stage1/step_best exists. Removing before overwrite.
2026-07-30 17:00:15,949 [INFO] [Rank 0] Saved checkpoint to /home/user/mujoco+evo/ckpt/evo1_mujoco_pickplace_stage1/step_best
2026-07-30 17:00:15,950 [INFO] Saved best checkpoint at step 1430 with loss 0.312500
2026-07-30 17:00:50,205 [INFO] Estimated Epoch: 7.09
2026-07-30 17:00:50,205 [INFO] [Step 1440] Loss: 0.3203
2026-07-30 17:01:24,089 [INFO] Estimated Epoch: 7.14
2026-07-30 17:01:24,090 [INFO] [Step 1450] Loss: 0.3145
2026-07-30 17:01:58,100 [INFO] Estimated Epoch: 7.19
2026-07-30 17:01:58,101 [INFO] [Step 1460] Loss: 0.3418
2026-07-30 17:02:18,420 [WARNING] Checkpoint directory /home/user/mujoco+evo/ckpt/evo1_mujoco_pickplace_stage1/step_best exists. Removing before overwrite.
2026-07-30 17:02:22,356 [INFO] [Rank 0] Saved checkpoint to /home/user/mujoco+evo/ckpt/evo1_mujoco_pickplace_stage1/step_best
2026-07-30 17:02:22,358 [INFO] Saved best checkpoint at step 1466 with loss 0.308594
2026-07-30 17:02:36,263 [INFO] Estimated Epoch: 7.24
2026-07-30 17:02:36,263 [INFO] [Step 1470] Loss: 0.3418
2026-07-30 17:03:10,336 [INFO] Estimated Epoch: 7.29
2026-07-30 17:03:10,337 [INFO] [Step 1480] Loss: 0.3398
2026-07-30 17:03:37,408 [WARNING] Checkpoint directory /home/user/mujoco+evo/ckpt/evo1_mujoco_pickplace_stage1/step_best exists. Removing before overwrite.
2026-07-30 17:03:40,917 [INFO] [Rank 0] Saved checkpoint to /home/user/mujoco+evo/ckpt/evo1_mujoco_pickplace_stage1/step_best
2026-07-30 17:03:40,918 [INFO] Saved best checkpoint at step 1488 with loss 0.306641
2026-07-30 17:03:47,940 [INFO] Estimated Epoch: 7.34
2026-07-30 17:03:47,941 [INFO] [Step 1490] Loss: 0.3418
2026-07-30 17:04:22,086 [INFO] Estimated Epoch: 7.39
2026-07-30 17:04:22,086 [INFO] [Step 1500] Loss: 0.3301
2026-07-30 17:04:56,161 [INFO] Estimated Epoch: 7.44
2026-07-30 17:04:56,161 [INFO] [Step 1510] Loss: 0.3359
2026-07-30 17:05:30,097 [INFO] Estimated Epoch: 7.49
2026-07-30 17:05:30,098 [INFO] [Step 1520] Loss: 0.3359
2026-07-30 17:06:03,752 [INFO] Estimated Epoch: 7.54
2026-07-30 17:06:03,753 [INFO] [Step 1530] Loss: 0.3145
2026-07-30 17:06:37,503 [INFO] Estimated Epoch: 7.59
2026-07-30 17:06:37,504 [INFO] [Step 1540] Loss: 0.3203
2026-07-30 17:07:15,155 [INFO] Estimated Epoch: 7.64
2026-07-30 17:07:15,156 [INFO] [Step 1550] Loss: 0.3320
2026-07-30 17:07:48,826 [INFO] Estimated Epoch: 7.68
2026-07-30 17:07:48,827 [INFO] [Step 1560] Loss: 0.3125
2026-07-30 17:08:12,351 [WARNING] Checkpoint directory /home/user/mujoco+evo/ckpt/evo1_mujoco_pickplace_stage1/step_best exists. Removing before overwrite.
2026-07-30 17:08:16,786 [INFO] [Rank 0] Saved checkpoint to /home/user/mujoco+evo/ckpt/evo1_mujoco_pickplace_stage1/step_best
2026-07-30 17:08:16,787 [INFO] Saved best checkpoint at step 1567 with loss 0.302734
2026-07-30 17:08:27,015 [INFO] Estimated Epoch: 7.73
2026-07-30 17:08:27,016 [INFO] [Step 1570] Loss: 0.3145
2026-07-30 17:08:47,518 [WARNING] Checkpoint directory /home/user/mujoco+evo/ckpt/evo1_mujoco_pickplace_stage1/step_best exists. Removing before overwrite.
2026-07-30 17:08:51,617 [INFO] [Rank 0] Saved checkpoint to /home/user/mujoco+evo/ckpt/evo1_mujoco_pickplace_stage1/step_best
2026-07-30 17:08:51,618 [INFO] Saved best checkpoint at step 1576 with loss 0.300781
2026-07-30 17:09:05,280 [INFO] Estimated Epoch: 7.78
2026-07-30 17:09:05,280 [INFO] [Step 1580] Loss: 0.3242
2026-07-30 17:09:39,382 [INFO] Estimated Epoch: 7.83
2026-07-30 17:09:39,383 [INFO] [Step 1590] Loss: 0.3203
2026-07-30 17:09:49,569 [WARNING] Checkpoint directory /home/user/mujoco+evo/ckpt/evo1_mujoco_pickplace_stage1/step_best exists. Removing before overwrite.
2026-07-30 17:09:53,490 [INFO] [Rank 0] Saved checkpoint to /home/user/mujoco+evo/ckpt/evo1_mujoco_pickplace_stage1/step_best
2026-07-30 17:09:53,491 [INFO] Saved best checkpoint at step 1593 with loss 0.285156
2026-07-30 17:10:19,252 [INFO] Estimated Epoch: 7.88
2026-07-30 17:10:19,253 [INFO] [Step 1600] Loss: 0.3301
2026-07-30 17:10:54,262 [INFO] Estimated Epoch: 7.93
2026-07-30 17:10:54,263 [INFO] [Step 1610] Loss: 0.3301
2026-07-30 17:11:01,262 [WARNING] Checkpoint directory /home/user/mujoco+evo/ckpt/evo1_mujoco_pickplace_stage1/step_best exists. Removing before overwrite.
2026-07-30 17:11:05,308 [INFO] [Rank 0] Saved checkpoint to /home/user/mujoco+evo/ckpt/evo1_mujoco_pickplace_stage1/step_best
2026-07-30 17:11:05,310 [INFO] Saved best checkpoint at step 1612 with loss 0.281250
2026-07-30 17:11:22,914 [WARNING] Checkpoint directory /home/user/mujoco+evo/ckpt/evo1_mujoco_pickplace_stage1/step_best exists. Removing before overwrite.
2026-07-30 17:11:26,787 [INFO] [Rank 0] Saved checkpoint to /home/user/mujoco+evo/ckpt/evo1_mujoco_pickplace_stage1/step_best
2026-07-30 17:11:26,788 [INFO] Saved best checkpoint at step 1617 with loss 0.279297
2026-07-30 17:11:37,503 [INFO] Estimated Epoch: 7.98
2026-07-30 17:11:37,504 [INFO] [Step 1620] Loss: 0.3594
2026-07-30 17:11:59,267 [WARNING] Checkpoint directory /home/user/mujoco+evo/ckpt/evo1_mujoco_pickplace_stage1/step_best exists. Removing before overwrite.
2026-07-30 17:12:03,398 [INFO] [Rank 0] Saved checkpoint to /home/user/mujoco+evo/ckpt/evo1_mujoco_pickplace_stage1/step_best
2026-07-30 17:12:03,400 [INFO] Saved best checkpoint at step 1626 with loss 0.273438
2026-07-30 17:12:17,476 [INFO] Estimated Epoch: 8.03
2026-07-30 17:12:17,476 [INFO] [Step 1630] Loss: 0.3164
2026-07-30 17:12:52,852 [INFO] Estimated Epoch: 8.08
2026-07-30 17:12:52,853 [INFO] [Step 1640] Loss: 0.3242
2026-07-30 17:13:27,781 [INFO] Estimated Epoch: 8.13
2026-07-30 17:13:27,781 [INFO] [Step 1650] Loss: 0.3047
2026-07-30 17:14:02,907 [INFO] Estimated Epoch: 8.18
2026-07-30 17:14:02,907 [INFO] [Step 1660] Loss: 0.2930
2026-07-30 17:14:38,091 [INFO] Estimated Epoch: 8.23
2026-07-30 17:14:38,092 [INFO] [Step 1670] Loss: 0.2773
2026-07-30 17:15:13,249 [INFO] Estimated Epoch: 8.28
2026-07-30 17:15:13,250 [INFO] [Step 1680] Loss: 0.3340
2026-07-30 17:15:48,494 [INFO] Estimated Epoch: 8.33
2026-07-30 17:15:48,495 [INFO] [Step 1690] Loss: 0.2969
2026-07-30 17:16:23,503 [INFO] Estimated Epoch: 8.37
2026-07-30 17:16:23,504 [INFO] [Step 1700] Loss: 0.3086
2026-07-30 17:16:58,562 [INFO] Estimated Epoch: 8.42
2026-07-30 17:16:58,562 [INFO] [Step 1710] Loss: 0.3047
2026-07-30 17:17:33,702 [INFO] Estimated Epoch: 8.47
2026-07-30 17:17:33,703 [INFO] [Step 1720] Loss: 0.3027
2026-07-30 17:18:08,750 [INFO] Estimated Epoch: 8.52
2026-07-30 17:18:08,751 [INFO] [Step 1730] Loss: 0.2930
2026-07-30 17:18:26,314 [WARNING] Checkpoint directory /home/user/mujoco+evo/ckpt/evo1_mujoco_pickplace_stage1/step_best exists. Removing before overwrite.
2026-07-30 17:18:30,567 [INFO] [Rank 0] Saved checkpoint to /home/user/mujoco+evo/ckpt/evo1_mujoco_pickplace_stage1/step_best
2026-07-30 17:18:30,567 [INFO] Saved best checkpoint at step 1735 with loss 0.261719
2026-07-30 17:18:48,306 [INFO] Estimated Epoch: 8.57
2026-07-30 17:18:48,307 [INFO] [Step 1740] Loss: 0.2969
2026-07-30 17:19:23,256 [INFO] Estimated Epoch: 8.62
2026-07-30 17:19:23,257 [INFO] [Step 1750] Loss: 0.2832
2026-07-30 17:19:58,643 [INFO] Estimated Epoch: 8.67
2026-07-30 17:19:58,643 [INFO] [Step 1760] Loss: 0.2910
2026-07-30 17:20:34,356 [INFO] Estimated Epoch: 8.72
2026-07-30 17:20:34,357 [INFO] [Step 1770] Loss: 0.2676
2026-07-30 17:20:52,379 [WARNING] Checkpoint directory /home/user/mujoco+evo/ckpt/evo1_mujoco_pickplace_stage1/step_best exists. Removing before overwrite.
2026-07-30 17:20:56,521 [INFO] [Rank 0] Saved checkpoint to /home/user/mujoco+evo/ckpt/evo1_mujoco_pickplace_stage1/step_best
2026-07-30 17:20:56,522 [INFO] Saved best checkpoint at step 1775 with loss 0.259766
2026-07-30 17:21:14,408 [INFO] Estimated Epoch: 8.77
2026-07-30 17:21:14,408 [INFO] [Step 1780] Loss: 0.2793
2026-07-30 17:21:17,993 [WARNING] Checkpoint directory /home/user/mujoco+evo/ckpt/evo1_mujoco_pickplace_stage1/step_best exists. Removing before overwrite.
2026-07-30 17:21:21,889 [INFO] [Rank 0] Saved checkpoint to /home/user/mujoco+evo/ckpt/evo1_mujoco_pickplace_stage1/step_best
2026-07-30 17:21:21,891 [INFO] Saved best checkpoint at step 1781 with loss 0.255859
2026-07-30 17:21:54,300 [INFO] Estimated Epoch: 8.82
2026-07-30 17:21:54,300 [INFO] [Step 1790] Loss: 0.3086
2026-07-30 17:22:29,747 [INFO] Estimated Epoch: 8.87
2026-07-30 17:22:29,747 [INFO] [Step 1800] Loss: 0.2734
2026-07-30 17:23:05,385 [INFO] Estimated Epoch: 8.92
2026-07-30 17:23:05,386 [INFO] [Step 1810] Loss: 0.2812
2026-07-30 17:23:16,094 [WARNING] Checkpoint directory /home/user/mujoco+evo/ckpt/evo1_mujoco_pickplace_stage1/step_best exists. Removing before overwrite.
2026-07-30 17:23:20,255 [INFO] [Rank 0] Saved checkpoint to /home/user/mujoco+evo/ckpt/evo1_mujoco_pickplace_stage1/step_best
2026-07-30 17:23:20,257 [INFO] Saved best checkpoint at step 1813 with loss 0.253906
2026-07-30 17:23:45,265 [INFO] Estimated Epoch: 8.97
2026-07-30 17:23:45,265 [INFO] [Step 1820] Loss: 0.2617
2026-07-30 17:24:21,267 [INFO] Estimated Epoch: 9.01
2026-07-30 17:24:21,268 [INFO] [Step 1830] Loss: 0.2656
2026-07-30 17:24:56,839 [INFO] Estimated Epoch: 9.06
2026-07-30 17:24:56,840 [INFO] [Step 1840] Loss: 0.2832
2026-07-30 17:25:21,584 [WARNING] Checkpoint directory /home/user/mujoco+evo/ckpt/evo1_mujoco_pickplace_stage1/step_best exists. Removing before overwrite.
2026-07-30 17:25:26,218 [INFO] [Rank 0] Saved checkpoint to /home/user/mujoco+evo/ckpt/evo1_mujoco_pickplace_stage1/step_best
2026-07-30 17:25:26,219 [INFO] Saved best checkpoint at step 1847 with loss 0.242188
2026-07-30 17:25:36,870 [INFO] Estimated Epoch: 9.11
2026-07-30 17:25:36,871 [INFO] [Step 1850] Loss: 0.2793
2026-07-30 17:26:12,285 [INFO] Estimated Epoch: 9.16
2026-07-30 17:26:12,286 [INFO] [Step 1860] Loss: 0.2773
2026-07-30 17:26:47,867 [INFO] Estimated Epoch: 9.21
2026-07-30 17:26:47,868 [INFO] [Step 1870] Loss: 0.2656
2026-07-30 17:27:23,388 [INFO] Estimated Epoch: 9.26
2026-07-30 17:27:23,388 [INFO] [Step 1880] Loss: 0.2578
2026-07-30 17:27:58,370 [INFO] Estimated Epoch: 9.31
2026-07-30 17:27:58,370 [INFO] [Step 1890] Loss: 0.2812
2026-07-30 17:28:01,879 [WARNING] Checkpoint directory /home/user/mujoco+evo/ckpt/evo1_mujoco_pickplace_stage1/step_best exists. Removing before overwrite.
2026-07-30 17:28:05,879 [INFO] [Rank 0] Saved checkpoint to /home/user/mujoco+evo/ckpt/evo1_mujoco_pickplace_stage1/step_best
2026-07-30 17:28:05,880 [INFO] Saved best checkpoint at step 1891 with loss 0.236328
2026-07-30 17:28:37,583 [INFO] Estimated Epoch: 9.36
2026-07-30 17:28:37,584 [INFO] [Step 1900] Loss: 0.2734
2026-07-30 17:29:12,433 [INFO] Estimated Epoch: 9.41
2026-07-30 17:29:12,434 [INFO] [Step 1910] Loss: 0.2734
2026-07-30 17:29:47,525 [INFO] Estimated Epoch: 9.46
2026-07-30 17:29:47,526 [INFO] [Step 1920] Loss: 0.2812
2026-07-30 17:30:22,623 [INFO] Estimated Epoch: 9.51
2026-07-30 17:30:22,624 [INFO] [Step 1930] Loss: 0.2520
2026-07-30 17:30:57,703 [INFO] Estimated Epoch: 9.56
2026-07-30 17:30:57,703 [INFO] [Step 1940] Loss: 0.2832
2026-07-30 17:31:32,778 [INFO] Estimated Epoch: 9.61
2026-07-30 17:31:32,778 [INFO] [Step 1950] Loss: 0.2539
2026-07-30 17:32:07,993 [INFO] Estimated Epoch: 9.66
2026-07-30 17:32:07,993 [INFO] [Step 1960] Loss: 0.2344
2026-07-30 17:32:07,995 [WARNING] Checkpoint directory /home/user/mujoco+evo/ckpt/evo1_mujoco_pickplace_stage1/step_best exists. Removing before overwrite.
2026-07-30 17:32:12,114 [INFO] [Rank 0] Saved checkpoint to /home/user/mujoco+evo/ckpt/evo1_mujoco_pickplace_stage1/step_best
2026-07-30 17:32:12,116 [INFO] Saved best checkpoint at step 1960 with loss 0.234375
2026-07-30 17:32:47,512 [INFO] Estimated Epoch: 9.70
2026-07-30 17:32:47,513 [INFO] [Step 1970] Loss: 0.2871
2026-07-30 17:32:58,222 [WARNING] Checkpoint directory /home/user/mujoco+evo/ckpt/evo1_mujoco_pickplace_stage1/step_best exists. Removing before overwrite.
2026-07-30 17:33:02,144 [INFO] [Rank 0] Saved checkpoint to /home/user/mujoco+evo/ckpt/evo1_mujoco_pickplace_stage1/step_best
2026-07-30 17:33:02,145 [INFO] Saved best checkpoint at step 1973 with loss 0.222656
2026-07-30 17:33:26,756 [INFO] Estimated Epoch: 9.75
2026-07-30 17:33:26,757 [INFO] [Step 1980] Loss: 0.2637
2026-07-30 17:34:01,896 [INFO] Estimated Epoch: 9.80
2026-07-30 17:34:01,897 [INFO] [Step 1990] Loss: 0.2812
2026-07-30 17:34:37,014 [INFO] Estimated Epoch: 9.85
2026-07-30 17:34:37,015 [INFO] [Step 2000] Loss: 0.2637
2026-07-30 17:35:12,205 [INFO] Estimated Epoch: 9.90
2026-07-30 17:35:12,206 [INFO] [Step 2010] Loss: 0.2773
2026-07-30 17:35:29,829 [WARNING] Checkpoint directory /home/user/mujoco+evo/ckpt/evo1_mujoco_pickplace_stage1/step_best exists. Removing before overwrite.
2026-07-30 17:35:35,248 [INFO] [Rank 0] Saved checkpoint to /home/user/mujoco+evo/ckpt/evo1_mujoco_pickplace_stage1/step_best
2026-07-30 17:35:35,249 [INFO] Saved best checkpoint at step 2015 with loss 0.220703
2026-07-30 17:35:52,740 [INFO] Estimated Epoch: 9.95
2026-07-30 17:35:52,740 [INFO] [Step 2020] Loss: 0.2930
2026-07-30 17:36:28,551 [INFO] Estimated Epoch: 10.00
2026-07-30 17:36:28,553 [INFO] [Step 2030] Loss: 0.2656
2026-07-30 17:37:04,000 [INFO] Estimated Epoch: 10.05
2026-07-30 17:37:04,001 [INFO] [Step 2040] Loss: 0.2832
2026-07-30 17:37:21,455 [WARNING] Checkpoint directory /home/user/mujoco+evo/ckpt/evo1_mujoco_pickplace_stage1/step_best exists. Removing before overwrite.
2026-07-30 17:37:27,270 [INFO] [Rank 0] Saved checkpoint to /home/user/mujoco+evo/ckpt/evo1_mujoco_pickplace_stage1/step_best
2026-07-30 17:37:27,271 [INFO] Saved best checkpoint at step 2045 with loss 0.218750
2026-07-30 17:37:45,045 [INFO] Estimated Epoch: 10.10
2026-07-30 17:37:45,045 [INFO] [Step 2050] Loss: 0.2676
2026-07-30 17:38:19,931 [INFO] Estimated Epoch: 10.15
2026-07-30 17:38:19,932 [INFO] [Step 2060] Loss: 0.2734
2026-07-30 17:38:55,362 [INFO] Estimated Epoch: 10.20
2026-07-30 17:38:55,362 [INFO] [Step 2070] Loss: 0.2080
2026-07-30 17:38:55,364 [WARNING] Checkpoint directory /home/user/mujoco+evo/ckpt/evo1_mujoco_pickplace_stage1/step_best exists. Removing before overwrite.
2026-07-30 17:38:59,319 [INFO] [Rank 0] Saved checkpoint to /home/user/mujoco+evo/ckpt/evo1_mujoco_pickplace_stage1/step_best
2026-07-30 17:38:59,319 [INFO] Saved best checkpoint at step 2070 with loss 0.208008
2026-07-30 17:39:34,606 [INFO] Estimated Epoch: 10.25
2026-07-30 17:39:34,606 [INFO] [Step 2080] Loss: 0.2441
2026-07-30 17:40:09,681 [INFO] Estimated Epoch: 10.30
2026-07-30 17:40:09,681 [INFO] [Step 2090] Loss: 0.2617
2026-07-30 17:40:44,909 [INFO] Estimated Epoch: 10.34
2026-07-30 17:40:44,909 [INFO] [Step 2100] Loss: 0.2422
2026-07-30 17:41:19,947 [INFO] Estimated Epoch: 10.39
2026-07-30 17:41:19,947 [INFO] [Step 2110] Loss: 0.2490
2026-07-30 17:41:55,149 [INFO] Estimated Epoch: 10.44
2026-07-30 17:41:55,150 [INFO] [Step 2120] Loss: 0.2637
2026-07-30 17:42:30,075 [INFO] Estimated Epoch: 10.49
2026-07-30 17:42:30,075 [INFO] [Step 2130] Loss: 0.2266
2026-07-30 17:43:05,430 [INFO] Estimated Epoch: 10.54
2026-07-30 17:43:05,431 [INFO] [Step 2140] Loss: 0.2754
2026-07-30 17:43:40,336 [INFO] Estimated Epoch: 10.59
2026-07-30 17:43:40,336 [INFO] [Step 2150] Loss: 0.2578
2026-07-30 17:44:15,246 [INFO] Estimated Epoch: 10.64
2026-07-30 17:44:15,247 [INFO] [Step 2160] Loss: 0.2598
2026-07-30 17:44:50,655 [INFO] Estimated Epoch: 10.69
2026-07-30 17:44:50,656 [INFO] [Step 2170] Loss: 0.2383
2026-07-30 17:45:25,813 [INFO] Estimated Epoch: 10.74
2026-07-30 17:45:25,813 [INFO] [Step 2180] Loss: 0.2324
2026-07-30 17:46:00,987 [INFO] Estimated Epoch: 10.79
2026-07-30 17:46:00,987 [INFO] [Step 2190] Loss: 0.2520
2026-07-30 17:46:35,922 [INFO] Estimated Epoch: 10.84
2026-07-30 17:46:35,923 [INFO] [Step 2200] Loss: 0.2432
2026-07-30 17:47:10,946 [INFO] Estimated Epoch: 10.89
2026-07-30 17:47:10,947 [INFO] [Step 2210] Loss: 0.2139
2026-07-30 17:47:45,903 [INFO] Estimated Epoch: 10.94
2026-07-30 17:47:45,904 [INFO] [Step 2220] Loss: 0.2617
2026-07-30 17:48:20,754 [INFO] Estimated Epoch: 10.99
2026-07-30 17:48:20,755 [INFO] [Step 2230] Loss: 0.2373
2026-07-30 17:48:56,644 [INFO] Estimated Epoch: 11.03
2026-07-30 17:48:56,645 [INFO] [Step 2240] Loss: 0.2656
2026-07-30 17:49:31,528 [INFO] Estimated Epoch: 11.08
2026-07-30 17:49:31,528 [INFO] [Step 2250] Loss: 0.2422
2026-07-30 17:49:59,531 [WARNING] Checkpoint directory /home/user/mujoco+evo/ckpt/evo1_mujoco_pickplace_stage1/step_best exists. Removing before overwrite.
2026-07-30 17:50:03,546 [INFO] [Rank 0] Saved checkpoint to /home/user/mujoco+evo/ckpt/evo1_mujoco_pickplace_stage1/step_best
2026-07-30 17:50:03,547 [INFO] Saved best checkpoint at step 2258 with loss 0.205078
2026-07-30 17:50:10,702 [INFO] Estimated Epoch: 11.13
2026-07-30 17:50:10,703 [INFO] [Step 2260] Loss: 0.2598
2026-07-30 17:50:46,023 [INFO] Estimated Epoch: 11.18
2026-07-30 17:50:46,024 [INFO] [Step 2270] Loss: 0.2539
2026-07-30 17:51:21,128 [INFO] Estimated Epoch: 11.23
2026-07-30 17:51:21,128 [INFO] [Step 2280] Loss: 0.2539
2026-07-30 17:51:56,567 [INFO] Estimated Epoch: 11.28
2026-07-30 17:51:56,567 [INFO] [Step 2290] Loss: 0.2305
2026-07-30 17:52:31,473 [INFO] Estimated Epoch: 11.33
2026-07-30 17:52:31,473 [INFO] [Step 2300] Loss: 0.2402
2026-07-30 17:53:06,568 [INFO] Estimated Epoch: 11.38
2026-07-30 17:53:06,568 [INFO] [Step 2310] Loss: 0.2676
2026-07-30 17:53:41,538 [INFO] Estimated Epoch: 11.43
2026-07-30 17:53:41,539 [INFO] [Step 2320] Loss: 0.2305
2026-07-30 17:54:16,213 [INFO] Estimated Epoch: 11.48
2026-07-30 17:54:16,214 [INFO] [Step 2330] Loss: 0.2656
2026-07-30 17:54:51,475 [INFO] Estimated Epoch: 11.53
2026-07-30 17:54:51,476 [INFO] [Step 2340] Loss: 0.2197
2026-07-30 17:55:26,656 [INFO] Estimated Epoch: 11.58
2026-07-30 17:55:26,657 [INFO] [Step 2350] Loss: 0.2148
2026-07-30 17:56:01,865 [INFO] Estimated Epoch: 11.63
2026-07-30 17:56:01,865 [INFO] [Step 2360] Loss: 0.2227
2026-07-30 17:56:19,314 [WARNING] Checkpoint directory /home/user/mujoco+evo/ckpt/evo1_mujoco_pickplace_stage1/step_best exists. Removing before overwrite.
2026-07-30 17:56:22,695 [INFO] [Rank 0] Saved checkpoint to /home/user/mujoco+evo/ckpt/evo1_mujoco_pickplace_stage1/step_best
2026-07-30 17:56:22,697 [INFO] Saved best checkpoint at step 2365 with loss 0.201172
2026-07-30 17:56:40,426 [INFO] Estimated Epoch: 11.67
2026-07-30 17:56:40,427 [INFO] [Step 2370] Loss: 0.2256
2026-07-30 17:57:15,418 [INFO] Estimated Epoch: 11.72
2026-07-30 17:57:15,418 [INFO] [Step 2380] Loss: 0.2490
2026-07-30 17:57:50,978 [INFO] Estimated Epoch: 11.77
2026-07-30 17:57:50,978 [INFO] [Step 2390] Loss: 0.2363
2026-07-30 17:58:26,013 [INFO] Estimated Epoch: 11.82
2026-07-30 17:58:26,013 [INFO] [Step 2400] Loss: 0.2480
2026-07-30 17:59:00,994 [INFO] Estimated Epoch: 11.87
2026-07-30 17:59:00,995 [INFO] [Step 2410] Loss: 0.2090
2026-07-30 17:59:36,051 [INFO] Estimated Epoch: 11.92
2026-07-30 17:59:36,052 [INFO] [Step 2420] Loss: 0.2148
2026-07-30 18:00:10,966 [INFO] Estimated Epoch: 11.97
2026-07-30 18:00:10,967 [INFO] [Step 2430] Loss: 0.2441
2026-07-30 18:00:47,070 [INFO] Estimated Epoch: 12.02
2026-07-30 18:00:47,070 [INFO] [Step 2440] Loss: 0.1992
2026-07-30 18:00:47,073 [WARNING] Checkpoint directory /home/user/mujoco+evo/ckpt/evo1_mujoco_pickplace_stage1/step_best exists. Removing before overwrite.
2026-07-30 18:00:55,792 [INFO] [Rank 0] Saved checkpoint to /home/user/mujoco+evo/ckpt/evo1_mujoco_pickplace_stage1/step_best
2026-07-30 18:00:55,797 [INFO] Saved best checkpoint at step 2440 with loss 0.199219
2026-07-30 18:01:31,270 [INFO] Estimated Epoch: 12.07
2026-07-30 18:01:31,271 [INFO] [Step 2450] Loss: 0.2080
2026-07-30 18:02:06,310 [INFO] Estimated Epoch: 12.12
2026-07-30 18:02:06,311 [INFO] [Step 2460] Loss: 0.2266
2026-07-30 18:02:41,746 [INFO] Estimated Epoch: 12.17
2026-07-30 18:02:41,746 [INFO] [Step 2470] Loss: 0.2246
2026-07-30 18:03:17,073 [INFO] Estimated Epoch: 12.22
2026-07-30 18:03:17,074 [INFO] [Step 2480] Loss: 0.2490
2026-07-30 18:03:48,886 [WARNING] Checkpoint directory /home/user/mujoco+evo/ckpt/evo1_mujoco_pickplace_stage1/step_best exists. Removing before overwrite.
2026-07-30 18:03:52,740 [INFO] [Rank 0] Saved checkpoint to /home/user/mujoco+evo/ckpt/evo1_mujoco_pickplace_stage1/step_best
2026-07-30 18:03:52,744 [INFO] Saved best checkpoint at step 2489 with loss 0.183594
2026-07-30 18:03:56,336 [INFO] Estimated Epoch: 12.27
2026-07-30 18:03:56,337 [INFO] [Step 2490] Loss: 0.2383
2026-07-30 18:04:34,686 [INFO] [Rank 0] Saved checkpoint to /home/user/mujoco+evo/ckpt/evo1_mujoco_pickplace_stage1/step_2500
2026-07-30 18:04:38,297 [INFO] Estimated Epoch: 12.32
2026-07-30 18:04:38,298 [INFO] [Step 2500] Loss: 0.2227
2026-07-30 18:04:41,811 [WARNING] Checkpoint directory /home/user/mujoco+evo/ckpt/evo1_mujoco_pickplace_stage1/step_best exists. Removing before overwrite.
2026-07-30 18:04:45,313 [INFO] [Rank 0] Saved checkpoint to /home/user/mujoco+evo/ckpt/evo1_mujoco_pickplace_stage1/step_best
2026-07-30 18:04:45,314 [INFO] Saved best checkpoint at step 2501 with loss 0.177734
2026-07-30 18:05:17,015 [INFO] Estimated Epoch: 12.36
2026-07-30 18:05:17,016 [INFO] [Step 2510] Loss: 0.2080
2026-07-30 18:05:52,332 [INFO] Estimated Epoch: 12.41
2026-07-30 18:05:52,333 [INFO] [Step 2520] Loss: 0.2285
2026-07-30 18:06:27,427 [INFO] Estimated Epoch: 12.46
2026-07-30 18:06:27,428 [INFO] [Step 2530] Loss: 0.2168
2026-07-30 18:07:02,584 [INFO] Estimated Epoch: 12.51
2026-07-30 18:07:02,584 [INFO] [Step 2540] Loss: 0.2305
2026-07-30 18:07:37,871 [INFO] Estimated Epoch: 12.56
2026-07-30 18:07:37,872 [INFO] [Step 2550] Loss: 0.2383
2026-07-30 18:08:13,352 [INFO] Estimated Epoch: 12.61
2026-07-30 18:08:13,353 [INFO] [Step 2560] Loss: 0.2148
2026-07-30 18:08:49,038 [INFO] Estimated Epoch: 12.66
2026-07-30 18:08:49,039 [INFO] [Step 2570] Loss: 0.2285
2026-07-30 18:09:23,981 [INFO] Estimated Epoch: 12.71
2026-07-30 18:09:23,981 [INFO] [Step 2580] Loss: 0.2617
2026-07-30 18:09:58,956 [INFO] Estimated Epoch: 12.76
2026-07-30 18:09:58,957 [INFO] [Step 2590] Loss: 0.2256
2026-07-30 18:10:33,924 [INFO] Estimated Epoch: 12.81
2026-07-30 18:10:33,925 [INFO] [Step 2600] Loss: 0.2168
2026-07-30 18:11:09,458 [INFO] Estimated Epoch: 12.86
2026-07-30 18:11:09,458 [INFO] [Step 2610] Loss: 0.2227
2026-07-30 18:11:44,509 [INFO] Estimated Epoch: 12.91
2026-07-30 18:11:44,510 [INFO] [Step 2620] Loss: 0.1953
2026-07-30 18:12:19,481 [INFO] Estimated Epoch: 12.96
2026-07-30 18:12:19,482 [INFO] [Step 2630] Loss: 0.2246
2026-07-30 18:12:55,878 [INFO] Estimated Epoch: 13.00
2026-07-30 18:12:55,879 [INFO] [Step 2640] Loss: 0.2314
2026-07-30 18:13:31,173 [INFO] Estimated Epoch: 13.05
2026-07-30 18:13:31,173 [INFO] [Step 2650] Loss: 0.2227
2026-07-30 18:14:06,339 [INFO] Estimated Epoch: 13.10
2026-07-30 18:14:06,339 [INFO] [Step 2660] Loss: 0.1992
2026-07-30 18:14:20,352 [WARNING] Checkpoint directory /home/user/mujoco+evo/ckpt/evo1_mujoco_pickplace_stage1/step_best exists. Removing before overwrite.
2026-07-30 18:14:24,750 [INFO] [Rank 0] Saved checkpoint to /home/user/mujoco+evo/ckpt/evo1_mujoco_pickplace_stage1/step_best
2026-07-30 18:14:24,751 [INFO] Saved best checkpoint at step 2664 with loss 0.176758
2026-07-30 18:14:46,227 [INFO] Estimated Epoch: 13.15
2026-07-30 18:14:46,228 [INFO] [Step 2670] Loss: 0.2139
2026-07-30 18:15:21,556 [INFO] Estimated Epoch: 13.20
2026-07-30 18:15:21,557 [INFO] [Step 2680] Loss: 0.2256
2026-07-30 18:15:56,603 [INFO] Estimated Epoch: 13.25
2026-07-30 18:15:56,604 [INFO] [Step 2690] Loss: 0.2383
2026-07-30 18:16:31,756 [INFO] Estimated Epoch: 13.30
2026-07-30 18:16:31,756 [INFO] [Step 2700] Loss: 0.2080
2026-07-30 18:17:06,888 [INFO] Estimated Epoch: 13.35
2026-07-30 18:17:06,888 [INFO] [Step 2710] Loss: 0.2070
2026-07-30 18:17:42,257 [INFO] Estimated Epoch: 13.40
2026-07-30 18:17:42,257 [INFO] [Step 2720] Loss: 0.2197
2026-07-30 18:18:17,390 [INFO] Estimated Epoch: 13.45
2026-07-30 18:18:17,391 [INFO] [Step 2730] Loss: 0.2070
2026-07-30 18:18:52,519 [INFO] Estimated Epoch: 13.50
2026-07-30 18:18:52,520 [INFO] [Step 2740] Loss: 0.2168
2026-07-30 18:19:27,410 [INFO] Estimated Epoch: 13.55
2026-07-30 18:19:27,411 [INFO] [Step 2750] Loss: 0.2080
2026-07-30 18:19:58,868 [WARNING] Checkpoint directory /home/user/mujoco+evo/ckpt/evo1_mujoco_pickplace_stage1/step_best exists. Removing before overwrite.
2026-07-30 18:20:02,835 [INFO] [Rank 0] Saved checkpoint to /home/user/mujoco+evo/ckpt/evo1_mujoco_pickplace_stage1/step_best
2026-07-30 18:20:02,836 [INFO] Saved best checkpoint at step 2759 with loss 0.168945
2026-07-30 18:20:06,433 [INFO] Estimated Epoch: 13.60
2026-07-30 18:20:06,434 [INFO] [Step 2760] Loss: 0.1807
2026-07-30 18:20:41,963 [INFO] Estimated Epoch: 13.65
2026-07-30 18:20:41,964 [INFO] [Step 2770] Loss: 0.1855
2026-07-30 18:21:13,969 [WARNING] Checkpoint directory /home/user/mujoco+evo/ckpt/evo1_mujoco_pickplace_stage1/step_best exists. Removing before overwrite.
2026-07-30 18:21:17,491 [INFO] [Rank 0] Saved checkpoint to /home/user/mujoco+evo/ckpt/evo1_mujoco_pickplace_stage1/step_best
2026-07-30 18:21:17,492 [INFO] Saved best checkpoint at step 2779 with loss 0.162109
2026-07-30 18:21:21,049 [INFO] Estimated Epoch: 13.69
2026-07-30 18:21:21,050 [INFO] [Step 2780] Loss: 0.1836
2026-07-30 18:21:56,298 [INFO] Estimated Epoch: 13.74
2026-07-30 18:21:56,299 [INFO] [Step 2790] Loss: 0.1992
2026-07-30 18:22:31,574 [INFO] Estimated Epoch: 13.79
2026-07-30 18:22:31,575 [INFO] [Step 2800] Loss: 0.1914
2026-07-30 18:23:06,876 [INFO] Estimated Epoch: 13.84
2026-07-30 18:23:06,876 [INFO] [Step 2810] Loss: 0.1865
2026-07-30 18:23:42,273 [INFO] Estimated Epoch: 13.89
2026-07-30 18:23:42,273 [INFO] [Step 2820] Loss: 0.2285
2026-07-30 18:24:17,104 [INFO] Estimated Epoch: 13.94
2026-07-30 18:24:17,104 [INFO] [Step 2830] Loss: 0.2188
2026-07-30 18:24:52,314 [INFO] Estimated Epoch: 13.99
2026-07-30 18:24:52,314 [INFO] [Step 2840] Loss: 0.1748
2026-07-30 18:25:28,339 [INFO] Estimated Epoch: 14.04
2026-07-30 18:25:28,339 [INFO] [Step 2850] Loss: 0.2021
2026-07-30 18:25:59,995 [WARNING] Checkpoint directory /home/user/mujoco+evo/ckpt/evo1_mujoco_pickplace_stage1/step_best exists. Removing before overwrite.
2026-07-30 18:26:04,342 [INFO] [Rank 0] Saved checkpoint to /home/user/mujoco+evo/ckpt/evo1_mujoco_pickplace_stage1/step_best
2026-07-30 18:26:04,344 [INFO] Saved best checkpoint at step 2859 with loss 0.154297
2026-07-30 18:26:07,929 [INFO] Estimated Epoch: 14.09
2026-07-30 18:26:07,930 [INFO] [Step 2860] Loss: 0.1836
2026-07-30 18:26:43,416 [INFO] Estimated Epoch: 14.14
2026-07-30 18:26:43,417 [INFO] [Step 2870] Loss: 0.1611
2026-07-30 18:27:18,768 [INFO] Estimated Epoch: 14.19
2026-07-30 18:27:18,769 [INFO] [Step 2880] Loss: 0.1963
2026-07-30 18:27:54,033 [INFO] Estimated Epoch: 14.24
2026-07-30 18:27:54,034 [INFO] [Step 2890] Loss: 0.2021
2026-07-30 18:28:28,826 [INFO] Estimated Epoch: 14.29
2026-07-30 18:28:28,827 [INFO] [Step 2900] Loss: 0.1826
2026-07-30 18:29:04,076 [INFO] Estimated Epoch: 14.33
2026-07-30 18:29:04,077 [INFO] [Step 2910] Loss: 0.1865
2026-07-30 18:29:39,408 [INFO] Estimated Epoch: 14.38
2026-07-30 18:29:39,409 [INFO] [Step 2920] Loss: 0.1719
2026-07-30 18:30:14,396 [INFO] Estimated Epoch: 14.43
2026-07-30 18:30:14,396 [INFO] [Step 2930] Loss: 0.1748
2026-07-30 18:30:49,619 [INFO] Estimated Epoch: 14.48
2026-07-30 18:30:49,620 [INFO] [Step 2940] Loss: 0.1855
2026-07-30 18:31:24,533 [INFO] Estimated Epoch: 14.53
2026-07-30 18:31:24,534 [INFO] [Step 2950] Loss: 0.2188
2026-07-30 18:31:59,461 [INFO] Estimated Epoch: 14.58
2026-07-30 18:31:59,461 [INFO] [Step 2960] Loss: 0.1768
2026-07-30 18:32:34,624 [INFO] Estimated Epoch: 14.63
2026-07-30 18:32:34,625 [INFO] [Step 2970] Loss: 0.2021
2026-07-30 18:33:09,771 [INFO] Estimated Epoch: 14.68
2026-07-30 18:33:09,771 [INFO] [Step 2980] Loss: 0.1777
2026-07-30 18:33:45,149 [INFO] Estimated Epoch: 14.73
2026-07-30 18:33:45,150 [INFO] [Step 2990] Loss: 0.1797
2026-07-30 18:34:20,276 [INFO] Estimated Epoch: 14.78
2026-07-30 18:34:20,276 [INFO] [Step 3000] Loss: 0.1826
2026-07-30 18:34:55,381 [INFO] Estimated Epoch: 14.83
2026-07-30 18:34:55,381 [INFO] [Step 3010] Loss: 0.1572
2026-07-30 18:35:30,683 [INFO] Estimated Epoch: 14.88
2026-07-30 18:35:30,684 [INFO] [Step 3020] Loss: 0.1992
2026-07-30 18:35:41,169 [WARNING] Checkpoint directory /home/user/mujoco+evo/ckpt/evo1_mujoco_pickplace_stage1/step_best exists. Removing before overwrite.
2026-07-30 18:35:45,524 [INFO] [Rank 0] Saved checkpoint to /home/user/mujoco+evo/ckpt/evo1_mujoco_pickplace_stage1/step_best
2026-07-30 18:35:45,525 [INFO] Saved best checkpoint at step 3023 with loss 0.138672
2026-07-30 18:36:10,004 [INFO] Estimated Epoch: 14.93
2026-07-30 18:36:10,004 [INFO] [Step 3030] Loss: 0.1865
2026-07-30 18:36:45,270 [INFO] Estimated Epoch: 14.98
2026-07-30 18:36:45,271 [INFO] [Step 3040] Loss: 0.2012
2026-07-30 18:37:21,199 [INFO] Estimated Epoch: 15.02
2026-07-30 18:37:21,200 [INFO] [Step 3050] Loss: 0.1641
2026-07-30 18:37:56,247 [INFO] Estimated Epoch: 15.07
2026-07-30 18:37:56,247 [INFO] [Step 3060] Loss: 0.2207
2026-07-30 18:38:31,267 [INFO] Estimated Epoch: 15.12
2026-07-30 18:38:31,267 [INFO] [Step 3070] Loss: 0.1797
2026-07-30 18:39:06,689 [INFO] Estimated Epoch: 15.17
2026-07-30 18:39:06,690 [INFO] [Step 3080] Loss: 0.2109
2026-07-30 18:39:41,553 [INFO] Estimated Epoch: 15.22
2026-07-30 18:39:41,554 [INFO] [Step 3090] Loss: 0.1680
2026-07-30 18:40:13,103 [WARNING] Checkpoint directory /home/user/mujoco+evo/ckpt/evo1_mujoco_pickplace_stage1/step_best exists. Removing before overwrite.
2026-07-30 18:40:17,595 [INFO] [Rank 0] Saved checkpoint to /home/user/mujoco+evo/ckpt/evo1_mujoco_pickplace_stage1/step_best
2026-07-30 18:40:17,597 [INFO] Saved best checkpoint at step 3099 with loss 0.136719
2026-07-30 18:40:21,213 [INFO] Estimated Epoch: 15.27
2026-07-30 18:40:21,214 [INFO] [Step 3100] Loss: 0.1855
2026-07-30 18:40:56,533 [INFO] Estimated Epoch: 15.32
2026-07-30 18:40:56,534 [INFO] [Step 3110] Loss: 0.1992
2026-07-30 18:41:31,906 [INFO] Estimated Epoch: 15.37
2026-07-30 18:41:31,907 [INFO] [Step 3120] Loss: 0.1738
2026-07-30 18:42:07,026 [INFO] Estimated Epoch: 15.42
2026-07-30 18:42:07,027 [INFO] [Step 3130] Loss: 0.1689
2026-07-30 18:42:42,153 [INFO] Estimated Epoch: 15.47
2026-07-30 18:42:42,153 [INFO] [Step 3140] Loss: 0.1514
2026-07-30 18:43:17,485 [INFO] Estimated Epoch: 15.52
2026-07-30 18:43:17,486 [INFO] [Step 3150] Loss: 0.1572
2026-07-30 18:43:49,107 [WARNING] Checkpoint directory /home/user/mujoco+evo/ckpt/evo1_mujoco_pickplace_stage1/step_best exists. Removing before overwrite.
2026-07-30 18:43:53,268 [INFO] [Rank 0] Saved checkpoint to /home/user/mujoco+evo/ckpt/evo1_mujoco_pickplace_stage1/step_best
2026-07-30 18:43:53,270 [INFO] Saved best checkpoint at step 3159 with loss 0.123047
2026-07-30 18:43:56,851 [INFO] Estimated Epoch: 15.57
2026-07-30 18:43:56,852 [INFO] [Step 3160] Loss: 0.1416
2026-07-30 18:44:32,164 [INFO] Estimated Epoch: 15.62
2026-07-30 18:44:32,164 [INFO] [Step 3170] Loss: 0.1650
2026-07-30 18:45:07,659 [INFO] Estimated Epoch: 15.67
2026-07-30 18:45:07,660 [INFO] [Step 3180] Loss: 0.1504
2026-07-30 18:45:42,837 [INFO] Estimated Epoch: 15.71
2026-07-30 18:45:42,838 [INFO] [Step 3190] Loss: 0.1777
2026-07-30 18:46:17,928 [INFO] Estimated Epoch: 15.76
2026-07-30 18:46:17,929 [INFO] [Step 3200] Loss: 0.1914
2026-07-30 18:46:53,072 [INFO] Estimated Epoch: 15.81
2026-07-30 18:46:53,072 [INFO] [Step 3210] Loss: 0.1621
2026-07-30 18:47:28,464 [INFO] Estimated Epoch: 15.86
2026-07-30 18:47:28,464 [INFO] [Step 3220] Loss: 0.1670
2026-07-30 18:48:03,638 [INFO] Estimated Epoch: 15.91
2026-07-30 18:48:03,638 [INFO] [Step 3230] Loss: 0.1973
2026-07-30 18:48:38,748 [INFO] Estimated Epoch: 15.96
2026-07-30 18:48:38,749 [INFO] [Step 3240] Loss: 0.2012
2026-07-30 18:49:14,455 [INFO] Estimated Epoch: 16.01
2026-07-30 18:49:14,456 [INFO] [Step 3250] Loss: 0.1699
2026-07-30 18:49:49,874 [INFO] Estimated Epoch: 16.06
2026-07-30 18:49:49,874 [INFO] [Step 3260] Loss: 0.1895
2026-07-30 18:50:24,961 [INFO] Estimated Epoch: 16.11
2026-07-30 18:50:24,962 [INFO] [Step 3270] Loss: 0.1562
2026-07-30 18:51:00,448 [INFO] Estimated Epoch: 16.16
2026-07-30 18:51:00,449 [INFO] [Step 3280] Loss: 0.1826
2026-07-30 18:51:35,588 [INFO] Estimated Epoch: 16.21
2026-07-30 18:51:35,589 [INFO] [Step 3290] Loss: 0.1406
2026-07-30 18:52:10,867 [INFO] Estimated Epoch: 16.26
2026-07-30 18:52:10,868 [INFO] [Step 3300] Loss: 0.1484
2026-07-30 18:52:46,239 [INFO] Estimated Epoch: 16.31
2026-07-30 18:52:46,239 [INFO] [Step 3310] Loss: 0.1650
2026-07-30 18:53:21,318 [INFO] Estimated Epoch: 16.35
2026-07-30 18:53:21,318 [INFO] [Step 3320] Loss: 0.1641
2026-07-30 18:53:56,458 [INFO] Estimated Epoch: 16.40
2026-07-30 18:53:56,458 [INFO] [Step 3330] Loss: 0.1699
2026-07-30 18:54:31,716 [INFO] Estimated Epoch: 16.45
2026-07-30 18:54:31,716 [INFO] [Step 3340] Loss: 0.1416
2026-07-30 18:55:06,835 [INFO] Estimated Epoch: 16.50
2026-07-30 18:55:06,836 [INFO] [Step 3350] Loss: 0.1582
2026-07-30 18:55:42,119 [INFO] Estimated Epoch: 16.55
2026-07-30 18:55:42,120 [INFO] [Step 3360] Loss: 0.1729
2026-07-30 18:56:17,269 [INFO] Estimated Epoch: 16.60
2026-07-30 18:56:17,270 [INFO] [Step 3370] Loss: 0.1621
2026-07-30 18:56:53,024 [INFO] Estimated Epoch: 16.65
2026-07-30 18:56:53,025 [INFO] [Step 3380] Loss: 0.1562
2026-07-30 18:57:28,062 [INFO] Estimated Epoch: 16.70
2026-07-30 18:57:28,063 [INFO] [Step 3390] Loss: 0.1963
2026-07-30 18:57:42,336 [WARNING] Checkpoint directory /home/user/mujoco+evo/ckpt/evo1_mujoco_pickplace_stage1/step_best exists. Removing before overwrite.
2026-07-30 18:57:46,515 [INFO] [Rank 0] Saved checkpoint to /home/user/mujoco+evo/ckpt/evo1_mujoco_pickplace_stage1/step_best
2026-07-30 18:57:46,516 [INFO] Saved best checkpoint at step 3394 with loss 0.112305
2026-07-30 18:58:07,658 [INFO] Estimated Epoch: 16.75
2026-07-30 18:58:07,659 [INFO] [Step 3400] Loss: 0.1494
2026-07-30 18:58:42,905 [INFO] Estimated Epoch: 16.80
2026-07-30 18:58:42,905 [INFO] [Step 3410] Loss: 0.1484
2026-07-30 18:59:18,427 [INFO] Estimated Epoch: 16.85
2026-07-30 18:59:18,428 [INFO] [Step 3420] Loss: 0.1660
2026-07-30 18:59:58,708 [INFO] Estimated Epoch: 16.90
2026-07-30 18:59:58,709 [INFO] [Step 3430] Loss: 0.1309
2026-07-30 19:00:51,485 [INFO] Estimated Epoch: 16.95
2026-07-30 19:00:51,486 [INFO] [Step 3440] Loss: 0.1504
2026-07-30 19:01:36,025 [INFO] Estimated Epoch: 17.00
2026-07-30 19:01:36,026 [INFO] [Step 3450] Loss: 0.1494
2026-07-30 19:02:11,557 [INFO] Estimated Epoch: 17.04
2026-07-30 19:02:11,558 [INFO] [Step 3460] Loss: 0.1553
2026-07-30 19:02:46,797 [INFO] Estimated Epoch: 17.09
2026-07-30 19:02:46,798 [INFO] [Step 3470] Loss: 0.1484
2026-07-30 19:03:21,953 [INFO] Estimated Epoch: 17.14
2026-07-30 19:03:21,953 [INFO] [Step 3480] Loss: 0.1230
2026-07-30 19:03:57,270 [INFO] Estimated Epoch: 17.19
2026-07-30 19:03:57,271 [INFO] [Step 3490] Loss: 0.1719
2026-07-30 19:04:32,261 [INFO] Estimated Epoch: 17.24
2026-07-30 19:04:32,262 [INFO] [Step 3500] Loss: 0.1768
2026-07-30 19:05:07,583 [INFO] Estimated Epoch: 17.29
2026-07-30 19:05:07,584 [INFO] [Step 3510] Loss: 0.1504
2026-07-30 19:05:42,845 [INFO] Estimated Epoch: 17.34
2026-07-30 19:05:42,845 [INFO] [Step 3520] Loss: 0.1855
2026-07-30 19:06:18,011 [INFO] Estimated Epoch: 17.39
2026-07-30 19:06:18,012 [INFO] [Step 3530] Loss: 0.1367
2026-07-30 19:06:53,099 [INFO] Estimated Epoch: 17.44
2026-07-30 19:06:53,099 [INFO] [Step 3540] Loss: 0.1270
2026-07-30 19:07:28,240 [INFO] Estimated Epoch: 17.49
2026-07-30 19:07:28,240 [INFO] [Step 3550] Loss: 0.1240
2026-07-30 19:08:03,070 [INFO] Estimated Epoch: 17.54
2026-07-30 19:08:03,071 [INFO] [Step 3560] Loss: 0.1465
2026-07-30 19:08:38,111 [INFO] Estimated Epoch: 17.59
2026-07-30 19:08:38,112 [INFO] [Step 3570] Loss: 0.1494
2026-07-30 19:09:13,319 [INFO] Estimated Epoch: 17.64
2026-07-30 19:09:13,320 [INFO] [Step 3580] Loss: 0.1494
2026-07-30 19:09:48,481 [INFO] Estimated Epoch: 17.68
2026-07-30 19:09:48,482 [INFO] [Step 3590] Loss: 0.1182
2026-07-30 19:10:23,608 [INFO] Estimated Epoch: 17.73
2026-07-30 19:10:23,614 [INFO] [Step 3600] Loss: 0.1367
2026-07-30 19:10:58,911 [INFO] Estimated Epoch: 17.78
2026-07-30 19:10:58,912 [INFO] [Step 3610] Loss: 0.1040
2026-07-30 19:10:58,914 [WARNING] Checkpoint directory /home/user/mujoco+evo/ckpt/evo1_mujoco_pickplace_stage1/step_best exists. Removing before overwrite.
2026-07-30 19:11:09,663 [INFO] [Rank 0] Saved checkpoint to /home/user/mujoco+evo/ckpt/evo1_mujoco_pickplace_stage1/step_best
2026-07-30 19:11:09,665 [INFO] Saved best checkpoint at step 3610 with loss 0.104004
2026-07-30 19:11:44,684 [INFO] Estimated Epoch: 17.83
2026-07-30 19:11:44,684 [INFO] [Step 3620] Loss: 0.1387
2026-07-30 19:12:19,792 [INFO] Estimated Epoch: 17.88
2026-07-30 19:12:19,793 [INFO] [Step 3630] Loss: 0.1465
2026-07-30 19:12:55,061 [INFO] Estimated Epoch: 17.93
2026-07-30 19:12:55,062 [INFO] [Step 3640] Loss: 0.1445
2026-07-30 19:13:30,139 [INFO] Estimated Epoch: 17.98
2026-07-30 19:13:30,140 [INFO] [Step 3650] Loss: 0.1172
2026-07-30 19:14:06,173 [INFO] Estimated Epoch: 18.03
2026-07-30 19:14:06,173 [INFO] [Step 3660] Loss: 0.1484
2026-07-30 19:14:41,757 [INFO] Estimated Epoch: 18.08
2026-07-30 19:14:41,757 [INFO] [Step 3670] Loss: 0.1543
2026-07-30 19:15:17,062 [INFO] Estimated Epoch: 18.13
2026-07-30 19:15:17,062 [INFO] [Step 3680] Loss: 0.1387
2026-07-30 19:15:52,687 [INFO] Estimated Epoch: 18.18
2026-07-30 19:15:52,688 [INFO] [Step 3690] Loss: 0.1240
2026-07-30 19:16:27,727 [INFO] Estimated Epoch: 18.23
2026-07-30 19:16:27,728 [INFO] [Step 3700] Loss: 0.1533
2026-07-30 19:17:03,050 [INFO] Estimated Epoch: 18.28
2026-07-30 19:17:03,051 [INFO] [Step 3710] Loss: 0.1318
2026-07-30 19:17:38,478 [INFO] Estimated Epoch: 18.33
2026-07-30 19:17:38,479 [INFO] [Step 3720] Loss: 0.1699
2026-07-30 19:18:13,538 [INFO] Estimated Epoch: 18.37
2026-07-30 19:18:13,538 [INFO] [Step 3730] Loss: 0.1445
2026-07-30 19:18:48,746 [INFO] Estimated Epoch: 18.42
2026-07-30 19:18:48,746 [INFO] [Step 3740] Loss: 0.1377
2026-07-30 19:19:24,075 [INFO] Estimated Epoch: 18.47
2026-07-30 19:19:24,076 [INFO] [Step 3750] Loss: 0.1377
2026-07-30 19:19:59,336 [INFO] Estimated Epoch: 18.52
2026-07-30 19:19:59,336 [INFO] [Step 3760] Loss: 0.1328
2026-07-30 19:20:34,996 [INFO] Estimated Epoch: 18.57
2026-07-30 19:20:34,996 [INFO] [Step 3770] Loss: 0.1045
2026-07-30 19:21:10,796 [INFO] Estimated Epoch: 18.62
2026-07-30 19:21:10,796 [INFO] [Step 3780] Loss: 0.1455
2026-07-30 19:21:46,327 [INFO] Estimated Epoch: 18.67
2026-07-30 19:21:46,328 [INFO] [Step 3790] Loss: 0.1387
2026-07-30 19:22:21,742 [INFO] Estimated Epoch: 18.72
2026-07-30 19:22:21,742 [INFO] [Step 3800] Loss: 0.1182
2026-07-30 19:22:57,089 [INFO] Estimated Epoch: 18.77
2026-07-30 19:22:57,090 [INFO] [Step 3810] Loss: 0.1396
2026-07-30 19:23:32,599 [INFO] Estimated Epoch: 18.82
2026-07-30 19:23:32,599 [INFO] [Step 3820] Loss: 0.1475
2026-07-30 19:24:07,787 [INFO] Estimated Epoch: 18.87
2026-07-30 19:24:07,787 [INFO] [Step 3830] Loss: 0.1523
2026-07-30 19:24:43,161 [INFO] Estimated Epoch: 18.92
2026-07-30 19:24:43,162 [INFO] [Step 3840] Loss: 0.1201
2026-07-30 19:25:18,236 [INFO] Estimated Epoch: 18.97
2026-07-30 19:25:18,236 [INFO] [Step 3850] Loss: 0.1572
2026-07-30 19:25:54,180 [INFO] Estimated Epoch: 19.01
2026-07-30 19:25:54,181 [INFO] [Step 3860] Loss: 0.1504
2026-07-30 19:26:29,692 [INFO] Estimated Epoch: 19.06
2026-07-30 19:26:29,692 [INFO] [Step 3870] Loss: 0.1357
2026-07-30 19:27:05,242 [INFO] Estimated Epoch: 19.11
2026-07-30 19:27:05,243 [INFO] [Step 3880] Loss: 0.1670
2026-07-30 19:27:40,777 [INFO] Estimated Epoch: 19.16
2026-07-30 19:27:40,778 [INFO] [Step 3890] Loss: 0.1387
2026-07-30 19:28:16,047 [INFO] Estimated Epoch: 19.21
2026-07-30 19:28:16,047 [INFO] [Step 3900] Loss: 0.1260
2026-07-30 19:28:51,816 [INFO] Estimated Epoch: 19.26
2026-07-30 19:28:51,817 [INFO] [Step 3910] Loss: 0.1426
2026-07-30 19:29:27,142 [INFO] Estimated Epoch: 19.31
2026-07-30 19:29:27,143 [INFO] [Step 3920] Loss: 0.1211
2026-07-30 19:29:37,647 [WARNING] Checkpoint directory /home/user/mujoco+evo/ckpt/evo1_mujoco_pickplace_stage1/step_best exists. Removing before overwrite.
2026-07-30 19:29:42,340 [INFO] [Rank 0] Saved checkpoint to /home/user/mujoco+evo/ckpt/evo1_mujoco_pickplace_stage1/step_best
2026-07-30 19:29:42,344 [INFO] Saved best checkpoint at step 3923 with loss 0.100586
2026-07-30 19:30:00,233 [WARNING] Checkpoint directory /home/user/mujoco+evo/ckpt/evo1_mujoco_pickplace_stage1/step_best exists. Removing before overwrite.
2026-07-30 19:30:04,349 [INFO] [Rank 0] Saved checkpoint to /home/user/mujoco+evo/ckpt/evo1_mujoco_pickplace_stage1/step_best
2026-07-30 19:30:04,350 [INFO] Saved best checkpoint at step 3928 with loss 0.097656
2026-07-30 19:30:11,402 [INFO] Estimated Epoch: 19.36
2026-07-30 19:30:11,403 [INFO] [Step 3930] Loss: 0.1367
2026-07-30 19:30:46,758 [INFO] Estimated Epoch: 19.41
2026-07-30 19:30:46,759 [INFO] [Step 3940] Loss: 0.1338
2026-07-30 19:31:22,153 [INFO] Estimated Epoch: 19.46
2026-07-30 19:31:22,154 [INFO] [Step 3950] Loss: 0.1328
2026-07-30 19:31:57,152 [INFO] Estimated Epoch: 19.51
2026-07-30 19:31:57,153 [INFO] [Step 3960] Loss: 0.1523
2026-07-30 19:32:32,523 [INFO] Estimated Epoch: 19.56
2026-07-30 19:32:32,523 [INFO] [Step 3970] Loss: 0.1260
2026-07-30 19:33:07,773 [INFO] Estimated Epoch: 19.61
2026-07-30 19:33:07,773 [INFO] [Step 3980] Loss: 0.1133
2026-07-30 19:33:43,136 [INFO] Estimated Epoch: 19.66
2026-07-30 19:33:43,136 [INFO] [Step 3990] Loss: 0.1230
2026-07-30 19:34:18,259 [INFO] Estimated Epoch: 19.70
2026-07-30 19:34:18,259 [INFO] [Step 4000] Loss: 0.1719
2026-07-30 19:34:53,717 [INFO] Estimated Epoch: 19.75
2026-07-30 19:34:53,718 [INFO] [Step 4010] Loss: 0.1240
2026-07-30 19:35:29,074 [INFO] Estimated Epoch: 19.80
2026-07-30 19:35:29,075 [INFO] [Step 4020] Loss: 0.1377
2026-07-30 19:36:04,235 [INFO] Estimated Epoch: 19.85
2026-07-30 19:36:04,236 [INFO] [Step 4030] Loss: 0.1299
2026-07-30 19:36:39,521 [INFO] Estimated Epoch: 19.90
2026-07-30 19:36:39,522 [INFO] [Step 4040] Loss: 0.1582
2026-07-30 19:37:14,964 [INFO] Estimated Epoch: 19.95
2026-07-30 19:37:14,965 [INFO] [Step 4050] Loss: 0.1328
2026-07-30 19:37:50,918 [INFO] Estimated Epoch: 20.00
2026-07-30 19:37:50,920 [INFO] [Step 4060] Loss: 0.1201
2026-07-30 19:38:26,066 [INFO] Estimated Epoch: 20.05
2026-07-30 19:38:26,066 [INFO] [Step 4070] Loss: 0.1172
2026-07-30 19:39:01,403 [INFO] Estimated Epoch: 20.10
2026-07-30 19:39:01,404 [INFO] [Step 4080] Loss: 0.1562
2026-07-30 19:39:36,865 [INFO] Estimated Epoch: 20.15
2026-07-30 19:39:36,865 [INFO] [Step 4090] Loss: 0.1719
2026-07-30 19:40:12,221 [INFO] Estimated Epoch: 20.20
2026-07-30 19:40:12,222 [INFO] [Step 4100] Loss: 0.1367
2026-07-30 19:40:47,267 [INFO] Estimated Epoch: 20.25
2026-07-30 19:40:47,267 [INFO] [Step 4110] Loss: 0.1299
2026-07-30 19:41:22,419 [INFO] Estimated Epoch: 20.30
2026-07-30 19:41:22,419 [INFO] [Step 4120] Loss: 0.1758
2026-07-30 19:41:57,524 [INFO] Estimated Epoch: 20.34
2026-07-30 19:41:57,525 [INFO] [Step 4130] Loss: 0.1123
2026-07-30 19:42:32,292 [INFO] Estimated Epoch: 20.39
2026-07-30 19:42:32,292 [INFO] [Step 4140] Loss: 0.1187
2026-07-30 19:43:07,644 [INFO] Estimated Epoch: 20.44
2026-07-30 19:43:07,645 [INFO] [Step 4150] Loss: 0.1406
2026-07-30 19:43:43,076 [INFO] Estimated Epoch: 20.49
2026-07-30 19:43:43,077 [INFO] [Step 4160] Loss: 0.1201
2026-07-30 19:44:18,179 [INFO] Estimated Epoch: 20.54
2026-07-30 19:44:18,179 [INFO] [Step 4170] Loss: 0.1191
2026-07-30 19:44:53,782 [INFO] Estimated Epoch: 20.59
2026-07-30 19:44:53,783 [INFO] [Step 4180] Loss: 0.1318
2026-07-30 19:45:29,050 [INFO] Estimated Epoch: 20.64
2026-07-30 19:45:29,051 [INFO] [Step 4190] Loss: 0.1172
2026-07-30 19:46:04,334 [INFO] Estimated Epoch: 20.69
2026-07-30 19:46:04,335 [INFO] [Step 4200] Loss: 0.1484
2026-07-30 19:46:39,491 [INFO] Estimated Epoch: 20.74
2026-07-30 19:46:39,492 [INFO] [Step 4210] Loss: 0.1494
2026-07-30 19:47:14,559 [INFO] Estimated Epoch: 20.79
2026-07-30 19:47:14,560 [INFO] [Step 4220] Loss: 0.1240
2026-07-30 19:47:49,782 [INFO] Estimated Epoch: 20.84
2026-07-30 19:47:49,782 [INFO] [Step 4230] Loss: 0.1387
2026-07-30 19:48:21,457 [WARNING] Checkpoint directory /home/user/mujoco+evo/ckpt/evo1_mujoco_pickplace_stage1/step_best exists. Removing before overwrite.
2026-07-30 19:48:25,476 [INFO] [Rank 0] Saved checkpoint to /home/user/mujoco+evo/ckpt/evo1_mujoco_pickplace_stage1/step_best
2026-07-30 19:48:25,478 [INFO] Saved best checkpoint at step 4239 with loss 0.086914
2026-07-30 19:48:29,058 [INFO] Estimated Epoch: 20.89
2026-07-30 19:48:29,059 [INFO] [Step 4240] Loss: 0.1270
2026-07-30 19:49:04,401 [INFO] Estimated Epoch: 20.94
2026-07-30 19:49:04,402 [INFO] [Step 4250] Loss: 0.1221
2026-07-30 19:49:39,436 [INFO] Estimated Epoch: 20.99
2026-07-30 19:49:39,436 [INFO] [Step 4260] Loss: 0.1543
2026-07-30 19:50:15,291 [INFO] Estimated Epoch: 21.03
2026-07-30 19:50:15,291 [INFO] [Step 4270] Loss: 0.1133
2026-07-30 19:50:50,800 [INFO] Estimated Epoch: 21.08
2026-07-30 19:50:50,801 [INFO] [Step 4280] Loss: 0.1182
2026-07-30 19:51:25,964 [INFO] Estimated Epoch: 21.13
2026-07-30 19:51:25,965 [INFO] [Step 4290] Loss: 0.1250
2026-07-30 19:52:01,373 [INFO] Estimated Epoch: 21.18
2026-07-30 19:52:01,374 [INFO] [Step 4300] Loss: 0.1416
2026-07-30 19:52:36,517 [INFO] Estimated Epoch: 21.23
2026-07-30 19:52:36,518 [INFO] [Step 4310] Loss: 0.1836
2026-07-30 19:53:11,811 [INFO] Estimated Epoch: 21.28
2026-07-30 19:53:11,812 [INFO] [Step 4320] Loss: 0.1328
2026-07-30 19:53:46,920 [INFO] Estimated Epoch: 21.33
2026-07-30 19:53:46,920 [INFO] [Step 4330] Loss: 0.1250
2026-07-30 19:54:21,991 [INFO] Estimated Epoch: 21.38
2026-07-30 19:54:21,991 [INFO] [Step 4340] Loss: 0.1289
2026-07-30 19:54:57,515 [INFO] Estimated Epoch: 21.43
2026-07-30 19:54:57,515 [INFO] [Step 4350] Loss: 0.1162
2026-07-30 19:55:32,454 [INFO] Estimated Epoch: 21.48
2026-07-30 19:55:32,454 [INFO] [Step 4360] Loss: 0.1099
2026-07-30 19:56:07,454 [INFO] Estimated Epoch: 21.53
2026-07-30 19:56:07,454 [INFO] [Step 4370] Loss: 0.1128
2026-07-30 19:56:43,065 [INFO] Estimated Epoch: 21.58
2026-07-30 19:56:43,066 [INFO] [Step 4380] Loss: 0.1279
2026-07-30 19:57:18,310 [INFO] Estimated Epoch: 21.63
2026-07-30 19:57:18,310 [INFO] [Step 4390] Loss: 0.1162
2026-07-30 19:57:53,419 [INFO] Estimated Epoch: 21.67
2026-07-30 19:57:53,420 [INFO] [Step 4400] Loss: 0.1299
2026-07-30 19:58:28,788 [INFO] Estimated Epoch: 21.72
2026-07-30 19:58:28,789 [INFO] [Step 4410] Loss: 0.1562
2026-07-30 19:59:04,104 [INFO] Estimated Epoch: 21.77
2026-07-30 19:59:04,105 [INFO] [Step 4420] Loss: 0.1289
2026-07-30 19:59:39,275 [INFO] Estimated Epoch: 21.82
2026-07-30 19:59:39,276 [INFO] [Step 4430] Loss: 0.1260
2026-07-30 20:00:14,410 [INFO] Estimated Epoch: 21.87
2026-07-30 20:00:14,410 [INFO] [Step 4440] Loss: 0.1680
2026-07-30 20:00:49,613 [INFO] Estimated Epoch: 21.92
2026-07-30 20:00:49,613 [INFO] [Step 4450] Loss: 0.1475
2026-07-30 20:01:24,832 [INFO] Estimated Epoch: 21.97
2026-07-30 20:01:24,833 [INFO] [Step 4460] Loss: 0.1230
2026-07-30 20:02:00,607 [INFO] Estimated Epoch: 22.02
2026-07-30 20:02:00,607 [INFO] [Step 4470] Loss: 0.1104
2026-07-30 20:02:36,072 [INFO] Estimated Epoch: 22.07
2026-07-30 20:02:36,073 [INFO] [Step 4480] Loss: 0.1338
2026-07-30 20:03:11,683 [INFO] Estimated Epoch: 22.12
2026-07-30 20:03:11,684 [INFO] [Step 4490] Loss: 0.1191
2026-07-30 20:03:46,817 [INFO] Estimated Epoch: 22.17
2026-07-30 20:03:46,818 [INFO] [Step 4500] Loss: 0.1396
2026-07-30 20:04:21,866 [INFO] Estimated Epoch: 22.22
2026-07-30 20:04:21,867 [INFO] [Step 4510] Loss: 0.1133
2026-07-30 20:04:57,221 [INFO] Estimated Epoch: 22.27
2026-07-30 20:04:57,222 [INFO] [Step 4520] Loss: 0.1318
2026-07-30 20:05:32,517 [INFO] Estimated Epoch: 22.32
2026-07-30 20:05:32,518 [INFO] [Step 4530] Loss: 0.1328
2026-07-30 20:06:07,494 [INFO] Estimated Epoch: 22.36
2026-07-30 20:06:07,495 [INFO] [Step 4540] Loss: 0.1191
2026-07-30 20:06:42,792 [INFO] Estimated Epoch: 22.41
2026-07-30 20:06:42,793 [INFO] [Step 4550] Loss: 0.1338
2026-07-30 20:07:18,089 [INFO] Estimated Epoch: 22.46
2026-07-30 20:07:18,090 [INFO] [Step 4560] Loss: 0.1133
2026-07-30 20:07:53,191 [INFO] Estimated Epoch: 22.51
2026-07-30 20:07:53,192 [INFO] [Step 4570] Loss: 0.1562
2026-07-30 20:08:28,283 [INFO] Estimated Epoch: 22.56
2026-07-30 20:08:28,283 [INFO] [Step 4580] Loss: 0.1348
2026-07-30 20:09:03,690 [INFO] Estimated Epoch: 22.61
2026-07-30 20:09:03,691 [INFO] [Step 4590] Loss: 0.1035
2026-07-30 20:09:38,874 [INFO] Estimated Epoch: 22.66
2026-07-30 20:09:38,875 [INFO] [Step 4600] Loss: 0.1270
2026-07-30 20:10:13,881 [INFO] Estimated Epoch: 22.71
2026-07-30 20:10:13,881 [INFO] [Step 4610] Loss: 0.0981
2026-07-30 20:10:49,138 [INFO] Estimated Epoch: 22.76
2026-07-30 20:10:49,139 [INFO] [Step 4620] Loss: 0.1494
2026-07-30 20:11:24,213 [INFO] Estimated Epoch: 22.81
2026-07-30 20:11:24,213 [INFO] [Step 4630] Loss: 0.1250
2026-07-30 20:11:59,207 [INFO] Estimated Epoch: 22.86
2026-07-30 20:11:59,207 [INFO] [Step 4640] Loss: 0.1738
2026-07-30 20:12:34,452 [INFO] Estimated Epoch: 22.91
2026-07-30 20:12:34,452 [INFO] [Step 4650] Loss: 0.1436
2026-07-30 20:13:10,057 [INFO] Estimated Epoch: 22.96
2026-07-30 20:13:10,058 [INFO] [Step 4660] Loss: 0.0889
2026-07-30 20:13:46,039 [INFO] Estimated Epoch: 23.00
2026-07-30 20:13:46,039 [INFO] [Step 4670] Loss: 0.1396
2026-07-30 20:14:21,210 [INFO] Estimated Epoch: 23.05
2026-07-30 20:14:21,211 [INFO] [Step 4680] Loss: 0.1309
2026-07-30 20:14:56,377 [INFO] Estimated Epoch: 23.10
2026-07-30 20:14:56,378 [INFO] [Step 4690] Loss: 0.1221
2026-07-30 20:15:31,577 [INFO] Estimated Epoch: 23.15
2026-07-30 20:15:31,578 [INFO] [Step 4700] Loss: 0.1152
2026-07-30 20:16:07,123 [INFO] Estimated Epoch: 23.20
2026-07-30 20:16:07,123 [INFO] [Step 4710] Loss: 0.1162
2026-07-30 20:16:42,434 [INFO] Estimated Epoch: 23.25
2026-07-30 20:16:42,435 [INFO] [Step 4720] Loss: 0.1143
2026-07-30 20:17:17,785 [INFO] Estimated Epoch: 23.30
2026-07-30 20:17:17,785 [INFO] [Step 4730] Loss: 0.1250
2026-07-30 20:17:52,979 [INFO] Estimated Epoch: 23.35
2026-07-30 20:17:52,979 [INFO] [Step 4740] Loss: 0.1289
2026-07-30 20:18:28,087 [INFO] Estimated Epoch: 23.40
2026-07-30 20:18:28,088 [INFO] [Step 4750] Loss: 0.1533
2026-07-30 20:19:03,688 [INFO] Estimated Epoch: 23.45
2026-07-30 20:19:03,690 [INFO] [Step 4760] Loss: 0.1133
2026-07-30 20:19:38,615 [INFO] Estimated Epoch: 23.50
2026-07-30 20:19:38,616 [INFO] [Step 4770] Loss: 0.1406
2026-07-30 20:20:13,528 [INFO] Estimated Epoch: 23.55
2026-07-30 20:20:13,529 [INFO] [Step 4780] Loss: 0.1221
2026-07-30 20:20:48,786 [INFO] Estimated Epoch: 23.60
2026-07-30 20:20:48,786 [INFO] [Step 4790] Loss: 0.1289
2026-07-30 20:21:23,925 [INFO] Estimated Epoch: 23.65
2026-07-30 20:21:23,926 [INFO] [Step 4800] Loss: 0.1270
2026-07-30 20:21:59,072 [INFO] Estimated Epoch: 23.69
2026-07-30 20:21:59,072 [INFO] [Step 4810] Loss: 0.1357
2026-07-30 20:22:34,145 [INFO] Estimated Epoch: 23.74
2026-07-30 20:22:34,146 [INFO] [Step 4820] Loss: 0.1133
2026-07-30 20:23:09,517 [INFO] Estimated Epoch: 23.79
2026-07-30 20:23:09,517 [INFO] [Step 4830] Loss: 0.1660
2026-07-30 20:23:44,756 [INFO] Estimated Epoch: 23.84
2026-07-30 20:23:44,756 [INFO] [Step 4840] Loss: 0.1221
2026-07-30 20:24:19,559 [INFO] Estimated Epoch: 23.89
2026-07-30 20:24:19,559 [INFO] [Step 4850] Loss: 0.1245
2026-07-30 20:24:54,833 [INFO] Estimated Epoch: 23.94
2026-07-30 20:24:54,833 [INFO] [Step 4860] Loss: 0.1543
2026-07-30 20:25:29,896 [INFO] Estimated Epoch: 23.99
2026-07-30 20:25:29,897 [INFO] [Step 4870] Loss: 0.1250
2026-07-30 20:26:05,914 [INFO] Estimated Epoch: 24.04
2026-07-30 20:26:05,915 [INFO] [Step 4880] Loss: 0.1455
2026-07-30 20:26:41,118 [INFO] Estimated Epoch: 24.09
2026-07-30 20:26:41,119 [INFO] [Step 4890] Loss: 0.1426
2026-07-30 20:27:16,442 [INFO] Estimated Epoch: 24.14
2026-07-30 20:27:16,443 [INFO] [Step 4900] Loss: 0.1157
2026-07-30 20:27:51,775 [INFO] Estimated Epoch: 24.19
2026-07-30 20:27:51,776 [INFO] [Step 4910] Loss: 0.1494
2026-07-30 20:28:27,315 [INFO] Estimated Epoch: 24.24
2026-07-30 20:28:27,315 [INFO] [Step 4920] Loss: 0.1084
2026-07-30 20:29:02,404 [INFO] Estimated Epoch: 24.29
2026-07-30 20:29:02,404 [INFO] [Step 4930] Loss: 0.1416
2026-07-30 20:29:37,742 [INFO] Estimated Epoch: 24.33
2026-07-30 20:29:37,743 [INFO] [Step 4940] Loss: 0.1328
2026-07-30 20:30:12,967 [INFO] Estimated Epoch: 24.38
2026-07-30 20:30:12,968 [INFO] [Step 4950] Loss: 0.1348
2026-07-30 20:30:48,414 [INFO] Estimated Epoch: 24.43
2026-07-30 20:30:48,414 [INFO] [Step 4960] Loss: 0.1069
2026-07-30 20:31:23,612 [INFO] Estimated Epoch: 24.48
2026-07-30 20:31:23,612 [INFO] [Step 4970] Loss: 0.1475
2026-07-30 20:31:58,802 [INFO] Estimated Epoch: 24.53
2026-07-30 20:31:58,803 [INFO] [Step 4980] Loss: 0.1270
2026-07-30 20:32:33,907 [INFO] Estimated Epoch: 24.58
2026-07-30 20:32:33,908 [INFO] [Step 4990] Loss: 0.1328
2026-07-30 20:33:09,697 [INFO] [Rank 0] Saved checkpoint to /home/user/mujoco+evo/ckpt/evo1_mujoco_pickplace_stage1/step_5000
2026-07-30 20:33:13,798 [INFO] [Rank 0] Saved checkpoint to /home/user/mujoco+evo/ckpt/evo1_mujoco_pickplace_stage1/step_final
2026-07-30 20:33:13,799 [INFO] Final model saved to step_final/
2026-07-30 20:33:13,799 [INFO] Best checkpoint saved to step_best/ with loss 0.086914
